appid,developer_group,split
2850,0,train
4850,1,train
8790,2,train
8850,3,train
10220,6,train
23530,7,train
27920,9,train
28000,10,train
33220,12,train
35480,16,train
38170,18,train
41680,20,train
42170,21,train
44690,2,train
45200,24,train
47790,27,train
48240,28,train
50000,29,train
50920,30,train
50930,30,train
50960,30,train
55100,3,train
61600,34,train
73010,36,train
80360,38,train
92900,39,train
105100,42,train
105800,43,train
110630,46,train
115320,48,train
116100,49,train
200370,52,train
201420,53,train
202200,54,train
202410,55,train
204220,56,train
204300,57,train
205070,58,train
205080,58,train
208400,60,train
209610,62,train
211780,64,train
212780,67,train
213670,68,train
215550,71,train
217290,72,train
219200,74,train
220700,76,train
222420,7,train
223220,78,train
225260,82,train
226620,83,train
228320,86,train
229480,87,train
229890,89,train
230070,90,train
230980,92,train
233470,94,train
234490,95,train
235600,12,train
241260,99,train
243470,100,train
245390,104,train
247310,107,train
249050,108,train
250260,110,train
252170,111,train
252230,112,train
253350,113,train
253610,114,train
255390,116,train
256030,117,train
256460,118,train
257670,7,train
257750,120,train
257990,121,train
259890,39,train
259980,7,train
260060,7,train
260570,127,train
261110,128,train
262470,129,train
262870,130,train
262980,131,train
263960,135,train
264460,137,train
265870,138,train
266130,139,train
267360,140,train
268400,141,train
268520,142,train
269110,143,train
269690,145,train
270270,147,train
272040,42,train
272230,150,train
273500,151,train
273590,152,train
273600,153,train
274350,135,train
274480,72,train
274700,155,train
276870,158,train
277540,159,train
277630,160,train
278080,7,train
278590,161,train
280140,162,train
281350,164,train
281390,165,train
285190,170,train
285480,171,train
285670,172,train
286460,173,train
286790,174,train
287700,7,train
288040,175,train
288260,176,train
289060,178,train
290020,180,train
290490,182,train
291390,186,train
291610,187,train
292480,192,train
294730,200,train
295250,201,train
295610,202,train
295870,203,train
296280,205,train
296490,206,train
296970,207,train
300260,211,train
300340,212,train
300620,213,train
302670,215,train
303790,218,train
304650,219,train
305380,220,train
305920,222,train
305940,223,train
307980,229,train
310970,232,train
312520,234,train
312560,235,train
313330,236,train
313500,237,train
313620,238,train
314300,241,train
314350,242,train
315070,243,train
316740,246,train
318600,250,train
322170,255,train
322680,256,train
322900,258,train
323190,111,train
323280,260,train
323380,261,train
323450,262,train
327920,264,train
329480,267,train
329650,268,train
331200,271,train
331390,272,train
333760,277,train
334410,280,train
334560,282,train
335010,283,train
335200,284,train
335920,285,train
336220,287,train
337040,289,train
338050,293,train
338060,294,train
338260,295,train
338390,218,train
340270,299,train
340720,301,train
341540,304,train
341930,306,train
344230,310,train
344820,312,train
344960,314,train
345430,316,train
345440,317,train
345580,172,train
346160,320,train
347250,264,train
348550,7,train
351090,329,train
352220,331,train
353110,260,train
354970,336,train
355020,337,train
355650,338,train
355680,339,train
356280,343,train
356910,7,train
359040,348,train
359070,349,train
361020,353,train
361110,354,train
361990,358,train
362380,359,train
363200,361,train
363440,362,train
364720,363,train
364800,364,train
365240,365,train
366230,7,train
366510,367,train
368340,368,train
368500,370,train
368970,372,train
369080,374,train
370700,377,train
371400,379,train
371450,380,train
372570,382,train
372720,383,train
373120,384,train
373440,385,train
373880,386,train
373990,388,train
374080,7,train
374520,28,train
377060,392,train
379990,394,train
380650,396,train
381010,397,train
381210,398,train
381610,7,train
381910,402,train
382560,404,train
383590,405,train
384000,406,train
384010,407,train
384630,409,train
385410,412,train
385600,413,train
385830,415,train
385960,416,train
386080,417,train
386260,418,train
388430,423,train
389470,427,train
389690,428,train
390890,430,train
391380,431,train
392920,434,train
394600,7,train
396260,438,train
397730,441,train
397960,442,train
399230,443,train
399260,444,train
400200,445,train
400750,215,train
400940,446,train
401290,448,train
401360,449,train
401680,450,train
401690,147,train
403070,454,train
403230,455,train
405640,458,train
406080,459,train
406150,461,train
407310,463,train
408400,467,train
409610,471,train
413420,7,train
414080,477,train
414770,478,train
416210,481,train
417400,483,train
418620,487,train
420970,488,train
421120,490,train
423580,492,train
423730,493,train
423870,494,train
425340,495,train
425870,497,train
426050,499,train
427190,362,train
427410,500,train
427490,329,train
427780,502,train
428460,504,train
428550,505,train
428920,507,train
429390,510,train
430240,512,train
430300,513,train
431260,514,train
432250,515,train
433000,516,train
433890,517,train
434220,519,train
434680,522,train
435000,526,train
435480,529,train
436360,531,train
436530,532,train
437000,7,train
439490,536,train
442860,542,train
444180,545,train
444590,546,train
445220,548,train
445670,550,train
446020,551,train
446620,7,train
446640,552,train
447990,554,train
448690,283,train
449820,563,train
451800,567,train
451900,568,train
453700,570,train
454420,572,train
454520,573,train
455190,575,train
455960,575,train
456760,578,train
457010,580,train
457690,583,train
458230,584,train
458420,377,train
460210,587,train
460540,589,train
460580,590,train
461280,593,train
462580,595,train
463130,597,train
464450,7,train
464630,600,train
464650,601,train
465750,606,train
466070,609,train
466160,610,train
466630,612,train
467810,613,train
467950,614,train
468320,616,train
469820,617,train
470210,618,train
470280,619,train
473480,616,train
474890,623,train
475190,624,train
479170,627,train
479180,628,train
480650,629,train
482210,630,train
483960,631,train
483980,632,train
485340,633,train
485370,634,train
485880,636,train
486410,637,train
486860,638,train
486990,639,train
489220,645,train
489720,646,train
490370,648,train
490910,650,train
491830,653,train
494100,657,train
494450,658,train
496390,662,train
496440,663,train
497000,664,train
497720,665,train
497850,666,train
497950,668,train
498320,669,train
500480,671,train
500800,673,train
502120,674,train
502400,675,train
502880,677,train
503060,679,train
503240,680,train
503690,7,train
504430,684,train
504450,685,train
504850,687,train
506480,689,train
506730,690,train
508790,692,train
509170,693,train
509450,694,train
510080,697,train
511380,698,train
511740,7,train
512230,699,train
512460,701,train
512490,702,train
512700,703,train
512890,704,train
514090,707,train
514130,264,train
516440,711,train
517340,714,train
517400,716,train
517710,717,train
518620,718,train
519990,719,train
520930,723,train
521140,724,train
521210,725,train
521230,726,train
521430,727,train
521510,728,train
522250,731,train
524540,734,train
524560,734,train
524690,735,train
525040,362,train
527790,740,train
527930,609,train
528660,614,train
529490,744,train
529500,745,train
529660,748,train
529950,749,train
530110,751,train
530540,753,train
530890,754,train
532740,757,train
532750,758,train
533300,760,train
533580,761,train
533630,762,train
534720,765,train
535000,766,train
536220,770,train
537050,772,train
537760,773,train
539560,774,train
540690,776,train
542720,616,train
542820,780,train
543110,782,train
543460,7,train
544680,786,train
545490,788,train
545620,789,train
546110,7,train
546820,792,train
546990,793,train
548090,427,train
548360,795,train
548370,796,train
548680,797,train
550840,799,train
552210,7,train
552300,7,train
552610,804,train
553050,806,train
553150,807,train
553530,809,train
556090,813,train
556280,614,train
556710,814,train
557040,104,train
558660,816,train
559300,817,train
559610,818,train
559960,819,train
560180,820,train
560720,821,train
561480,823,train
562250,824,train
562640,645,train
563320,827,train
563680,829,train
564210,831,train
564720,832,train
570230,839,train
570340,840,train
570600,841,train
573040,843,train
573110,844,train
573120,845,train
573610,7,train
574590,849,train
574920,850,train
575430,852,train
575480,853,train
575570,854,train
575600,855,train
575860,645,train
576120,856,train
576620,859,train
577000,860,train
577290,861,train
577740,862,train
578670,863,train
579180,235,train
579980,868,train
580060,869,train
580540,870,train
580870,871,train
581360,873,train
581630,874,train
582360,875,train
582550,877,train
583500,879,train
583570,881,train
583760,614,train
584600,882,train
586140,7,train
586770,884,train
588040,885,train
588800,887,train
589170,888,train
589360,889,train
591140,890,train
592030,892,train
592730,894,train
593070,895,train
593260,896,train
593720,897,train
594950,899,train
595130,160,train
596270,901,train
596500,7,train
598500,905,train
598550,906,train
599460,908,train
599750,910,train
599800,911,train
600290,915,train
600510,916,train
600550,917,train
602080,918,train
602700,920,train
603280,923,train
603730,925,train
604770,927,train
605920,929,train
606510,631,train
606670,930,train
606960,931,train
608800,933,train
610250,936,train
610360,760,train
611060,939,train
611860,941,train
613670,943,train
614140,944,train
614260,945,train
614700,7,train
615700,948,train
615970,949,train
616490,950,train
616680,951,train
616750,888,train
617710,952,train
618650,953,train
618970,955,train
619480,956,train
620710,959,train
622880,963,train
623360,965,train
623700,966,train
623810,967,train
624990,968,train
626640,516,train
628040,7,train
628450,973,train
628660,7,train
628950,974,train
629810,975,train
631510,7,train
633930,979,train
635410,980,train
635590,981,train
637040,984,train
637880,985,train
638260,988,train
639920,991,train
643810,993,train
644390,7,train
644890,997,train
650510,7,train
651670,7,train
652700,1001,train
654770,1006,train
654890,1007,train
655770,1008,train
656510,1011,train
656890,975,train
656940,1013,train
657070,1014,train
657400,1015,train
657590,1016,train
658260,7,train
658700,1019,train
658790,1020,train
658830,1021,train
661270,1027,train
661360,1028,train
663080,1031,train
663140,1033,train
664060,1035,train
664160,1037,train
664850,7,train
666040,1040,train
666060,1041,train
667410,1048,train
667840,1051,train
667930,1052,train
668550,1054,train
668590,1055,train
670430,1060,train
670750,1062,train
671370,1063,train
671860,1064,train
671920,1065,train
672050,1066,train
672150,1067,train
672230,1068,train
672630,1069,train
674750,121,train
675720,1072,train
676620,1076,train
678190,1081,train
679750,1085,train
680240,1086,train
680890,1088,train
681480,1091,train
681580,1093,train
682080,1094,train
682100,1095,train
682140,1096,train
682530,1098,train
682730,1099,train
683600,7,train
683770,1100,train
683830,1102,train
684680,1105,train
685770,1106,train
688200,1107,train
689350,1109,train
690130,1110,train
690260,1111,train
690570,1112,train
691420,1113,train
692840,1116,train
693070,1117,train
693950,1118,train
694140,1120,train
694240,1117,train
694420,1121,train
694660,1122,train
695650,1123,train
696560,1126,train
697870,1127,train
698040,1128,train
698520,1132,train
698610,997,train
699410,1133,train
699860,606,train
700360,1134,train
700600,1135,train
700750,1136,train
701720,1137,train
702900,1138,train
702930,1139,train
703540,1140,train
703960,1141,train
705020,1142,train
705550,1143,train
706490,1146,train
708430,1147,train
710190,1151,train
710220,1152,train
711140,1154,train
711230,1155,train
711480,1157,train
712810,1159,train
713090,1160,train
714730,1164,train
715210,1165,train
716090,1166,train
716380,1168,train
716650,1171,train
716940,1172,train
717540,1173,train
719470,1178,train
719590,1179,train
719740,1180,train
722570,1184,train
722990,1185,train
723940,988,train
725380,1189,train
725950,1191,train
727420,1198,train
727760,1200,train
728620,1202,train
729040,1203,train
729530,1206,train
730050,1208,train
730580,868,train
731510,1211,train
732480,1214,train
733250,1216,train
733550,1217,train
734080,1121,train
736480,1222,train
737050,1224,train
737380,1225,train
737980,1226,train
738440,1228,train
738610,1230,train
738900,1232,train
739190,1234,train
739890,1236,train
740200,1237,train
740290,1239,train
740600,1240,train
741100,1241,train
742230,1243,train
744420,1147,train
744720,1245,train
745620,1246,train
745810,1248,train
746510,1250,train
747340,1252,train
748330,1255,train
748670,1258,train
748720,1258,train
748730,7,train
749130,1259,train
750460,1264,train
750500,1265,train
754150,1272,train
754340,1273,train
754530,1274,train
755500,7,train
755530,1275,train
756500,1278,train
757180,1279,train
757430,1280,train
758120,1283,train
758250,1284,train
758370,1285,train
758590,1286,train
759610,1287,train
759650,1288,train
760010,1289,train
760060,1290,train
760350,1109,train
760560,1291,train
760900,1292,train
761670,631,train
762030,1293,train
762480,1294,train
762840,1295,train
764110,1298,train
764720,1300,train
764880,1301,train
765240,1303,train
766150,1307,train
768130,1309,train
769540,1310,train
770660,1313,train
771920,1317,train
773510,1320,train
773951,1322,train
774351,1324,train
774551,1325,train
777670,1332,train
778250,1334,train
778930,1336,train
779570,1341,train
779920,1342,train
779960,1343,train
781950,1346,train
782020,7,train
785560,1349,train
785870,1350,train
787040,1355,train
787850,1356,train
788250,1358,train
788330,1359,train
788960,1360,train
790030,1363,train
790820,1364,train
791800,1366,train
793080,1368,train
794530,1369,train
794580,7,train
796080,988,train
798490,1376,train
798830,1378,train
799640,1382,train
799870,1383,train
800130,1384,train
801800,1135,train
802120,1389,train
802210,1391,train
803330,78,train
803390,1109,train
803720,1394,train
804430,1395,train
804440,1137,train
804600,1016,train
804700,1396,train
805010,897,train
805090,1341,train
805980,1399,train
806600,1401,train
806740,1402,train
807870,1404,train
809470,1408,train
810060,1413,train
810450,1415,train
811320,1417,train
811870,877,train
811880,1418,train
812770,905,train
814000,7,train
817160,443,train
818800,1430,train
819020,7,train
819660,1431,train
819880,1432,train
821100,1435,train
823510,1440,train
823690,1441,train
823920,1291,train
824550,1442,train
824720,1443,train
824770,1444,train
825500,1447,train
825620,1448,train
826550,1258,train
827330,648,train
829260,1453,train
830510,1440,train
831110,1457,train
832420,854,train
832690,1458,train
833510,1459,train
834150,1460,train
834420,1461,train
834580,1462,train
835130,1463,train
836850,1466,train
838740,988,train
839260,1147,train
839630,1470,train
840180,1472,train
840390,1473,train
840810,1474,train
843790,1481,train
844020,1482,train
844260,1484,train
845480,1486,train
845940,1489,train
846220,1490,train
846770,1492,train
847310,734,train
847390,1493,train
847660,1494,train
847780,1496,train
848350,1497,train
849166,170,train
849186,170,train
849630,1499,train
851250,1502,train
852310,1505,train
854400,1506,train
854680,1508,train
855620,1510,train
857140,1514,train
858050,1516,train
858560,1517,train
858730,1518,train
858760,1519,train
859510,1520,train
860260,1521,train
860440,1522,train
860590,1523,train
861540,1525,train
864100,348,train
864310,1537,train
864740,1539,train
865030,1540,train
865190,727,train
865870,1542,train
867700,1546,train
868910,1547,train
869470,1548,train
871390,1551,train
872310,1555,train
872360,1556,train
874400,690,train
875310,1560,train
875500,1563,train
875520,1564,train
876840,1568,train
876880,950,train
878710,1570,train
878780,1147,train
879110,1571,train
880780,1147,train
881690,1576,train
882040,1577,train
882630,1579,train
882670,1580,train
882700,1581,train
884070,1584,train
888640,1587,train
888710,1588,train
889990,1589,train
890032,170,train
890200,1590,train
890310,1591,train
891290,1592,train
891310,1593,train
892200,1596,train
892990,1597,train
893020,1598,train
893350,1599,train
894540,1603,train
894730,1604,train
894750,1605,train
895870,1609,train
896110,1604,train
896440,1612,train
896570,1613,train
899970,1622,train
903310,1624,train
904130,1626,train
904640,1627,train
904990,1494,train
906310,1629,train
907620,1631,train
908230,1137,train
908950,1635,train
909750,1636,train
910200,1016,train
910540,1638,train
910750,1639,train
910860,1640,train
911230,1641,train
911280,1642,train
912120,1644,train
912390,1645,train
915160,1147,train
916840,1651,train
921660,1654,train
922170,1656,train
925470,1659,train
926110,1660,train
928000,1661,train
930150,1663,train
931360,1016,train
933230,1546,train
934920,1668,train
935070,1206,train
936770,1670,train
938000,1016,train
939100,94,train
940800,1674,train
941160,1676,train
941980,1384,train
942060,1679,train
942370,1680,train
943140,1682,train
943380,1683,train
946010,1685,train
946610,1686,train
949820,1689,train
949840,1690,train
951030,1692,train
952060,7,train
953150,1697,train
953550,1699,train
955320,1701,train
955640,1704,train
956310,1705,train
956400,965,train
958690,1709,train
959730,1710,train
960190,1712,train
960240,888,train
960680,1713,train
961240,1714,train
962290,1716,train
963470,1718,train
963660,1137,train
963720,1720,train
964460,1722,train
965030,1631,train
965120,1723,train
965510,1724,train
965590,1725,train
965620,1725,train
966000,1727,train
967240,7,train
968410,1731,train
969530,1735,train
974060,1742,train
975680,7,train
976700,1746,train
977230,1747,train
979390,1750,train
979620,1752,train
981060,1754,train
982220,180,train
985070,442,train
985600,1761,train
985640,1604,train
985710,1762,train
987670,699,train
987810,1766,train
987950,1767,train
988330,1769,train
988910,1770,train
989160,1771,train
989370,1772,train
989430,1774,train
989750,1775,train
989790,1777,train
989860,1778,train
990110,1493,train
991270,235,train
992740,1780,train
994310,1783,train
994900,1784,train
995270,1785,train
997170,936,train
998480,1631,train
1000550,1291,train
1000760,1791,train
1001140,1792,train
1002520,1795,train
1002540,1796,train
1004230,1798,train
1005250,1800,train
1005530,1801,train
1006450,1802,train
1007050,1804,train
1007080,1631,train
1009770,1808,train
1010240,1809,train
1011030,1812,train
1011310,1813,train
1011720,1815,train
1011820,1816,train
1011830,1817,train
1012210,1818,train
1012290,1820,train
1012360,1821,train
1012450,1822,train
1012720,1670,train
1012790,1823,train
1013280,1825,train
1013600,1827,train
1013960,1828,train
1014260,1830,train
1014590,1831,train
1016030,1833,train
1016960,1836,train
1017240,1118,train
1018110,1838,train
1019240,1631,train
1019720,1841,train
1020030,1842,train
1020450,1843,train
1021100,1845,train
1023370,1849,train
1023510,1851,train
1023650,1853,train
1024430,1854,train
1025140,1856,train
1025480,1857,train
1025540,606,train
1026610,1860,train
1026810,1861,train
1027550,1862,train
1027700,1863,train
1029150,734,train
1029540,1867,train
1029760,1868,train
1030190,988,train
1030770,1870,train
1031260,1871,train
1031560,1873,train
1031660,1874,train
1032510,1875,train
1032650,1877,train
1032700,1878,train
1032730,1879,train
1034140,1885,train
1034270,442,train
1035270,1892,train
1036700,1895,train
1037100,1898,train
1037140,1899,train
1039560,1604,train
1039890,1904,train
1040420,1905,train
1041660,1906,train
1042550,7,train
1042780,1909,train
1042920,1910,train
1043020,1911,train
1043510,1912,train
1043810,1914,train
1044070,1915,train
1045120,1918,train
1045620,7,train
1048160,1922,train
1048300,1923,train
1048560,1924,train
1049280,490,train
1049910,1927,train
1051320,1928,train
1051330,1928,train
1051410,1929,train
1052040,1930,train
1052090,1137,train
1052850,1932,train
1053660,1933,train
1053720,1934,train
1054350,1935,train
1054500,1936,train
1055280,1938,train
1055990,1939,train
1058680,1944,train
1059150,1946,train
1060600,1949,train
1061220,1952,train
1061300,1933,train
1062140,1957,train
1063050,1958,train
1063800,1959,train
1063820,1960,train
1065410,1962,train
1069460,1969,train
1070440,1971,train
1071800,7,train
1072040,141,train
1072120,1976,train
1072480,1979,train
1072600,1980,train
1073080,1981,train
1073370,1982,train
1073610,1983,train
1074180,1985,train
1074390,1986,train
1076720,1989,train
1077520,1991,train
1078510,1994,train
1078920,1995,train
1079430,1996,train
1079630,1997,train
1079790,1998,train
1079910,2000,train
1080010,2001,train
1081190,2005,train
1081510,2007,train
1081540,2008,train
1082650,2011,train
1082970,2012,train
1083210,2013,train
1083460,2014,train
1085540,2016,train
1085820,2017,train
1087910,428,train
1088060,2023,train
1089600,1514,train
1090250,2025,train
1090560,2026,train
1091090,2027,train
1091390,2028,train
1091400,2029,train
1091460,2030,train
1094520,2032,train
1094730,2033,train
1095290,2035,train
1095590,2036,train
1095750,2037,train
1097240,301,train
1097370,2042,train
1098910,2046,train
1098940,7,train
1099410,170,train
1100210,2047,train
1101310,2050,train
1101770,2052,train
1101930,2053,train
1101980,2054,train
1102130,2056,train
1103100,2060,train
1104910,2062,train
1104960,2063,train
1105490,1938,train
1105730,2064,train
1106150,2065,train
1106920,2068,train
1109080,2073,train
1109550,2074,train
1110460,2076,train
1111770,2078,train
1113210,1408,train
1114950,2085,train
1116350,2088,train
1117490,2093,train
1121270,1366,train
1122110,1287,train
1122150,2096,train
1122440,2097,train
1122690,2098,train
1122870,2100,train
1123030,2101,train
1123610,2102,train
1123870,159,train
1123970,2104,train
1124190,634,train
1124270,2105,train
1125130,2108,train
1127400,2112,train
1127660,2113,train
1128330,2116,train
1129690,2120,train
1131570,2122,train
1131670,2123,train
1131790,2125,train
1131900,2126,train
1133250,2129,train
1133540,2130,train
1134020,2131,train
1134200,2132,train
1136770,2134,train
1138640,2136,train
1140790,2141,train
1141280,2144,train
1141360,2145,train
1141930,2146,train
1142100,2148,train
1142760,2151,train
1145950,2158,train
1145970,2159,train
1146210,2161,train
1146560,2162,train
1147950,1580,train
1149460,2168,train
1149550,2169,train
1149660,2171,train
1150070,1546,train
1150760,348,train
1151090,2172,train
1152890,2175,train
1153930,2177,train
1154720,2178,train
1155480,2179,train
1156380,2180,train
1156670,2182,train
1157340,2184,train
1158850,7,train
1159560,417,train
1161120,2188,train
1161440,2191,train
1162650,2193,train
1163100,2195,train
1163730,2196,train
1164470,2197,train
1164760,2198,train
1165230,2199,train
1166000,2203,train
1166580,2204,train
1167170,2205,train
1169640,2208,train
1170250,2209,train
1173110,2214,train
1174120,2216,train
1174390,2218,train
1174500,1278,train
1175150,2219,train
1175330,2220,train
1175540,2221,train
1176160,2222,train
1176590,262,train
1177100,2224,train
1178790,7,train
1180700,2216,train
1183480,2233,train
1183500,2234,train
1184640,459,train
1185360,2238,train
1185500,2239,train
1185680,2241,train
1186270,2243,train
1186630,2244,train
1186650,2245,train
1187250,2246,train
1188990,2250,train
1189070,2251,train
1189800,2253,train
1190910,2255,train
1191690,7,train
1192060,2256,train
1192270,965,train
1193380,2257,train
1193730,2258,train
1194490,2260,train
1194590,2261,train
1194720,2262,train
1195170,1670,train
1196400,988,train
1197620,2267,train
1199660,2274,train
1200400,1631,train
1200430,2277,train
1200580,2278,train
1200730,2279,train
1200900,2281,train
1201000,2283,train
1201380,2285,train
1201450,2286,train
1201770,2287,train
1201930,2290,train
1202240,2291,train
1204370,2292,train
1204630,1415,train
1204750,2294,train
1205160,2295,train
1205590,2296,train
1206040,2297,train
1206590,2298,train
1207030,2300,train
1210610,2305,train
1211490,1291,train
1213070,2308,train
1213150,2309,train
1214400,2311,train
1215260,2314,train
1215350,2315,train
1217310,2321,train
1218200,2286,train
1218680,2324,train
1218770,2325,train
1220600,2330,train
1223880,2334,train
1225040,2336,train
1227570,2339,train
1228700,2340,train
1229720,2342,train
1229880,7,train
1230650,2343,train
1230800,2344,train
1231560,2346,train
1231570,2347,train
1231810,2325,train
1232460,2349,train
1232570,2350,train
1233120,2353,train
1234700,2354,train
1235090,2355,train
1235110,2356,train
1235800,2358,train
1236100,2360,train
1236810,2361,train
1237880,2366,train
1238060,2367,train
1238400,2369,train
1238980,795,train
1239740,2372,train
1241050,2373,train
1241690,2374,train
1242820,2376,train
1243420,2379,train
1244050,2380,train
1244090,2381,train
1245000,2382,train
1245080,2383,train
1245630,2384,train
1245920,2385,train
1247730,2386,train
1248080,2387,train
1248960,2389,train
1249680,2390,train
1249730,2391,train
1250350,2393,train
1251130,2394,train
1251270,2395,train
1251410,1831,train
1252300,2397,train
1253240,2400,train
1253760,2401,train
1255870,1588,train
1256550,2408,train
1256870,2409,train
1257920,2411,train
1257940,2412,train
1258930,2414,train
1259470,2416,train
1261430,2420,train
1261990,2422,train
1262380,2423,train
1262580,2424,train
1264590,2427,train
1264630,2428,train
1264850,2429,train
1266400,2430,train
1267410,2433,train
1267670,2435,train
1268900,7,train
1269110,2437,train
1270080,2438,train
1271420,7,train
1271910,2442,train
1272130,2443,train
1274990,2448,train
1275550,2449,train
1275790,2450,train
1275880,2451,train
1275890,2452,train
1276740,2453,train
1277320,7,train
1277400,7,train
1278150,2454,train
1278200,2455,train
1280270,2459,train
1281040,2461,train
1281920,2463,train
1282360,2464,train
1283230,2465,train
1283800,2468,train
1283820,2469,train
1284730,2475,train
1285310,2478,train
1285960,2479,train
1285970,2480,train
1286150,2482,train
1286160,1137,train
1287790,2485,train
1288300,2486,train
1288420,2487,train
1288940,2489,train
1289340,2490,train
1290880,2493,train
1291310,2496,train
1291540,2497,train
1292560,2500,train
1292700,2501,train
1293230,2502,train
1294160,2503,train
1294340,2504,train
1295760,2506,train
1296410,2507,train
1298540,2509,train
1299290,2511,train
1299890,2512,train
1300580,2514,train
1302310,2518,train
1302700,2520,train
1303740,2524,train
1303790,2525,train
1303870,2527,train
1304550,2528,train
1304770,2529,train
1306250,2530,train
1308880,2533,train
1309280,2535,train
1309710,2537,train
1311310,2538,train
1311540,2539,train
1313640,2541,train
1315620,2544,train
1316160,2546,train
1316380,2547,train
1322650,2552,train
1323540,2553,train
1324360,2554,train
1325800,1166,train
1328470,2557,train
1329810,165,train
1330760,2560,train
1331370,2561,train
1331710,2562,train
1332860,2565,train
1332950,2566,train
1333050,2567,train
1333280,2568,train
1334010,2572,train
1334300,2573,train
1334970,2576,train
1336620,2577,train
1336980,7,train
1337250,2579,train
1337920,1946,train
1339420,2582,train
1339620,2583,train
1339640,2584,train
1340120,2585,train
1341440,2587,train
1341820,2588,train
1345350,2599,train
1345380,2600,train
1346400,2601,train
1347580,2603,train
1348810,2605,train
1351240,2607,train
1351830,2609,train
1351970,2610,train
1353660,2612,train
1353920,2613,train
1354970,2614,train
1355470,2616,train
1356530,1727,train
1357540,7,train
1358530,2620,train
1359650,2621,train
1359970,2622,train
1362860,2624,train
1364180,2625,train
1364780,7,train
1365540,2626,train
1365900,2629,train
1366560,2630,train
1366940,2631,train
1367430,2632,train
1368850,2634,train
1368880,2635,train
1369980,2636,train
1371160,2638,train
1371690,2640,train
1372090,2609,train
1373020,2643,train
1373180,1580,train
1373680,2645,train
1374010,2646,train
1375220,2649,train
1375260,2650,train
1375510,2652,train
1375950,2655,train
1376630,2657,train
1376840,2659,train
1376960,2660,train
1377590,2661,train
1378330,2662,train
1379830,2524,train
1381460,2665,train
1382070,2666,train
1382190,2667,train
1383020,2568,train
1383570,2669,train
1383690,2671,train
1384350,2675,train
1384680,2676,train
1385660,2677,train
1386310,2679,train
1386910,2680,train
1387560,2683,train
1387620,2685,train
1388110,2686,train
1388140,2687,train
1389560,2013,train
1391710,2690,train
1392780,2691,train
1393550,2692,train
1394130,2695,train
1394150,2696,train
1394460,2697,train
1398740,2701,train
1399040,2702,train
1401110,2703,train
1403190,2708,train
1404450,2709,train
1405010,2711,train
1405960,2712,train
1406690,2713,train
1406810,2714,train
1407420,2716,train
1409360,2720,train
1410210,2721,train
1411330,2723,train
1412900,2731,train
1413000,2732,train
1413260,2733,train
1413660,2734,train
1414060,2735,train
1416140,7,train
1416600,2738,train
1418180,2741,train
1418760,2743,train
1420860,2745,train
1421380,2746,train
1422750,2748,train
1422950,2750,train
1423410,2752,train
1424560,2754,train
1424710,60,train
1425170,2756,train
1425260,2757,train
1426950,2295,train
1431690,2764,train
1431950,2765,train
1432380,2766,train
1432400,2767,train
1432970,2768,train
1433130,2770,train
1433830,2773,train
1434350,2774,train
1435210,2560,train
1437270,2779,train
1437820,7,train
1440840,2785,train
1443640,2790,train
1443810,2791,train
1444700,2557,train
1445400,2796,train
1445740,2797,train
1448440,7,train
1448760,2800,train
1449620,7,train
1449760,2803,train
1450100,2804,train
1451080,7,train
1451160,2806,train
1453660,2808,train
1453900,2809,train
1454600,1033,train
1455090,1137,train
1455120,2810,train
1455630,2813,train
1456710,2815,train
1457510,235,train
1457540,2816,train
1458960,2819,train
1459410,2822,train
1461930,2827,train
1461960,2828,train
1462420,2830,train
1463360,2831,train
1463570,2832,train
1463960,2834,train
1463980,2835,train
1465400,2837,train
1465950,2838,train
1467590,2841,train
1467780,2842,train
1468380,2843,train
1468430,2844,train
1469370,2053,train
1469660,2846,train
1469960,2848,train
1470430,2849,train
1470910,2850,train
1471040,2851,train
1471650,1909,train
1472160,2852,train
1472620,2853,train
1472660,2854,train
1473420,2856,train
1474580,2857,train
1474740,2858,train
1474770,2859,train
1474930,2861,train
1475970,2862,train
1476140,2863,train
1477640,2866,train
1478480,2869,train
1478980,2871,train
1479010,2872,train
1480570,2875,train
1480970,2877,train
1482490,2882,train
1482510,2883,train
1482940,2886,train
1483310,2888,train
1483320,2889,train
1483340,2890,train
1484130,2892,train
1485380,2895,train
1485860,2896,train
1486030,2898,train
1487120,2899,train
1487440,2900,train
1487640,2901,train
1487730,2902,train
1487940,2903,train
1488080,2905,train
1488150,2906,train
1491730,2916,train
1492510,2918,train
1492810,2920,train
1493230,2856,train
1495800,2924,train
1498630,2928,train
1499450,2930,train
1499780,2931,train
1499890,2932,train
1500220,2856,train
1500260,2933,train
1501150,2936,train
1502040,2938,train
1502240,2939,train
1502480,2940,train
1502550,2941,train
1503670,2946,train
1504460,2948,train
1504840,2949,train
1505600,2950,train
1506450,2952,train
1506460,2953,train
1507120,2956,train
1509000,2708,train
1509230,2961,train
1509640,2963,train
1510030,2964,train
1510370,2965,train
1511500,2856,train
1513670,2968,train
1513840,2969,train
1514010,1588,train
1514030,2857,train
1514840,2970,train
1514950,2971,train
1515900,2972,train
1516940,2974,train
1517240,2975,train
1517340,2976,train
1517870,2977,train
1518200,2978,train
1518350,2980,train
1518630,294,train
1518890,2983,train
1519660,2986,train
1519680,2987,train
1520420,2989,train
1520460,2990,train
1521930,2994,train
1522630,2995,train
1522820,2996,train
1523510,2998,train
1523680,2999,train
1524190,3000,train
1524710,3001,train
1526360,3005,train
1526380,3006,train
1526920,3007,train
1528000,3009,train
1528540,3011,train
1529350,3013,train
1529530,3015,train
1531550,2857,train
1532760,2999,train
1532830,3018,train
1533420,3019,train
1534290,3022,train
1537820,1631,train
1538570,3031,train
1538920,3033,train
1539360,3034,train
1539950,3035,train
1540010,3036,train
1540840,3039,train
1541790,3040,train
1542460,3042,train
1542790,7,train
1543340,3045,train
1544090,3048,train
1544140,2219,train
1544810,3050,train
1545000,3051,train
1545810,3052,train
1547410,3054,train
1549030,3057,train
1550020,3060,train
1550270,3061,train
1550750,2969,train
1551050,3064,train
1551080,3065,train
1551160,3066,train
1551330,3067,train
1551620,3068,train
1552350,7,train
1552430,734,train
1554110,3070,train
1554760,3072,train
1555300,3073,train
1555900,3074,train
1556160,2748,train
1557480,7,train
1560400,3079,train
1560530,2712,train
1561850,3084,train
1562230,3085,train
1562270,3086,train
1562470,3088,train
1562870,3090,train
1563150,3092,train
1563530,3094,train
1564550,2274,train
1564700,3095,train
1565610,3096,train
1565760,3097,train
1565800,3098,train
1566370,2931,train
1566450,3100,train
1568040,1784,train
1568130,3104,train
1568620,3105,train
1569150,3107,train
1569540,3108,train
1570500,495,train
1570610,3111,train
1571950,3115,train
1572230,3117,train
1573090,3119,train
1573100,3120,train
1573170,2632,train
1574670,3126,train
1574690,3127,train
1575040,3128,train
1575230,3129,train
1576050,3131,train
1576240,3133,train
1576470,3067,train
1576570,3134,train
1577180,3137,train
1577280,3139,train
1577530,1137,train
1577810,3141,train
1579250,3146,train
1579320,3147,train
1580440,3152,train
1581500,3155,train
1581680,3156,train
1584140,3160,train
1584190,3161,train
1584210,3162,train
1584430,3163,train
1585120,3166,train
1586700,3167,train
1586740,3168,train
1587210,3169,train
1587540,477,train
1588120,3173,train
1588160,3174,train
1588530,3175,train
1588610,3177,train
1588760,3178,train
1589410,1033,train
1589940,3179,train
1590950,3180,train
1591650,3181,train
1592810,2631,train
1593350,3183,train
1595310,3184,train
1596250,3057,train
1596540,3187,train
1599220,3190,train
1599560,3191,train
1600820,3192,train
1600890,1151,train
1601190,3194,train
1605050,2931,train
1606140,2622,train
1607400,3202,train
1607430,3203,train
1608210,3204,train
1609660,3205,train
1609780,3206,train
1609860,3207,train
1610130,3208,train
1612150,3209,train
1614360,3211,train
1614960,3213,train
1618280,3215,train
1618510,3216,train
1619310,3217,train
1619350,3219,train
1619940,3222,train
1620860,3139,train
1621210,3223,train
1621480,3224,train
1622770,3228,train
1623210,3229,train
1625440,3232,train
1625650,3233,train
1626060,3234,train
1627140,3236,train
1628260,3240,train
1629220,3241,train
1630640,3242,train
1630690,3243,train
1630800,3244,train
1631160,3247,train
1632330,3249,train
1632360,2931,train
1632710,3251,train
1633080,3253,train
1633550,3254,train
1633580,2806,train
1634750,2856,train
1634860,3257,train
1636700,3262,train
1641820,3267,train
1641880,3268,train
1642940,3270,train
1643170,3271,train
1643190,3272,train
1643820,3273,train
1645570,3275,train
1645670,3251,train
1646600,3278,train
1647310,7,train
1648230,3280,train
1649830,3282,train
1649950,3283,train
1650590,3284,train
1651750,3285,train
1652300,3287,train
1652480,3288,train
1652960,2980,train
1653660,1631,train
1653790,3290,train
1654660,3292,train
1655210,3294,train
1655560,3296,train
1655850,1784,train
1656650,3194,train
1656820,7,train
1657280,3299,train
1658210,3300,train
1658370,773,train
1660850,3304,train
1661450,3305,train
1664200,3310,train
1664810,3311,train
1665610,3312,train
1666250,3313,train
1666510,3314,train
1668210,3320,train
1668460,3321,train
1668630,3322,train
1668870,2632,train
1672670,3325,train
1673320,3327,train
1673580,3329,train
1674640,3330,train
1675000,3331,train
1675940,2296,train
1677080,3334,train
1677730,3335,train
1678710,3336,train
1678860,3337,train
1680980,3342,train
1681350,2459,train
1681480,3344,train
1681970,3345,train
1682030,3346,train
1682620,3348,train
1683020,965,train
1683140,3349,train
1683410,2939,train
1683950,3009,train
1685500,3354,train
1685750,7,train
1686440,3355,train
1686670,3356,train
1687840,3358,train
1688290,3359,train
1689270,3361,train
1689510,3362,train
1690660,2857,train
1691010,3367,train
1692220,3368,train
1692390,3369,train
1693250,3371,train
1693300,3372,train
1693650,3373,train
1694640,3376,train
1696720,3379,train
1699880,3382,train
1700450,2856,train
1700690,3384,train
1700900,3385,train
1701690,2939,train
1701850,3387,train
1702380,3389,train
1702430,3390,train
1703470,3392,train
1703740,3394,train
1705140,3397,train
1705220,3398,train
1705880,3399,train
1706570,3401,train
1706670,3402,train
1706980,3404,train
1707690,3406,train
1708010,3408,train
1708070,3409,train
1708200,3410,train
1710200,3416,train
1711620,3419,train
1712700,3422,train
1712820,3424,train
1713080,264,train
1714200,3429,train
1714250,3430,train
1715130,3434,train
1715660,3435,train
1715970,3436,train
1716140,3067,train
1717120,3437,train
1719630,1137,train
1720240,3442,train
1721800,3443,train
1722660,3444,train
1722760,1791,train
1722870,1725,train
1724000,3446,train
1724290,3447,train
1725270,3450,train
1726890,3453,train
1727310,3454,train
1727320,3455,train
1727440,3456,train
1728290,3458,train
1729060,2822,train
1730000,3460,train
1730060,3461,train
1730090,3462,train
1730590,3465,train
1730680,1497,train
1730700,1497,train
1732330,235,train
1733950,3468,train
1734160,3469,train
1734980,3471,train
1736250,3472,train
1737600,3473,train
1737690,3474,train
1738500,3476,train
1738550,3477,train
1739070,3478,train
1739340,3479,train
1741130,3486,train
1741640,3489,train
1743080,3491,train
1743670,3494,train
1745160,3498,train
1745560,3501,train
1745640,3502,train
1746660,3503,train
1747310,1969,train
1747440,3505,train
1748910,3506,train
1751320,2939,train
1754150,3510,train
1754440,3511,train
1754490,3512,train
1755570,3515,train
1755990,3516,train
1756450,3517,train
1757170,3519,train
1757950,7,train
1758060,3521,train
1760160,3526,train
1762520,3527,train
1762950,3528,train
1763060,3530,train
1763270,3531,train
1765780,3533,train
1766150,3535,train
1766390,3537,train
1767930,3541,train
1768000,3542,train
1769770,3547,train
1770040,3548,train
1772060,3551,train
1773700,3553,train
1776800,3556,train
1779660,3557,train
1780010,3560,train
1780530,3562,train
1780990,3001,train
1781890,7,train
1782190,3566,train
1784940,3569,train
1785100,3571,train
1785150,3572,train
1785280,3278,train
1786590,3510,train
1786960,1976,train
1787500,3576,train
1788490,2939,train
1788520,3579,train
1788720,3580,train
1789060,2939,train
1789500,3581,train
1789670,3583,train
1790470,965,train
1791510,3586,train
1793190,3587,train
1793340,3588,train
1793960,3589,train
1795470,3592,train
1796220,3572,train
1797560,3595,train
1798690,3597,train
1799110,3599,train
1799400,3602,train
1799660,3603,train
1804900,3616,train
1805000,3617,train
1805230,3618,train
1807330,3620,train
1807370,3542,train
1807750,3622,train
1808780,2314,train
1808920,3625,train
1810500,3631,train
1810730,3632,train
1811910,3635,train
1812060,2524,train
1812440,3637,train
1813010,3638,train
1813300,1137,train
1814050,3640,train
1814890,3642,train
1815050,3643,train
1815230,3644,train
1816270,3645,train
1817350,3647,train
1817880,1784,train
1820020,3650,train
1820160,1631,train
1820930,3652,train
1821550,3654,train
1822030,3655,train
1822230,3656,train
1823900,3661,train
1824750,3662,train
1825540,3663,train
1825990,3664,train
1826530,3665,train
1828140,3669,train
1828270,3670,train
1830190,3673,train
1832680,3677,train
1832760,3678,train
1833710,3679,train
1833820,3680,train
1834010,365,train
1835350,3685,train
1837060,3687,train
1838540,3690,train
1839070,3692,train
1839420,3693,train
1841020,99,train
1842200,3696,train
1842220,2712,train
1843540,3697,train
1844120,3699,train
1844170,3700,train
1846270,3702,train
1846300,965,train
1846330,3703,train
1847030,3705,train
1847440,1482,train
1851440,3712,train
1851850,3713,train
1852100,3715,train
1854890,3510,train
1855130,734,train
1856840,3722,train
1857640,3723,train
1857950,3724,train
1859680,3725,train
1860110,3278,train
1861760,3728,train
1861880,3729,train
1863250,3731,train
1863460,3732,train
1863940,3733,train
1865680,1402,train
1865750,3734,train
1866990,3735,train
1872730,3738,train
1874680,3739,train
1876910,3741,train
1877930,3743,train
1879560,3747,train
1879730,3748,train
1880180,3750,train
1881210,3753,train
1881840,3754,train
1883420,3757,train
1883840,3758,train
1885080,3760,train
1886260,3542,train
1888170,3764,train
1888480,3766,train
1889330,3767,train
1892950,734,train
1893950,3773,train
1894550,3774,train
1894600,3775,train
1894880,3776,train
1894980,3777,train
1895960,3779,train
1896570,3780,train
1896880,3782,train
1897000,3244,train
1898830,3786,train
1901330,3792,train
1901730,3793,train
1902710,3795,train
1903620,3799,train
1904430,2939,train
1905110,3802,train
1907620,3278,train
1908500,3808,train
1909670,3810,train
1909820,7,train
1910080,3811,train
1910300,3812,train
1911050,3814,train
1912510,674,train
1912760,3818,train
1912870,2856,train
1914100,2632,train
1917600,7,train
1917810,3827,train
1918710,3828,train
1919440,3830,train
1919920,3831,train
1920650,3832,train
1921500,3834,train
1922180,3835,train
1924180,3836,train
1924380,3837,train
1925250,3839,train
1925320,3840,train
1926270,3841,train
1928410,3844,train
1930640,2171,train
1931730,3847,train
1931890,3848,train
1933230,3849,train
1933800,3851,train
1934980,262,train
1935300,3854,train
1936360,3857,train
1937710,3858,train
1938210,3859,train
1938300,3860,train
1938410,3861,train
1941390,3863,train
1943240,3866,train
1944060,3867,train
1944600,3869,train
1944640,3870,train
1945230,3873,train
1945590,3874,train
1946430,3876,train
1948220,3879,train
1948470,2832,train
1949770,3882,train
1949840,3883,train
1951480,3884,train
1951880,3887,train
1952250,3888,train
1952760,3891,train
1954250,3892,train
1955310,3893,train
1955640,3894,train
1960000,3898,train
1961040,3899,train
1962650,3904,train
1963080,3905,train
1964040,3906,train
1964870,3909,train
1967310,3911,train
1967340,3912,train
1967920,3913,train
1968530,3916,train
1968630,3917,train
1969260,3918,train
1969620,3919,train
1969920,3920,train
1974220,3925,train
1975320,3926,train
1975890,3928,train
1976730,3930,train
1976800,2290,train
1978520,3935,train
1979430,3938,train
1979990,3941,train
1980500,3942,train
1982130,3947,train
1982180,3948,train
1982630,3949,train
1983010,3950,train
1983330,3952,train
1985770,3957,train
1987710,3959,train
1988030,3960,train
1988430,2708,train
1988880,3961,train
1988960,3962,train
1989150,3963,train
1989620,3964,train
1989770,3965,train
1990900,3966,train
1991360,3967,train
1991670,3968,train
1992420,3969,train
1992560,3887,train
1995330,3975,train
1995460,3976,train
1995470,2708,train
1995930,3977,train
1996800,3979,train
1997560,3887,train
1997900,3980,train
1998130,3961,train
1998380,2708,train
1998450,3981,train
1998530,3982,train
2001830,3985,train
2001970,853,train
2002010,3986,train
2002320,3987,train
2002520,3988,train
2002720,3989,train
2003840,3990,train
2004650,3991,train
2005090,3992,train
2005630,3993,train
2008260,3998,train
2008460,3999,train
2008560,4000,train
2010110,4002,train
2010400,4003,train
2012340,1137,train
2012500,4005,train
2013170,4007,train
2013670,2610,train
2013730,4009,train
2014240,4010,train
2015860,4012,train
2015960,4013,train
2016290,4014,train
2017490,1976,train
2018420,4015,train
2019770,2999,train
2020180,4016,train
2021520,4018,train
2021690,1206,train
2022290,4019,train
2022740,3147,train
2023440,4021,train
2026170,4023,train
2027390,3950,train
2027590,4026,train
2027860,4027,train
2050490,2708,train
2050820,7,train
2052200,4033,train
2052640,4034,train
2052730,4036,train
2054150,4040,train
2054820,4042,train
2055290,4044,train
2055470,4045,train
2055910,4046,train
2058220,4049,train
2059390,4050,train
2059630,4051,train
2060000,4052,train
2060520,4054,train
2061140,4055,train
2062150,4057,train
2062330,4058,train
2064410,4061,train
2065610,4063,train
2065800,4064,train
2066950,4066,train
2067950,1631,train
2069820,4070,train
2071420,4072,train
2073280,4077,train
2073470,4078,train
2073900,4079,train
2073970,4080,train
2074320,3147,train
2074580,4081,train
2077070,4089,train
2077170,4090,train
2077370,4091,train
2077720,4093,train
2078230,4096,train
2078480,4097,train
2080800,4098,train
2081970,4100,train
2083180,4103,train
2084450,4106,train
2085360,4108,train
2085540,617,train
2085790,1185,train
2086490,4111,train
2086890,3738,train
2087430,4112,train
2087450,4112,train
2088000,4114,train
2088330,4115,train
2088650,4117,train
2090200,4118,train
2092530,3776,train
2093050,4119,train
2093340,7,train
2094290,4123,train
2094550,4124,train
2095010,4126,train
2095040,7,train
2095070,7,train
2095090,4127,train
2095740,4129,train
2096400,4130,train
2097180,760,train
2097200,4132,train
2097620,4133,train
2097920,4134,train
2098090,516,train
2098560,4135,train
2099680,4136,train
2100810,4139,train
2101270,4054,train
2101490,4140,train
2102450,4141,train
2103150,4142,train
2105060,4143,train
2105760,4144,train
2106840,7,train
2107870,4145,train
2109880,3887,train
2110930,4148,train
2110990,4149,train
2111990,4152,train
2112580,4153,train
2112920,4154,train
2112990,4155,train
2113000,3950,train
2113810,4158,train
2114500,4161,train
2114990,4046,train
2115920,2560,train
2116800,4163,train
2116840,4164,train
2118910,4168,train
2120240,4169,train
2120250,4170,train
2121350,4172,train
2123380,4175,train
2124070,3645,train
2124100,4178,train
2124810,3952,train
2128610,4182,train
2129220,3430,train
2129850,4185,train
2131500,4112,train
2131630,7,train
2133580,4186,train
2133940,4188,train
2136200,4189,train
2136380,4190,train
2136390,4191,train
2139020,398,train
2141250,4199,train
2141990,4200,train
2142710,4202,train
2142920,264,train
2143050,4203,train
2143700,4205,train
2144590,4207,train
2145320,4208,train
2145480,4210,train
2146960,4212,train
2148210,4213,train
2148610,3887,train
2149560,4214,train
2150870,4218,train
2150900,4219,train
2151110,4220,train
2151480,4221,train
2152780,4224,train
2153900,4225,train
2154700,4226,train
2159020,4230,train
2161630,4237,train
2162520,4238,train
2163160,4243,train
2163330,121,train
2164580,2999,train
2165350,4246,train
2165420,4247,train
2166060,4250,train
2166850,4253,train
2167110,3776,train
2167900,4254,train
2169620,4255,train
2169830,4256,train
2169950,4257,train
2170370,4258,train
2170500,4259,train
2172600,4262,train
2173640,2748,train
2175390,4266,train
2175770,4268,train
2176090,4269,train
2179350,4274,train
2179660,1976,train
2179720,4277,train
2180310,4278,train
2181450,2290,train
2181700,4283,train
2182580,1784,train
2182590,734,train
2182630,4285,train
2182690,4286,train
2183030,4288,train
2183200,4289,train
2183230,4290,train
2183780,4291,train
2184410,7,train
2184650,4293,train
2185240,4295,train
2186240,2620,train
2186500,4300,train
2187670,7,train
2188910,2856,train
2190160,3429,train
2194410,3851,train
2196140,4312,train
2197470,4314,train
2200560,4319,train
2201710,4321,train
2202150,4322,train
2204410,4325,train
2204840,4326,train
2205600,4328,train
2205860,4154,train
2207700,4333,train
2208270,4334,train
2208940,4335,train
2209360,4336,train
2209380,4337,train
2211170,4342,train
2212280,4346,train
2212740,4348,train
2213300,7,train
2213660,4350,train
2214860,4351,train
2215670,4352,train
2216260,4355,train
2216440,3776,train
2217060,4356,train
2218620,4358,train
2218770,4360,train
2220040,4363,train
2220590,4365,train
2221760,4366,train
2221820,4367,train
2223320,4371,train
2224350,3160,train
2225250,463,train
2227110,1976,train
2228890,4375,train
2229150,4376,train
2230040,4377,train
2230250,4378,train
2231450,4379,train
2232810,3887,train
2233320,4384,train
2234140,4385,train
2234570,4386,train
2236080,4389,train
2236590,4390,train
2236860,4391,train
2237150,4393,train
2237720,4394,train
2237800,4395,train
2238040,4396,train
2238470,3478,train
2238900,7,train
2240090,2748,train
2241760,4402,train
2246110,7,train
2247800,4407,train
2248350,4408,train
2248540,4409,train
2249080,4410,train
2249570,4411,train
2249830,4412,train
2250080,4413,train
2250530,4414,train
2250600,7,train
2250790,4415,train
2250850,4416,train
2252180,4418,train
2253360,4419,train
2253970,4420,train
2255020,4421,train
2256110,2748,train
2256430,4423,train
2256770,4424,train
2257560,4425,train
2257590,4426,train
2258320,4428,train
2260310,4430,train
2261130,7,train
2262110,4432,train
2262330,4433,train
2262610,4434,train
2262980,4436,train
2264500,4440,train
2266740,4445,train
2267370,4112,train
2267480,4446,train
2268470,4448,train
2268720,4450,train
2269230,4112,train
2269290,4451,train
2269720,2999,train
2269730,4452,train
2270520,4455,train
2271190,4457,train
2275490,4460,train
2277960,4466,train
2278360,4467,train
2279700,4470,train
2279960,4471,train
2280060,4472,train
2280260,4473,train
2280350,34,train
2283380,4477,train
2283710,4479,train
2284200,4480,train
2284590,4482,train
2286450,4484,train
2287070,4058,train
2287100,4337,train
2287330,4486,train
2287950,4040,train
2288770,1631,train
2290600,4490,train
2291880,4491,train
2292280,4492,train
2294980,4495,train
2296080,4496,train
2297490,4500,train
2300320,4504,train
2301100,4506,train
2302040,4508,train
2303730,4509,train
2305030,3887,train
2307160,4511,train
2307350,1823,train
2307610,4513,train
2310300,4517,train
2310980,1185,train
2311150,2889,train
2312170,4519,train
2312190,4519,train
2312770,4520,train
2314050,4521,train
2314510,4522,train
2317330,4525,train
2322090,4529,train
2322320,4531,train
2322330,142,train
2322420,4532,train
2322510,4533,train
2323650,4535,train
2325170,4539,train
2325800,4541,train
2326590,4542,train
2327830,4408,train
2327950,4543,train
2327970,4544,train
2328750,4547,train
2329250,4549,train
2329840,4551,train
2330030,4552,train
2330360,4553,train
2333240,4555,train
2334130,4556,train
2335200,4557,train
2337850,4112,train
2339050,4563,train
2340670,4566,train
2341800,4569,train
2342050,4376,train
2345630,4573,train
2346840,4576,train
2347180,4577,train
2347930,4578,train
2348170,4579,train
2348680,4580,train
2349440,4582,train
2349660,4583,train
2351810,4586,train
2352420,4587,train
2352500,3887,train
2353380,4589,train
2353440,4590,train
2354560,4591,train
2355150,4593,train
2358800,4598,train
2358920,4599,train
2358970,4600,train
2361350,4605,train
2362120,4608,train
2363030,4611,train
2363510,4613,train
2365090,3887,train
2366030,4615,train
2367150,4616,train
2368260,4618,train
2368720,4620,train
2368940,4622,train
2369390,12,train
2370130,4624,train
2370390,4625,train
2372170,4631,train
2372980,4634,train
2373860,4636,train
2374480,1631,train
2374820,1033,train
2375290,4640,train
2375760,2748,train
2377860,4645,train
2378120,4647,train
2378300,4648,train
2379360,4112,train
2380840,4654,train
2380930,4655,train
2382070,4656,train
2382230,4657,train
2382240,4658,train
2383220,4659,train
2384430,4664,train
2384800,4666,train
2385350,514,train
2385980,4669,train
2386350,4670,train
2387400,1185,train
2389560,4673,train
2389830,4674,train
2390850,4675,train
2391100,4676,train
2391990,4677,train
2392280,4678,train
2392740,2998,train
2393510,4679,train
2393760,4680,train
2395080,4681,train
2395910,4682,train
2395940,4683,train
2396200,4684,train
2396660,4685,train
2397830,4686,train
2399830,4690,train
2401730,4691,train
2404110,4692,train
2404850,4693,train
2405170,4694,train
2405800,4695,train
2406100,4696,train
2406930,4698,train
2408280,4700,train
2410470,4703,train
2411620,4705,train
2413000,4708,train
2414210,4711,train
2415480,4714,train
2415660,3652,train
2417180,4718,train
2417700,4719,train
2418530,4720,train
2420620,4723,train
2421520,4725,train
2421910,4726,train
2422110,4727,train
2423130,4730,train
2424010,4731,train
2424440,4732,train
2424630,4733,train
2424970,4734,train
2425920,4736,train
2426830,4645,train
2428780,4737,train
2430990,4740,train
2431200,4741,train
2431600,4742,train
2434420,4743,train
2435690,4745,train
2435710,4746,train
2435910,4747,train
2437660,4748,train
2439700,4751,train
2439760,4752,train
2441190,4754,train
2441700,4756,train
2442100,4757,train
2442460,4758,train
2443520,4759,train
2444860,4763,train
2446070,4765,train
2446470,4766,train
2449030,4771,train
2450120,4268,train
2452010,4778,train
2452900,4779,train
2453740,4782,train
2455860,4787,train
2456420,4788,train
2457580,4790,train
2459370,4793,train
2459790,4200,train
2460130,4794,train
2460450,4796,train
2460490,4046,train
2460660,4798,train
2461150,4800,train
2461240,3981,train
2461490,4802,train
2462570,4804,train
2462790,4805,train
2462810,4806,train
2463530,4807,train
2464330,4809,train
2465460,4812,train
2465870,4813,train
2465930,4814,train
2467870,4816,train
2471660,4821,train
2473030,4823,train
2475220,4825,train
2475420,4827,train
2476100,4828,train
2476680,4830,train
2476730,4831,train
2477160,4832,train
2477870,4835,train
2479070,4836,train
2481890,4839,train
2481930,4840,train
2482150,4841,train
2484120,4119,train
2484670,4846,train
2485890,4848,train
2487110,4853,train
2487340,4854,train
2490910,7,train
2493430,4861,train
2495200,3334,train
2497610,1402,train
2500700,4867,train
2503280,4870,train
2505090,4871,train
2505430,4872,train
2506450,4874,train
2506930,4875,train
2507870,4876,train
2508090,4878,train
2509420,4881,train
2510130,4883,train
2510710,7,train
2510850,4886,train
2512680,4887,train
2515060,4889,train
2517840,4891,train
2517870,4892,train
2518810,4893,train
2519990,3851,train
2520190,3950,train
2521470,4895,train
2522200,4896,train
2522660,4897,train
2523650,4898,train
2524720,3502,train
2525300,4899,train
2527270,4902,train
2527750,4904,train
2528110,4906,train
2528210,4907,train
2528940,4909,train
2530080,4496,train
2530170,4910,train
2530920,4912,train
2531340,4913,train
2531530,3887,train
2534310,4605,train
2537040,4916,train
2537070,4917,train
2537290,4918,train
2537550,4919,train
2538090,4920,train
2544020,4925,train
2544720,4926,train
2545570,4928,train
2549240,4931,train
2550930,4933,train
2552440,7,train
2554770,4937,train
2555270,4939,train
2555570,4940,train
2555780,4941,train
2555830,4942,train
2555950,4944,train
2556090,1631,train
2557900,4946,train
2558980,3950,train
2559760,2622,train
2561680,4951,train
2564870,4956,train
2566090,1523,train
2566160,4957,train
2566970,4960,train
2567800,4964,train
2572300,4967,train
2572870,4969,train
2573190,4970,train
2574040,4971,train
2574120,4972,train
2575150,4974,train
2577550,4976,train
2578830,4978,train
2579710,4980,train
2585040,7,train
2585110,4985,train
2585530,4986,train
2585570,4987,train
2586000,4988,train
2586310,4872,train
2587980,4992,train
2588230,4839,train
2588960,4994,train
2590160,4996,train
2592220,1895,train
2592940,4998,train
2593970,4999,train
2597130,5000,train
2597520,5003,train
2598030,5005,train
2598190,5006,train
2599680,5007,train
2599770,5008,train
2601110,5009,train
2601640,5010,train
2601810,5011,train
2603020,5012,train
2603650,5013,train
2604480,5014,train
2604980,5015,train
2605500,5017,train
2608290,5021,train
2609720,5023,train
2610320,5024,train
2612270,3416,train
2612870,5029,train
2613230,5030,train
2613250,4839,train
2613580,5031,train
2614670,5033,train
2615540,3465,train
2617140,5037,train
2618360,5039,train
2619510,5040,train
2620940,5043,train
2624050,5047,train
2624230,7,train
2624410,5049,train
2625960,5050,train
2626090,5052,train
2628230,5053,train
2628390,5054,train
2628850,5055,train
2629340,2064,train
2629470,5058,train
2629660,5059,train
2631130,3851,train
2633490,868,train
2635350,5061,train
2636260,5063,train
2636310,5064,train
2638350,4346,train
2639140,5069,train
2639590,2610,train
2640930,5071,train
2640980,1976,train
2641490,5072,train
2642740,5073,train
2643930,5075,train
2644230,5076,train
2644330,5077,train
2644400,5078,train
2644520,5079,train
2646440,5082,train
2647980,5084,train
2648080,5085,train
2648870,5086,train
2649970,5087,train
2650840,5088,train
2651570,5091,train
2651800,5092,train
2651910,5093,train
2653170,5096,train
2653490,5097,train
2657230,5102,train
2657810,3887,train
2658450,7,train
2659520,5104,train
2660260,5105,train
2660370,3887,train
2661400,965,train
2661770,5107,train
2661940,5108,train
2663830,5109,train
2666220,2279,train
2666490,5112,train
2667740,5116,train
2668300,5118,train
2672050,5125,train
2673160,5127,train
2673700,5128,train
2673730,5129,train
2673790,5131,train
2674420,3569,train
2675660,3887,train
2677680,5136,train
2678050,5138,train
2678130,5139,train
2678330,5140,train
2678560,5141,train
2678590,5142,train
2679130,5144,train
2679260,5145,train
2680050,5146,train
2680190,868,train
2681060,5147,train
2681240,5148,train
2681580,5149,train
2681950,5150,train
2682120,5151,train
2682370,5152,train
2682460,5153,train
2683320,5154,train
2683560,5155,train
2684940,5157,train
2685300,5158,train
2686630,5160,train
2687650,5162,train
2688570,1239,train
2690090,5166,train
2690110,5167,train
2692610,5172,train
2693340,5173,train
2695230,5175,train
2695490,5177,train
2696100,5178,train
2698470,5184,train
2700470,5189,train
2701770,7,train
2701980,5191,train
2702130,3486,train
2702580,5193,train
2702680,5194,train
2702780,5195,train
2703100,5196,train
2703850,5199,train
2703920,5200,train
2704070,5203,train
2705670,5208,train
2706170,5209,train
2706300,5210,train
2707110,5215,train
2707270,3486,train
2708320,5218,train
2708850,5219,train
2711680,5224,train
2712380,5225,train
2712540,5226,train
2713370,5228,train
2714760,5230,train
2715910,1334,train
2716110,2946,train
2717250,5232,train
2717880,5234,train
2718570,5236,train
2718700,5237,train
2720680,3887,train
2720740,5240,train
2722200,5242,train
2722360,3840,train
2722380,5243,train
2723200,5246,train
2723610,5248,train
2723820,5249,train
2724530,5251,train
2724770,5252,train
2724960,5253,train
2726020,5254,train
2728460,5258,train
2729600,5259,train
2729720,5260,train
2730120,5261,train
2730890,5263,train
2731760,5264,train
2733610,3887,train
2734340,5268,train
2735060,5269,train
2739920,5275,train
2742740,5276,train
2743410,5278,train
2743450,5279,train
2743650,5280,train
2744970,5282,train
2745140,5283,train
2745930,5284,train
2746620,5286,train
2749100,5287,train
2749370,5289,train
2749650,7,train
2751700,5291,train
2753620,5293,train
2754230,5294,train
2755210,1976,train
2758030,294,train
2758180,5297,train
2758410,4154,train
2758570,5298,train
2761050,5301,train
2761380,5302,train
2761500,5303,train
2762040,5305,train
2762610,5307,train
2762940,5308,train
2764490,5310,train
2764600,5311,train
2765460,5313,train
2767400,5319,train
2769210,5321,train
2769290,5322,train
2770190,5323,train
2770300,5324,train
2770320,5325,train
2773830,5327,train
2774580,4407,train
2777230,3100,train
2781370,5340,train
2782820,5341,train
2783710,5342,train
2784700,5343,train
2785450,725,train
2787630,5349,train
2787700,5350,train
2792610,5354,train
2793310,5355,train
2793380,5356,train
2793470,5357,train
2795750,1548,train
2796180,5361,train
2797310,5364,train
2799350,7,train
2799940,5366,train
2800420,5367,train
2800630,5368,train
2802440,5370,train
2803090,5372,train
2803140,4685,train
2803470,5374,train
2804490,5375,train
2805480,734,train
2806270,7,train
2807100,5376,train
2808960,5381,train
2810160,5382,train
2810460,5383,train
2811130,5384,train
2811750,5387,train
2812170,4061,train
2814810,5390,train
2816810,5394,train
2816950,5395,train
2817850,5396,train
2818440,5397,train
2818530,5398,train
2818780,5399,train
2821970,5152,train
2822370,3430,train
2824490,5407,train
2825080,5409,train
2826590,5411,train
2827010,5412,train
2827810,3095,train
2828420,5414,train
2830770,5416,train
2832630,5419,train
2834060,5421,train
2834320,5422,train
2836730,5424,train
2839310,5428,train
2840210,5431,train
2841370,5434,train
2842680,5435,train
2843050,5437,train
2843130,5438,train
2844240,5441,train
2844650,5442,train
2844980,5443,train
2847000,5446,train
2848000,5448,train
2848070,5449,train
2848310,5451,train
2848430,5452,train
2849080,5453,train
2850110,4703,train
2850640,5456,train
2853050,5458,train
2853130,5459,train
2854130,5461,train
2856370,3330,train
2856810,5464,train
2858000,5275,train
2859250,5467,train
2860090,5469,train
2860670,5472,train
2864000,3588,train
2865640,5478,train
2865670,5479,train
2866700,5480,train
2866750,5481,train
2867360,5484,train
2868860,5485,train
2869500,7,train
2869510,5486,train
2870030,734,train
2870220,5488,train
2873080,5490,train
2873810,5491,train
2874120,5493,train
2875480,5495,train
2875570,5496,train
2876070,4605,train
2876350,5498,train
2877190,5499,train
2880300,5503,train
2880500,5504,train
2880850,5505,train
2881670,5507,train
2882600,5509,train
2882930,5511,train
2882950,5512,train
2883420,5513,train
2883610,5514,train
2883620,5515,train
2883650,4182,train
2884480,2243,train
2884670,5518,train
2886950,5521,train
2887670,2748,train
2890500,5525,train
2890510,5526,train
2891090,5527,train
2891540,5529,train
2894070,5532,train
2895130,5533,train
2896110,5534,train
2897240,5535,train
2897500,5536,train
2898060,5537,train
2899090,5538,train
2899230,5539,train
2899400,5540,train
2902550,5147,train
2902570,5541,train
2904930,5546,train
2905150,5547,train
2905620,5548,train
2906710,5550,train
2907050,5552,train
2908950,5556,train
2910320,5557,train
2910760,5558,train
2913990,5567,train
2915950,4555,train
2919120,5570,train
2923470,5578,train
2924390,5580,train
2925010,5581,train
2925880,5583,train
2927320,5585,train
2927840,5587,train
2930410,5592,train
2932950,5593,train
2932990,5594,train
2935160,2369,train
2935670,5596,train
2936190,5598,train
2937090,5599,train
2939440,5600,train
2940560,4496,train
2941260,1631,train
2949720,5091,train
2950850,5607,train
2951790,5608,train
2952310,5610,train
2952370,5611,train
2952800,5612,train
2952820,5613,train
2952970,5614,train
2953160,5616,train
2954070,5617,train
2954140,5618,train
2956210,3067,train
2956850,3891,train
2958170,5625,train
2960170,5628,train
2960710,3887,train
2961650,5630,train
2961920,5631,train
2965250,5633,train
2967090,5635,train
2968410,5637,train
2969350,5638,train
2972300,5640,train
2972730,5641,train
2973500,5643,train
2974050,5644,train
2976400,4730,train
2978180,5648,train
2978540,5649,train
2978710,5650,train
2979020,5652,train
2979780,5655,train
2980190,5656,train
2981350,5658,train
2981880,5659,train
2983810,5660,train
2986680,5663,train
2987830,5664,train
2988360,5665,train
2991970,5669,train
2992360,5670,train
2992570,5671,train
2995560,5675,train
2997460,5676,train
2997600,5677,train
2998600,5680,train
2999510,5682,train
3000860,5684,train
3002720,5687,train
3006040,5690,train
3006980,5692,train
3008130,5695,train
3008800,5697,train
3010810,5702,train
3011190,5703,train
3011360,5704,train
3011550,5705,train
3014470,3486,train
3014480,3486,train
3014610,5708,train
3015250,5146,train
3016100,5709,train
3017530,5710,train
3021090,7,train
3021850,5713,train
3022530,5714,train
3024050,5716,train
3025140,5717,train
3028200,5723,train
3029520,5725,train
3031580,5728,train
3031980,5729,train
3033880,5731,train
3033900,5732,train
3034180,5733,train
3036280,5736,train
3039990,5741,train
3040590,4800,train
3040670,5743,train
3044030,5745,train
3044740,5746,train
3045000,5747,train
3046350,5088,train
3046460,5749,train
3046850,1579,train
3049990,7,train
3051380,5751,train
3054670,5753,train
3058640,5756,train
3058860,5757,train
3060400,5760,train
3060850,5761,train
3061920,5764,train
3065260,5767,train
3066360,5768,train
3067340,5769,train
3068580,7,train
3070560,5777,train
3070690,3960,train
3071070,5778,train
3072680,7,train
3073470,5779,train
3074770,5781,train
3079770,5784,train
3084260,4203,train
3084900,5789,train
3085010,5790,train
3085730,5792,train
3086950,734,train
3087140,5794,train
3087790,5795,train
3088160,5797,train
3089280,5798,train
3093220,5801,train
3094780,5803,train
3095780,5804,train
3096210,5805,train
3097170,5807,train
3100790,5813,train
3101630,7,train
3102820,5815,train
3105770,4000,train
3106620,5821,train
3107740,5822,train
3107770,5823,train
3109080,5826,train
3111230,5829,train
3112380,5831,train
3114090,5834,train
3114250,5835,train
3114300,5836,train
3115150,5838,train
3116640,5841,train
3118310,5845,train
3118960,5846,train
3119850,5847,train
3120890,5849,train
3121960,5628,train
3122100,5851,train
3122540,5852,train
3122920,5853,train
3123170,5854,train
3124210,5856,train
3125570,5857,train
3127610,5859,train
3127780,5860,train
3130340,5862,train
3134030,5865,train
3135840,5867,train
3136020,3950,train
3136090,5868,train
3138440,5871,train
3139640,5874,train
3139690,5875,train
3143470,4012,train
3144530,5883,train
3144660,5884,train
3145340,5885,train
3147350,5887,train
3149330,5888,train
3149840,5889,train
3149960,1341,train
3152330,5893,train
3154660,2369,train
3154800,5895,train
3155800,5896,train
3157790,5898,train
3158010,5899,train
3159290,5902,train
3160520,5903,train
3160580,5904,train
3160880,5908,train
3164530,5911,train
3165100,7,train
3165500,5914,train
3165890,5915,train
3166220,5916,train
3166490,5917,train
3166660,5918,train
3167020,5919,train
3168230,5920,train
3169250,5923,train
3170390,5924,train
3170830,5925,train
3170880,5926,train
3172130,5929,train
3175300,5932,train
3180240,362,train
3181150,5938,train
3182140,5939,train
3182910,5940,train
3184130,5944,train
3185890,5946,train
3186070,5947,train
3186200,5948,train
3186640,5949,train
3188550,5951,train
3191230,5954,train
3191310,5955,train
3191620,5956,train
3191950,5958,train
3193520,5959,train
3196510,5961,train
3197480,5962,train
3198990,5964,train
3199740,5965,train
3201720,5968,train
3203510,5971,train
3204390,5972,train
3205130,5973,train
3205190,5974,train
3208730,5982,train
3208860,5983,train
3209110,5984,train
3212750,5986,train
3212910,5987,train
3213210,5988,train
3213230,5989,train
3215110,5993,train
3220690,6002,train
3225020,6004,train
3225120,6005,train
3225750,6007,train
3230280,6012,train
3232040,5431,train
3232760,6013,train
3233390,6014,train
3238250,6017,train
3239570,6019,train
3239840,6020,train
3242100,3887,train
3245250,6024,train
3245900,6025,train
3250120,6026,train
3252510,6030,train
3254020,3883,train
3257230,6033,train
3258500,5949,train
3258910,6034,train
3260760,6036,train
3261280,6037,train
3262870,6038,train
3263180,6039,train
3263320,6040,train
3264710,6041,train
3271870,6049,train
3272610,6050,train
3273990,974,train
3276450,6052,train
3276600,6053,train
3281140,6059,train
3281300,6060,train
3284750,6062,train
3285780,6065,train
3288160,6067,train
3288460,6068,train
3288510,6069,train
3290620,6071,train
3291310,6072,train
3292520,6074,train
3293010,6075,train
3293460,6076,train
3295250,6077,train
3296180,6078,train
3296630,6079,train
3297440,6080,train
3297630,6081,train
3298710,6083,train
3299340,6084,train
3300820,6087,train
3300920,6088,train
3300970,6089,train
3302460,6091,train
3303290,6093,train
3304930,5949,train
3305060,6096,train
3305360,6098,train
3309730,3887,train
3310110,6102,train
3315630,6108,train
3317360,6110,train
3317580,3757,train
3317960,6111,train
3318360,162,train
3318550,6113,train
3319720,6114,train
3320340,6115,train
3320770,3147,train
3321220,6117,train
3321330,6118,train
3323600,6120,train
3323830,6121,train
3325290,6123,train
3326600,6124,train
3326610,6125,train
3327150,3887,train
3327210,6126,train
3327260,6127,train
3327600,3887,train
3328090,3887,train
3328730,6128,train
3328900,6129,train
3331370,6133,train
3334990,6135,train
3340710,6138,train
3341110,1508,train
3341780,6139,train
3342810,6140,train
3345670,6127,train
3345690,6141,train
3346240,6144,train
3346830,6146,train
3348280,5717,train
3348540,6150,train
3349270,6151,train
3351990,6154,train
3352240,6155,train
3353000,6157,train
3353260,6158,train
3354990,6160,train
3356130,6163,train
3356160,6164,train
3356960,6165,train
3357410,6166,train
3360380,7,train
3361890,6168,train
3362070,5628,train
3362780,6169,train
3362990,6170,train
3365050,7,train
3366410,5925,train
3367500,6175,train
3369290,6178,train
3369390,6179,train
3370170,6180,train
3370290,6181,train
3370510,6182,train
3370710,6183,train
3370930,6184,train
3373040,6185,train
3375780,235,train
3376160,7,train
3376640,5949,train
3376690,6186,train
3376990,6187,train
3377640,6030,train
3379440,5175,train
3380520,2169,train
3382110,6194,train
3383720,6197,train
3384250,6198,train
3385360,5118,train
3387560,6201,train
3388340,6203,train
3389230,6204,train
3389680,6205,train
3389860,6206,train
3390870,7,train
3393520,6210,train
3394400,3887,train
3395700,6212,train
3397870,6215,train
3399040,6217,train
3403080,6220,train
3404250,6221,train
3404440,6222,train
3406800,6225,train
3408380,6227,train
3408500,6228,train
3408690,6229,train
3409680,6232,train
3409760,6233,train
3410370,6234,train
3410880,6235,train
3413110,6240,train
3414480,6243,train
3414930,6244,train
3415390,6246,train
3418610,6247,train
3419720,6250,train
3422940,6254,train
3428330,6255,train
3429830,6256,train
3431050,6259,train
3432660,6262,train
3433230,6263,train
3433690,6265,train
3434950,6269,train
3435210,6270,train
3435250,6271,train
3437180,6273,train
3438250,6276,train
3438760,6278,train
3439940,6282,train
3440610,1570,train
3443030,6288,train
3443620,6290,train
3445020,6293,train
3445500,6295,train
3445890,6296,train
3446040,5449,train
3447040,235,train
3447940,5949,train
3448240,6298,train
3448750,6299,train
3456550,6302,train
3458340,6304,train
3461270,6307,train
3461480,868,train
3461490,868,train
3462150,6309,train
3463170,4913,train
3465310,6310,train
3466500,6312,train
3466570,6313,train
3470640,6316,train
3471130,3861,train
3473260,6318,train
3475670,6320,train
3477800,6321,train
3480540,6325,train
3480930,6327,train
3481760,6330,train
3481850,6331,train
3484310,6332,train
3485220,4491,train
3487460,5717,train
3488760,6334,train
3489380,6335,train
3489480,1976,train
3491910,6337,train
3494560,6338,train
3494790,6339,train
3496500,6340,train
3500910,6342,train
3503400,6344,train
3504430,6345,train
3505650,4992,train
3506050,5949,train
3508030,1341,train
3509790,3891,train
3510020,6350,train
3515440,6352,train
3515710,6353,train
3516580,6354,train
3519590,6357,train
3519730,6358,train
3520290,6359,train
3520770,6360,train
3521330,6363,train
3523820,6364,train
3525930,6367,train
3533720,6374,train
3537530,1631,train
3537650,6377,train
3538370,6379,train
3541350,6382,train
3544460,734,train
3544500,3541,train
3547620,6387,train
3549370,6389,train
3549430,6390,train
3550540,6391,train
3551340,6392,train
3556490,6396,train
3557040,6397,train
3557830,6398,train
3558710,5781,train
3560690,5384,train
3561460,6403,train
3562180,6405,train
3562530,6406,train
3566180,6410,train
3567270,6412,train
3567350,6413,train
3570600,3479,train
3573700,6417,train
3574850,6357,train
3575980,6418,train
3576690,6420,train
3578480,6422,train
3581090,6424,train
3582130,6425,train
3582980,6426,train
3585750,6429,train
3587610,6430,train
3587990,6431,train
3588390,6432,train
3589010,6435,train
3589350,6436,train
3599050,6441,train
3600200,6445,train
3602060,6447,train
3602530,6448,train
3602540,6449,train
3602720,6450,train
3603420,6451,train
3603690,6452,train
3605070,6453,train
3605150,6454,train
3607850,6455,train
3607990,6456,train
3610530,6457,train
3612520,6459,train
3612740,6460,train
3614600,6463,train
3614980,6464,train
3617400,6469,train
3617600,6470,train
3625570,6476,train
3626100,5054,train
3629400,6481,train
3630230,6482,train
3631020,6483,train
3631970,6484,train
3633830,6485,train
3638970,6486,train
3640860,6488,train
3642650,6489,train
3644790,1631,train
3645430,6491,train
3645780,6492,train
3645890,6493,train
3646130,6494,train
3654060,6501,train
3654570,6502,train
3655910,6503,train
3656690,6504,train
3658820,6505,train
3659440,6506,train
3660320,6508,train
3660600,6509,train
3661740,6510,train
3664280,6512,train
3664560,6513,train
3665110,1976,train
3666470,6517,train
3666640,6518,train
3667660,6519,train
3672540,6524,train
3672800,6525,train
3673320,6526,train
3680520,6529,train
3682300,6531,train
3684800,6532,train
3685180,6534,train
3687290,6536,train
3696700,6539,train
3702640,6544,train
3703280,6545,train
3703850,6547,train
3703870,6548,train
3705260,6550,train
3706250,6459,train
3706510,6552,train
3707610,6553,train
3708640,6554,train
3711360,6557,train
3713850,6558,train
3716870,6560,train
3720630,6562,train
3723470,4980,train
3729270,6509,train
3737330,6568,train
3744310,6577,train
3751730,6580,train
3752310,6581,train
3752510,1976,train
3752580,6582,train
3755920,6586,train
3758590,6589,train
3760820,6590,train
3763770,6593,train
3764330,6410,train
3770470,6595,train
3775400,6597,train
3780660,868,train
3781500,6600,train
3787960,6603,train
3794320,6608,train
3799510,6609,train
3801470,516,train
3803230,6611,train
3806380,6612,train
3808670,6613,train
3812660,7,train
3818570,6615,train
3821040,6616,train
3822340,6619,train
3825240,6620,train
3827110,6621,train
3831290,6623,train
3833180,6624,train
3836910,6625,train
3837340,7,train
3840640,6627,train
3841000,6628,train
3841970,6629,train
3842340,6630,train
3842680,6631,train
3848860,6636,train
3854780,6639,train
3856540,6628,train
3860100,6640,train
3861280,5280,train
3861440,6641,train
3864060,6642,train
3869680,5461,train
3879000,6646,train
3883520,6650,train
3883760,6651,train
3884210,6653,train
3891760,6654,train
3894260,6657,train
3898150,6659,train
3900290,6660,train
3902710,6662,train
3907610,6663,train
3911950,6666,train
3912150,6667,train
3914000,6668,train
3916800,5717,train
3918500,6669,train
3920420,6672,train
3921240,6673,train
3921320,1976,train
3926220,6676,train
3927440,6677,train
3927920,6678,train
3928070,6679,train
3929940,6357,train
3937800,6682,train
3939130,6683,train
3939990,6684,train
3940920,6685,train
3944010,6688,train
3944230,6689,train
3944630,6627,train
3946860,6690,train
3953000,6694,train
3953690,6695,train
3953840,6696,train
3954080,6697,train
3954370,6698,train
3957580,6700,train
3959110,6701,train
3959950,6702,train
3961110,6703,train
3964160,6704,train
3981030,6628,train
3988830,6709,train
3995320,6710,train
4001870,1976,train
4006210,6715,train
4007090,6716,train
4008370,6717,train
4016920,6718,train
4024220,6719,train
4047800,3887,train
4048960,6722,train
4052020,6723,train
4055610,6725,train
4056220,6726,train
4061890,6728,train
4067490,6729,train
4069920,6732,train
4073340,6735,train
4080410,3887,train
4084320,6737,train
4098570,6740,train
4100060,6741,train
4105610,6744,train
4115050,6747,train
4121490,6628,train
4124070,6750,train
4124840,6751,train
4139400,6753,train
4169760,6757,train
4191000,6760,train
4223690,6762,train
9960,5,validation
32460,11,validation
42900,22,validation
46700,25,validation
60700,32,validation
65800,35,validation
111600,47,validation
225080,81,validation
237890,97,validation
245150,102,validation
249230,109,validation
253770,115,validation
257690,119,validation
258880,123,validation
272620,47,validation
280520,163,validation
281430,166,validation
291010,184,validation
291710,189,validation
292880,193,validation
293240,194,validation
293940,197,validation
299150,193,validation
320630,253,validation
328220,266,validation
332260,274,validation
333880,278,validation
336200,286,validation
336770,288,validation
340730,302,validation
342860,307,validation
343250,309,validation
344740,311,validation
348570,326,validation
349550,328,validation
354620,335,validation
355810,340,validation
356170,341,validation
356570,344,validation
360170,352,validation
363330,193,validation
366010,366,validation
370220,375,validation
373600,47,validation
373930,387,validation
375570,390,validation
380550,395,validation
381220,399,validation
381250,400,validation
382420,403,validation
385380,411,validation
385690,414,validation
386480,419,validation
386700,421,validation
387010,422,validation
388880,424,validation
403410,456,validation
407380,464,validation
412370,474,validation
415480,97,validation
416110,480,validation
416600,482,validation
418030,484,validation
418060,485,validation
429220,508,validation
434030,518,validation
434570,520,validation
434730,523,validation
434750,524,validation
441640,539,validation
442260,541,validation
448440,557,validation
448540,558,validation
449150,559,validation
449310,560,validation
451600,566,validation
451950,569,validation
454330,571,validation
456830,579,validation
457320,581,validation
460230,588,validation
460630,591,validation
461710,594,validation
465540,605,validation
465890,607,validation
466010,608,validation
466490,193,validation
468310,615,validation
483420,608,validation
485400,635,validation
490160,647,validation
491070,651,validation
492870,422,validation
495890,661,validation
497870,667,validation
503620,682,validation
504770,686,validation
505060,688,validation
509610,695,validation
516120,709,validation
516610,713,validation
520270,720,validation
522730,732,validation
525690,737,validation
526550,738,validation
527310,739,validation
527910,608,validation
530080,750,validation
533060,759,validation
535350,768,validation
535890,769,validation
536320,771,validation
540180,775,validation
543920,785,validation
546410,791,validation
552400,803,validation
557790,815,validation
560170,11,validation
561420,822,validation
562620,825,validation
566320,835,validation
566810,836,validation
574010,847,validation
574140,848,validation
575210,851,validation
576590,858,validation
579230,866,validation
579720,867,validation
582530,876,validation
586740,759,validation
588710,886,validation
591940,891,validation
593490,399,validation
593680,608,validation
595140,900,validation
596530,902,validation
599480,419,validation
600200,914,validation
602120,919,validation
605140,928,validation
609400,934,validation
610560,937,validation
610980,938,validation
613270,942,validation
613730,523,validation
615630,947,validation
619820,47,validation
622220,961,validation
622370,962,validation
623460,759,validation
627450,352,validation
628320,972,validation
629100,608,validation
629110,607,validation
632840,978,validation
638130,987,validation
639180,989,validation
639240,990,validation
641980,992,validation
649600,999,validation
653080,1003,validation
655440,695,validation
656680,1012,validation
659460,1023,validation
659780,1024,validation
659890,1025,validation
666260,1043,validation
666870,1045,validation
668460,1053,validation
669830,1058,validation
674480,1071,validation
675990,1073,validation
676660,647,validation
676930,1077,validation
678540,1083,validation
681150,1089,validation
692090,1114,validation
698260,1130,validation
698410,1131,validation
704370,1089,validation
706130,1145,validation
708450,1148,validation
711300,1156,validation
716330,1167,validation
716400,1169,validation
721400,1182,validation
723400,1186,validation
724090,1187,validation
726100,1194,validation
726980,1196,validation
728530,1201,validation
729390,1205,validation
729640,1207,validation
730760,1209,validation
730780,1210,validation
732090,1213,validation
733110,594,validation
733990,1073,validation
736050,1220,validation
738290,1227,validation
738520,1229,validation
738860,1231,validation
738920,1233,validation
740130,456,validation
740280,1238,validation
745630,1247,validation
747360,1253,validation
747730,1254,validation
748910,1220,validation
749470,1260,validation
749840,1262,validation
752470,1267,validation
752550,1268,validation
753220,1269,validation
753560,1271,validation
755920,1276,validation
756300,1277,validation
765320,1304,validation
765410,1305,validation
766070,1306,validation
767840,1308,validation
769640,1311,validation
771010,1077,validation
773230,1318,validation
775530,1326,validation
775790,1327,validation
776890,1329,validation
777050,1331,validation
777880,1333,validation
782180,1347,validation
785880,1351,validation
786710,1353,validation
789490,1361,validation
791200,1365,validation
792760,1367,validation
799600,1380,validation
802080,1388,validation
805720,1398,validation
808910,11,validation
809230,47,validation
809850,1411,validation
814660,1422,validation
818010,1427,validation
822840,1437,validation
822910,1439,validation
824280,274,validation
825320,1445,validation
826420,1449,validation
827780,1451,validation
830370,1455,validation
831060,886,validation
831090,1456,validation
835660,1464,validation
837900,1329,validation
839530,1468,validation
840840,1475,validation
841440,421,validation
846320,1491,validation
848060,307,validation
850060,1500,validation
851730,1503,validation
856350,1513,validation
857680,1515,validation
859610,1213,validation
861210,1524,validation
861670,1527,validation
862190,1530,validation
863920,1534,validation
864730,1538,validation
865720,1541,validation
875630,1565,validation
878500,1524,validation
880730,1572,validation
887920,759,validation
891330,1594,validation
894010,1213,validation
894160,1601,validation
894330,1602,validation
897830,858,validation
907040,1630,validation
907950,1633,validation
910490,1637,validation
914600,1647,validation
920520,1653,validation
921730,1655,validation
931200,1665,validation
940990,759,validation
941200,1677,validation
941480,1678,validation
943510,1684,validation
943680,647,validation
944430,769,validation
946790,1687,validation
948490,1688,validation
951050,1693,validation
952850,1696,validation
953690,335,validation
954610,1700,validation
957960,1708,validation
959800,1711,validation
962970,1717,validation
963710,1719,validation
969480,1734,validation
970220,1736,validation
972160,1739,validation
974680,1743,validation
975150,1744,validation
979000,1749,validation
979580,1751,validation
984800,1759,validation
986280,1763,validation
986930,1541,validation
987580,1764,validation
990030,1779,validation
996620,1787,validation
1001990,1793,validation
1002440,1794,validation
1004330,1799,validation
1007970,1806,validation
1008140,1524,validation
1010540,1810,validation
1010650,1811,validation
1012280,1819,validation
1016330,1834,validation
1017600,1837,validation
1022000,1847,validation
1028310,1864,validation
1029230,1865,validation
1029260,1866,validation
1029930,1869,validation
1033140,1880,validation
1035030,1889,validation
1035220,1890,validation
1036990,1896,validation
1037020,1897,validation
1037940,1900,validation
1042020,1907,validation
1042170,1908,validation
1044450,1917,validation
1047160,1920,validation
1052310,1931,validation
1054630,1937,validation
1057770,1942,validation
1060160,1948,validation
1060870,1950,validation
1061250,1953,validation
1061620,1955,validation
1061920,1956,validation
1067080,1965,validation
1069390,1968,validation
1071970,1974,validation
1074510,1987,validation
1077290,1990,validation
1077680,1992,validation
1078490,1993,validation
1079870,1999,validation
1081090,2003,validation
1081500,2006,validation
1085090,2015,validation
1085990,2019,validation
1086450,2021,validation
1098000,2044,validation
1100860,2049,validation
1102000,2055,validation
1102700,2059,validation
1103730,2061,validation
1106200,2066,validation
1106680,2067,validation
1108310,2070,validation
1109700,2075,validation
1112350,2079,validation
1113000,2081,validation
1115630,2086,validation
1117330,2092,validation
1123850,2103,validation
1123900,759,validation
1126890,2111,validation
1131230,2121,validation
1138300,2135,validation
1141220,2143,validation
1142000,2147,validation
1144260,1524,validation
1145590,2156,validation
1146160,2160,validation
1149620,2170,validation
1153220,1089,validation
1159090,2186,validation
1165270,2200,validation
1165540,2201,validation
1168960,2207,validation
1171620,2212,validation
1180450,2229,validation
1181300,2230,validation
1181360,2231,validation
1183650,2235,validation
1184230,2236,validation
1185580,2240,validation
1186040,2242,validation
1187330,2247,validation
1188020,2248,validation
1194170,2259,validation
1196390,1449,validation
1196500,2265,validation
1198050,2270,validation
1200420,2276,validation
1200910,2282,validation
1201880,2289,validation
1204580,2293,validation
1205970,274,validation
1212470,2307,validation
1213300,2310,validation
1215200,302,validation
1216190,2318,validation
1217110,2320,validation
1218940,2326,validation
1220140,2329,validation
1221250,2331,validation
1229270,2341,validation
1238330,2368,validation
1239360,2371,validation
1249800,2392,validation
1250770,1763,validation
1251910,2396,validation
1257270,1524,validation
1258650,2413,validation
1260820,2418,validation
1261750,2421,validation
1273100,2444,validation
1283240,2466,validation
1283890,2470,validation
1285580,1194,validation
1286600,1917,validation
1289690,2491,validation
1290830,2492,validation
1290920,2494,validation
1301830,2517,validation
1303820,2526,validation
1309620,2536,validation
1315270,2543,validation
1315980,2545,validation
1317270,2548,validation
1322550,2551,validation
1324830,2556,validation
1332190,2564,validation
1344170,2593,validation
1345180,2595,validation
1345220,2597,validation
1345340,2598,validation
1352650,2611,validation
1371210,1089,validation
1371540,2639,validation
1375930,2654,validation
1379980,2663,validation
1382330,2081,validation
1383030,2668,validation
1394960,2170,validation
1395270,2698,validation
1404530,2710,validation
1411740,2724,validation
1412440,2726,validation
1412850,2729,validation
1413370,1759,validation
1415020,2736,validation
1417280,2739,validation
1417740,2740,validation
1422190,2747,validation
1422790,2749,validation
1423200,2751,validation
1425640,2758,validation
1428290,1089,validation
1428460,2760,validation
1428880,2761,validation
1433090,2769,validation
1433500,2772,validation
1435410,2776,validation
1437520,2780,validation
1439320,2783,validation
1439550,2784,validation
1444320,2793,validation
1444890,2794,validation
1445120,1089,validation
1445890,2798,validation
1449230,2802,validation
1455130,2811,validation
1457710,2817,validation
1458980,2820,validation
1459890,2823,validation
1460930,2824,validation
1461540,2826,validation
1462220,2829,validation
1477300,2865,validation
1477850,2868,validation
1482700,2885,validation
1483970,2891,validation
1484610,2894,validation
1485900,2897,validation
1489310,2909,validation
1490500,2913,validation
1491490,2914,validation
1491540,2915,validation
1492120,2917,validation
1494650,2923,validation
1500290,2934,validation
1503530,2945,validation
1506080,2951,validation
1508400,737,validation
1508650,2958,validation
1509050,2959,validation
1509180,2960,validation
1509460,2962,validation
1513660,2967,validation
1518320,2979,validation
1518610,2981,validation
1520090,2988,validation
1520580,2991,validation
1521020,2992,validation
1521780,2993,validation
1524920,3002,validation
1526230,3004,validation
1532510,3017,validation
1533570,3020,validation
1535320,3026,validation
1535910,3027,validation
1536190,3028,validation
1540190,3037,validation
1543690,3046,validation
1546570,2958,validation
1547380,3053,validation
1548640,3055,validation
1548660,3056,validation
1549990,3059,validation
1550800,3062,validation
1552220,3069,validation
1560770,3081,validation
1562340,3087,validation
1570330,3110,validation
1570750,3112,validation
1572850,3118,validation
1573250,3121,validation
1573300,3122,validation
1573630,3124,validation
1577140,3136,validation
1578100,3142,validation
1578380,3143,validation
1580180,3149,validation
1584800,3165,validation
1587930,3171,validation
1592290,2326,validation
1596010,3186,validation
1615950,2081,validation
1619330,3218,validation
1627730,3238,validation
1631100,3246,validation
1633740,3255,validation
1636550,3261,validation
1640640,3266,validation
1646300,3277,validation
1648080,3279,validation
1658040,962,validation
1659520,3301,validation
1673020,3326,validation
1677020,3333,validation
1679170,3338,validation
1679770,3340,validation
1683630,3350,validation
1684270,3351,validation
1689570,3363,validation
1689780,3364,validation
1694840,3377,validation
1703340,3391,validation
1704260,3396,validation
1706820,3403,validation
1709950,3415,validation
1710340,3417,validation
1710460,3418,validation
1712310,3420,validation
1712750,3423,validation
1713410,3425,validation
1714530,3432,validation
1719210,3440,validation
1719470,3441,validation
1722310,3261,validation
1723750,3445,validation
1724320,3449,validation
1728160,3457,validation
1730920,3466,validation
1737840,3475,validation
1740600,3481,validation
1740720,3482,validation
1740930,3485,validation
1743570,3493,validation
1743940,3495,validation
1744460,3496,validation
1745510,3500,validation
1746730,1089,validation
1746760,3504,validation
1747830,3002,validation
1749010,3507,validation
1756510,3518,validation
1758440,3523,validation
1759990,3525,validation
1765730,3532,validation
1766230,3536,validation
1768300,3543,validation
1769380,3546,validation
1771880,3549,validation
1773560,3552,validation
1774910,1089,validation
1779790,3559,validation
1780720,3563,validation
1783560,3568,validation
1787640,3577,validation
1789560,3582,validation
1795440,3591,validation
1797480,3594,validation
1797630,3596,validation
1799060,3598,validation
1799940,3604,validation
1803150,3609,validation
1804170,3615,validation
1808500,3623,validation
1810210,3628,validation
1810230,3629,validation
1812090,3636,validation
1817020,3646,validation
1818280,3648,validation
1820180,1089,validation
1823540,3660,validation
1828080,3668,validation
1834110,3681,validation
1834640,3683,validation
1838100,3689,validation
1838790,3691,validation
1842050,3695,validation
1849530,3709,validation
1850790,3711,validation
1851970,3714,validation
1853830,3716,validation
1855660,3719,validation
1855760,3720,validation
1856830,3721,validation
1867350,3577,validation
1867590,3736,validation
1868170,2081,validation
1871590,3737,validation
1878180,3744,validation
1880620,3751,validation
1880720,3752,validation
1882420,3756,validation
1884430,3759,validation
1885640,1329,validation
1887260,123,validation
1887990,3763,validation
1890550,3769,validation
1893590,3771,validation
1895630,3778,validation
1896720,3781,validation
1896820,3577,validation
1897340,3783,validation
1900160,3787,validation
1900400,3788,validation
1902750,3577,validation
1906750,3804,validation
1908330,3807,validation
1910370,3813,validation
1912660,3816,validation
1913220,3820,validation
1915430,3823,validation
1915800,3824,validation
1917970,3261,validation
1918970,3829,validation
1924820,3838,validation
1927710,1329,validation
1941510,3864,validation
1944250,3868,validation
1946170,3875,validation
1946810,3877,validation
1952490,3889,validation
1952550,3890,validation
1961250,3900,validation
1964580,3907,validation
1968520,3915,validation
1973850,3924,validation
1975360,3927,validation
1978460,3934,validation
1983950,3953,validation
1986230,3759,validation
1991010,825,validation
1995220,3974,validation
1999140,3983,validation
2006300,3994,validation
2009950,4001,validation
2013270,4008,validation
2013640,1329,validation
2014420,4011,validation
2051130,4029,validation
2052940,4037,validation
2056480,1089,validation
2057850,2817,validation
2066960,4067,validation
2071600,4073,validation
2072550,4074,validation
2073110,4076,validation
2075130,4085,validation
2075230,4086,validation
2077940,4094,validation
2081230,4099,validation
2083560,4104,validation
2087860,4113,validation
2088400,4116,validation
2096960,4131,validation
2100010,4137,validation
2100050,4138,validation
2104860,3420,validation
2108600,4146,validation
2111170,961,validation
2112820,1003,validation
2113220,4156,validation
2120840,4171,validation
2127430,961,validation
2128990,4183,validation
2131240,1948,validation
2133890,4187,validation
2136480,4192,validation
2136820,4193,validation
2137600,3577,validation
2140740,4198,validation
2142430,4201,validation
2143980,4206,validation
2145960,4211,validation
2152740,4223,validation
2161450,4236,validation
2162980,4242,validation
2173460,4263,validation
2175650,4267,validation
2180610,4279,validation
2181000,4281,validation
2181750,4284,validation
2186300,4297,validation
2189450,4305,validation
2191310,4308,validation
2192680,2081,validation
2196150,1089,validation
2196170,25,validation
2196980,4313,validation
2199360,3759,validation
2202240,4323,validation
2206590,4330,validation
2207640,4332,validation
2211800,4344,validation
2212250,4345,validation
2218830,4361,validation
2219050,4362,validation
2220580,4364,validation
2223550,4372,validation
2239800,4398,validation
2240620,4399,validation
2247760,4406,validation
2256260,4422,validation
2257640,4427,validation
2263360,4438,validation
2265240,1524,validation
2267120,1194,validation
2270000,4453,validation
2274700,4459,validation
2276060,4461,validation
2276100,4462,validation
2277490,4465,validation
2279220,4469,validation
2282010,4474,validation
2283390,4478,validation
2287220,4485,validation
2288480,4487,validation
2290250,3255,validation
2292610,4323,validation
2293210,4323,validation
2294920,4494,validation
2296850,4498,validation
2307760,4514,validation
2309890,4516,validation
2316960,4524,validation
2319080,1089,validation
2322120,4530,validation
2328110,4545,validation
2329170,4548,validation
2338130,4516,validation
2339020,3660,validation
2340360,4564,validation
2341680,4568,validation
2344990,4571,validation
2345990,4575,validation
2348980,4581,validation
2353120,4588,validation
2355010,4462,validation
2360770,4603,validation
2362010,4607,validation
2362900,4609,validation
2363000,4610,validation
2363290,4612,validation
2371390,4627,validation
2372760,4632,validation
2375260,4639,validation
2377780,4644,validation
2377970,4646,validation
2380310,3124,validation
2382190,1896,validation
2383710,4661,validation
2383900,4662,validation
2384320,4663,validation
2384680,4665,validation
2385780,4668,validation
2386790,4671,validation
2387820,1329,validation
2393130,3261,validation
2394600,1329,validation
2398940,4688,validation
2403290,3927,validation
2407480,4699,validation
2411530,4704,validation
2413220,4709,validation
2414260,4297,validation
2416190,4715,validation
2420350,4722,validation
2420930,4724,validation
2422450,4728,validation
2429620,4739,validation
2434590,4744,validation
2438540,2611,validation
2439370,4749,validation
2439660,4750,validation
2441500,4755,validation
2442440,4236,validation
2443550,4760,validation
2444000,4761,validation
2445020,4764,validation
2448940,4770,validation
2451470,2817,validation
2451510,4777,validation
2454040,4784,validation
2454480,4785,validation
2455260,4786,validation
2456340,3668,validation
2457350,4789,validation
2460190,4795,validation
2468630,4818,validation
2475330,4826,validation
2476620,4829,validation
2482970,4842,validation
2483420,4843,validation
2487160,3660,validation
2490160,4857,validation
2500240,3660,validation
2501160,2147,validation
2502420,4869,validation
2506120,4873,validation
2510760,4885,validation
2515910,3261,validation
2527890,123,validation
2534650,4914,validation
2537120,3615,validation
2549020,4930,validation
2553420,4935,validation
2553690,4936,validation
2557860,4945,validation
2558750,4947,validation
2559540,3804,validation
2559820,4948,validation
2566450,4958,validation
2574760,4973,validation
2576550,4975,validation
2583920,4983,validation
2587840,4991,validation
2596470,1329,validation
2605140,5016,validation
2608460,1194,validation
2608470,1194,validation
2609270,1089,validation
2614090,5032,validation
2615300,5034,validation
2620500,5041,validation
2620610,5042,validation
2622240,5044,validation
2624320,5048,validation
2629070,5056,validation
2635070,3628,validation
2635850,3577,validation
2639860,5070,validation
2646760,5083,validation
2652500,5094,validation
2653960,5098,validation
2672350,5126,validation
2673760,5130,validation
2677000,5134,validation
2677720,5137,validation
2677910,1053,validation
2684200,5156,validation
2688620,5163,validation
2690820,3660,validation
2695290,4947,validation
2696530,4873,validation
2703300,5197,validation
2704140,5204,validation
2704300,5205,validation
2705320,5207,validation
2707580,5217,validation
2710790,5222,validation
2720540,5239,validation
2722120,5241,validation
2726960,5256,validation
2730290,5262,validation
2736710,5272,validation
2737030,5273,validation
2743310,5277,validation
2744410,5281,validation
2750390,5290,validation
2759770,5299,validation
2760500,5300,validation
2765670,5314,validation
2765910,5315,validation
2766770,5316,validation
2766880,5317,validation
2767220,5318,validation
2767450,5320,validation
2775570,5331,validation
2778540,5335,validation
2778570,5336,validation
2778630,5272,validation
2780470,5339,validation
2782060,1601,validation
2785230,5346,validation
2785750,866,validation
2786360,1751,validation
2786700,5347,validation
2803360,5373,validation
2805630,1329,validation
2807340,5378,validation
2812750,2611,validation
2815460,3660,validation
2816420,5393,validation
2824610,5408,validation
2825780,5410,validation
2833960,3759,validation
2838410,3890,validation
2839350,5429,validation
2839500,5430,validation
2843170,5439,validation
2843600,5440,validation
2846730,5445,validation
2847980,5447,validation
2848160,5450,validation
2855770,5463,validation
2858110,1633,validation
2858860,5466,validation
2862020,1329,validation
2862560,5474,validation
2862860,5475,validation
2873040,5489,validation
2884780,5519,validation
2886740,5520,validation
2890060,5524,validation
2891520,5528,validation
2893990,5531,validation
2894100,2793,validation
2906270,3112,validation
2907230,5554,validation
2910960,5559,validation
2911490,5560,validation
2912770,5564,validation
2920950,5571,validation
2922710,5574,validation
2922760,5575,validation
2923120,5577,validation
2926180,3660,validation
2927650,5586,validation
2928770,5588,validation
2943780,5602,validation
2949220,5606,validation
2951920,5609,validation
2956500,3660,validation
2958630,5626,validation
2960480,5629,validation
2964000,5632,validation
2966370,5634,validation
2973480,5642,validation
2975480,5645,validation
2976230,5647,validation
2986580,5662,validation
2993720,3326,validation
2995220,5674,validation
2998990,5681,validation
2999740,5683,validation
3001200,5685,validation
3014710,3261,validation
3015930,1968,validation
3026290,5719,validation
3028120,5722,validation
3032620,5730,validation
3034630,5734,validation
3045050,4524,validation
3049770,1194,validation
3053330,1194,validation
3059070,5758,validation
3059490,5759,validation
3059820,1089,validation
3061700,5763,validation
3063920,2019,validation
3068210,5770,validation
3068220,5771,validation
3069120,5772,validation
3069410,5773,validation
3073990,5780,validation
3076960,5782,validation
3082630,5786,validation
3085300,5791,validation
3090600,5799,validation
3093090,5800,validation
3098410,5809,validation
3098580,5810,validation
3098920,5811,validation
3104620,5817,validation
3105940,5819,validation
3107950,1329,validation
3108720,5825,validation
3110580,5828,validation
3112100,4459,validation
3113680,5833,validation
3117720,5843,validation
3120500,1089,validation
3124130,5855,validation
3139370,5872,validation
3142940,5879,validation
3144090,5881,validation
3144370,5882,validation
3152200,5892,validation
3160980,1089,validation
3162750,5910,validation
3164800,5912,validation
3168370,5921,validation
3171340,5927,validation
3171760,5928,validation
3173120,5931,validation
3175310,5933,validation
3175950,5934,validation
3176850,5935,validation
3180800,5937,validation
3182360,1089,validation
3183640,5943,validation
3189100,5952,validation
3189820,5953,validation
3191920,5957,validation
3195540,5960,validation
3196040,4661,validation
3197720,5963,validation
3200540,5966,validation
3205390,5976,validation
3206260,5980,validation
3207050,5981,validation
3209860,5985,validation
3214790,5991,validation
3215080,5892,validation
3218080,5998,validation
3229530,6010,validation
3229540,6011,validation
3240350,6021,validation
3250220,6027,validation
3265070,6043,validation
3266800,6045,validation
3268080,6046,validation
3268440,6047,validation
3269150,5892,validation
3269850,6048,validation
3275230,6051,validation
3277630,6054,validation
3280650,6058,validation
3286990,6066,validation
3291580,6073,validation
3296200,4564,validation
3305230,6097,validation
3313130,6104,validation
3314310,3261,validation
3315120,6107,validation
3316990,6109,validation
3322940,6119,validation
3341510,97,validation
3345820,6142,validation
3345970,6143,validation
3355990,6162,validation
3360660,6167,validation
3363510,6171,validation
3366910,6173,validation
3367360,6174,validation
3377940,6189,validation
3382660,6196,validation
3384840,6199,validation
3387740,1329,validation
3390250,6171,validation
3396900,6213,validation
3398070,6216,validation
3406730,6224,validation
3409430,6231,validation
3412280,6238,validation
3414410,6242,validation
3414810,1968,validation
3420690,6251,validation
3422220,6253,validation
3422290,3326,validation
3426020,2081,validation
3430780,6258,validation
3432160,6261,validation
3434200,6266,validation
3435270,6272,validation
3437350,6274,validation
3438460,6277,validation
3441600,6283,validation
3442880,6287,validation
3444560,6292,validation
3445150,6294,validation
3446210,6297,validation
3450680,6300,validation
3452370,5928,validation
3464680,4661,validation
3466280,6311,validation
3467710,6314,validation
3469190,97,validation
3471270,6317,validation
3471980,1329,validation
3496100,3660,validation
3507830,3695,validation
3509460,6346,validation
3509730,6348,validation
3510750,2826,validation
3519530,6356,validation
3525360,6365,validation
3525840,6366,validation
3527900,6368,validation
3530160,6369,validation
3531260,6373,validation
3538500,6380,validation
3544260,6385,validation
3544590,6386,validation
3554000,6395,validation
3557420,4297,validation
3559170,6400,validation
3560530,6401,validation
3561070,6402,validation
3566140,6409,validation
3569980,6415,validation
3580300,6423,validation
3580330,4206,validation
3584010,6427,validation
3584940,6428,validation
3593510,6438,validation
3599390,6442,validation
3615440,3002,validation
3615770,6465,validation
3616680,6467,validation
3633250,2958,validation
3644530,6490,validation
3646280,6495,validation
3660080,6507,validation
3669660,6521,validation
3673750,6527,validation
3684910,6533,validation
3695640,6537,validation
3696150,6538,validation
3703380,6546,validation
3705460,6551,validation
3716080,6559,validation
3719050,6561,validation
3722760,6564,validation
3731130,3002,validation
3734990,6566,validation
3735310,6507,validation
3735320,6507,validation
3741280,6573,validation
3748690,6579,validation
3753360,6583,validation
3753690,6584,validation
3754100,6585,validation
3772330,6596,validation
3781400,6599,validation
3783200,6601,validation
3789750,6583,validation
3793950,6607,validation
3798600,1524,validation
3812280,6614,validation
3845600,6633,validation
3850220,6637,validation
3852180,6638,validation
3854880,302,validation
3880080,6647,validation
3894380,6658,validation
3902670,6661,validation
3910080,6665,validation
3924000,6675,validation
3934520,6680,validation
3937150,6681,validation
3938400,5782,validation
3943430,6687,validation
3948550,6692,validation
3998980,6711,validation
4023160,6507,validation
4068860,6730,validation
4071710,1329,validation
4117790,6748,validation
4147380,3122,validation
4148290,6755,validation
8930,4,calibration
33390,13,calibration
65980,4,calibration
94200,40,calibration
212700,66,calibration
214770,69,calibration
215470,70,calibration
221380,77,calibration
227580,85,calibration
240600,98,calibration
245170,103,calibration
246760,105,calibration
246900,106,calibration
256370,98,calibration
259530,125,calibration
259680,126,calibration
263200,133,calibration
263560,134,calibration
264060,136,calibration
269310,144,calibration
269790,146,calibration
270450,148,calibration
274170,154,calibration
282210,4,calibration
290850,183,calibration
292160,190,calibration
292400,191,calibration
293440,195,calibration
296240,204,calibration
299680,209,calibration
301840,214,calibration
306410,224,calibration
306640,225,calibration
307050,226,calibration
311210,4,calibration
315840,244,calibration
318570,249,calibration
319400,251,calibration
329770,269,calibration
330020,270,calibration
331880,273,calibration
333120,275,calibration
333290,276,calibration
334540,281,calibration
337720,292,calibration
338980,204,calibration
340050,298,calibration
340580,300,calibration
341710,305,calibration
344860,313,calibration
348740,327,calibration
351170,330,calibration
356260,342,calibration
357600,345,calibration
359230,350,calibration
360430,4,calibration
361160,355,calibration
361350,356,calibration
361550,357,calibration
362670,360,calibration
368390,369,calibration
374830,389,calibration
375680,391,calibration
377950,40,calibration
390940,204,calibration
392260,433,calibration
395570,436,calibration
397310,440,calibration
402620,451,calibration
402910,452,calibration
406090,460,calibration
406550,462,calibration
408060,466,calibration
409580,470,calibration
412660,475,calibration
421040,489,calibration
426040,498,calibration
429260,509,calibration
434600,521,calibration
434800,525,calibration
435250,528,calibration
439730,537,calibration
442210,540,calibration
448010,555,calibration
448380,556,calibration
449700,562,calibration
450060,564,calibration
454780,574,calibration
457480,582,calibration
460950,592,calibration
462830,596,calibration
465010,602,calibration
465100,603,calibration
473720,621,calibration
489110,643,calibration
489170,644,calibration
490870,649,calibration
491930,654,calibration
494040,656,calibration
494810,659,calibration
495540,660,calibration
498570,670,calibration
502990,678,calibration
512250,700,calibration
514150,708,calibration
517370,715,calibration
520520,721,calibration
520680,722,calibration
521560,729,calibration
527950,741,calibration
535240,767,calibration
540880,777,calibration
542200,778,calibration
542550,779,calibration
543030,781,calibration
543300,784,calibration
546350,790,calibration
552100,801,calibration
552330,802,calibration
562660,826,calibration
564160,830,calibration
567010,837,calibration
573730,846,calibration
576370,857,calibration
580880,872,calibration
582920,878,calibration
583530,880,calibration
586150,883,calibration
594050,898,calibration
596990,903,calibration
597920,904,calibration
599600,909,calibration
600150,912,calibration
600190,913,calibration
603000,922,calibration
603660,924,calibration
610210,935,calibration
615270,946,calibration
615550,269,calibration
618740,954,calibration
620590,958,calibration
626630,971,calibration
631810,976,calibration
636720,983,calibration
638070,986,calibration
644370,995,calibration
646350,998,calibration
646680,846,calibration
649820,1000,calibration
653950,1004,calibration
657700,1017,calibration
661190,1026,calibration
662400,1029,calibration
662500,1030,calibration
664080,1036,calibration
666120,1029,calibration
667820,1050,calibration
670020,1059,calibration
670730,1061,calibration
673840,1070,calibration
677910,1080,calibration
678200,1082,calibration
680420,1087,calibration
684230,1104,calibration
696220,1124,calibration
696280,1125,calibration
709290,1150,calibration
713460,1162,calibration
716500,1170,calibration
719370,1177,calibration
725540,1190,calibration
729320,1204,calibration
734840,1218,calibration
745090,269,calibration
745880,1249,calibration
746710,1251,calibration
748480,1256,calibration
748520,1257,calibration
749670,525,calibration
751250,1266,calibration
752710,525,calibration
753490,1270,calibration
758080,1282,calibration
762980,1296,calibration
764500,1299,calibration
765140,1302,calibration
769930,1312,calibration
770860,1314,calibration
771700,1316,calibration
773370,1319,calibration
775900,98,calibration
779090,1337,calibration
779130,1338,calibration
779290,1340,calibration
780320,1344,calibration
782250,1348,calibration
797410,1373,calibration
798610,1377,calibration
799610,1381,calibration
801040,1386,calibration
801380,1387,calibration
802180,1390,calibration
802690,1392,calibration
806940,1403,calibration
809570,1409,calibration
816500,1424,calibration
817620,846,calibration
817630,846,calibration
818150,1428,calibration
818500,1429,calibration
820600,1434,calibration
826470,1450,calibration
839570,1469,calibration
840890,1476,calibration
842430,1478,calibration
842490,1479,calibration
847670,1495,calibration
852220,1504,calibration
861550,1526,calibration
861760,1528,calibration
861770,1529,calibration
862200,1531,calibration
862580,1532,calibration
869870,1549,calibration
871510,1552,calibration
876540,1567,calibration
880770,1573,calibration
881130,1574,calibration
883900,1583,calibration
884470,1585,calibration
895650,1607,calibration
895980,1610,calibration
896400,1611,calibration
896940,1614,calibration
898580,1619,calibration
899460,1621,calibration
903880,1625,calibration
905440,1628,calibration
908070,1634,calibration
914010,1646,calibration
916140,1648,calibration
916160,1649,calibration
924940,1658,calibration
931040,1664,calibration
932420,582,calibration
933920,1666,calibration
934780,1667,calibration
940020,1673,calibration
941000,1675,calibration
943030,1681,calibration
944530,1528,calibration
950130,1691,calibration
952680,1695,calibration
953240,1698,calibration
957720,1706,calibration
957790,1707,calibration
961510,1715,calibration
966090,1728,calibration
969420,1733,calibration
971640,1738,calibration
975710,1745,calibration
979720,1753,calibration
983340,1757,calibration
984150,1758,calibration
989780,1776,calibration
990400,1344,calibration
993740,1781,calibration
997020,1788,calibration
998790,1790,calibration
1004000,1797,calibration
1011670,1814,calibration
1012800,1824,calibration
1013350,1826,calibration
1014050,1829,calibration
1021680,1846,calibration
1022040,1848,calibration
1023410,1850,calibration
1023550,1852,calibration
1024730,1855,calibration
1033580,1884,calibration
1034700,1887,calibration
1034950,1888,calibration
1035260,1891,calibration
1039080,1901,calibration
1039830,1903,calibration
1043710,1913,calibration
1046300,1919,calibration
1049670,1925,calibration
1058500,1943,calibration
1059850,1947,calibration
1060890,1951,calibration
1068530,1967,calibration
1069530,1970,calibration
1071140,1972,calibration
1072030,1975,calibration
1072300,1977,calibration
1072400,1978,calibration
1073960,1984,calibration
1075400,1988,calibration
1081140,2004,calibration
1081780,2009,calibration
1082620,2010,calibration
1083070,1646,calibration
1095810,2038,calibration
1096290,2039,calibration
1096690,2040,calibration
1096730,2041,calibration
1097810,2043,calibration
1100170,1249,calibration
1100410,2048,calibration
1101670,2051,calibration
1102490,2058,calibration
1106950,2069,calibration
1108380,2071,calibration
1108390,2072,calibration
1113340,2082,calibration
1114520,2084,calibration
1116520,2089,calibration
1116530,2090,calibration
1122700,2099,calibration
1124520,2106,calibration
1126070,2109,calibration
1129330,2119,calibration
1132910,2128,calibration
1135690,2133,calibration
1139470,2137,calibration
1139880,2139,calibration
1139890,2140,calibration
1141100,2142,calibration
1142510,2150,calibration
1144140,2152,calibration
1146890,2163,calibration
1147140,2165,calibration
1151180,2173,calibration
1152820,2174,calibration
1153100,2176,calibration
1153990,224,calibration
1159240,2187,calibration
1161190,2189,calibration
1161220,2190,calibration
1161660,2192,calibration
1163070,2194,calibration
1166230,1377,calibration
1167090,2004,calibration
1171270,2211,calibration
1172930,2213,calibration
1173120,2215,calibration
1174180,2217,calibration
1174440,2039,calibration
1178020,2226,calibration
1184710,2237,calibration
1188660,2249,calibration
1197500,2266,calibration
1197960,2269,calibration
1200800,2280,calibration
1201800,2288,calibration
1211120,2306,calibration
1214450,2312,calibration
1214600,2312,calibration
1215030,2313,calibration
1215770,2317,calibration
1216490,649,calibration
1216610,2319,calibration
1217560,2322,calibration
1217720,2163,calibration
1218890,2312,calibration
1219300,2327,calibration
1222160,2332,calibration
1224160,2335,calibration
1233040,2352,calibration
1236000,2359,calibration
1236880,2362,calibration
1236900,2363,calibration
1237560,2365,calibration
1243360,2378,calibration
1253900,2403,calibration
1255420,2406,calibration
1257810,2410,calibration
1260580,1434,calibration
1261040,2419,calibration
1263110,2425,calibration
1264250,2426,calibration
1267470,2434,calibration
1274250,2447,calibration
1278390,2456,calibration
1280550,2460,calibration
1283520,2467,calibration
1284150,2472,calibration
1284660,2474,calibration
1285010,2476,calibration
1286670,2483,calibration
1290790,2312,calibration
1291280,2495,calibration
1297530,2508,calibration
1307710,2532,calibration
1313050,2043,calibration
1316740,784,calibration
1324560,2555,calibration
1329420,2558,calibration
1332090,2563,calibration
1337520,2580,calibration
1338020,2581,calibration
1340400,1344,calibration
1342540,2590,calibration
1342660,2591,calibration
1346620,2602,calibration
1347690,2604,calibration
1349850,2606,calibration
1351300,2608,calibration
1355560,2617,calibration
1356710,1256,calibration
1365700,2628,calibration
1371040,2637,calibration
1374590,2648,calibration
1375480,2651,calibration
1376830,2658,calibration
1383680,2670,calibration
1383830,2672,calibration
1384060,2674,calibration
1387000,2681,calibration
1387170,2682,calibration
1393800,2693,calibration
1393850,2694,calibration
1395520,369,calibration
1395750,2699,calibration
1397690,2700,calibration
1403890,2163,calibration
1407850,2717,calibration
1408590,2719,calibration
1412000,2725,calibration
1412560,2727,calibration
1412890,2730,calibration
1415870,2737,calibration
1419070,2744,calibration
1423830,2753,calibration
1424860,2755,calibration
1430680,2762,calibration
1431190,2763,calibration
1434490,2775,calibration
1435750,2777,calibration
1437760,2781,calibration
1438190,2782,calibration
1441430,2786,calibration
1443030,2788,calibration
1443950,2792,calibration
1448800,2801,calibration
1452220,2807,calibration
1456260,2814,calibration
1459010,2821,calibration
1463900,2833,calibration
1465260,436,calibration
1465370,1344,calibration
1466060,2839,calibration
1473170,2855,calibration
1475180,2163,calibration
1476160,2864,calibration
1477710,2867,calibration
1478960,2870,calibration
1481140,2878,calibration
1482540,2884,calibration
1487990,2904,calibration
1489390,2911,calibration
1490060,2912,calibration
1492750,2919,calibration
1494400,2922,calibration
1500490,2935,calibration
1504320,2947,calibration
1508270,1988,calibration
1516530,2973,calibration
1518820,2982,calibration
1528060,3010,calibration
1528680,3012,calibration
1533910,3021,calibration
1536980,3029,calibration
1538030,3030,calibration
1541890,3041,calibration
1546970,2217,calibration
1550990,3063,calibration
1554260,3071,calibration
1561530,3083,calibration
1563010,2763,calibration
1563380,3093,calibration
1564920,2163,calibration
1565890,3099,calibration
1568900,3106,calibration
1573330,3123,calibration
1577250,3138,calibration
1577620,3140,calibration
1578760,3144,calibration
1580340,3150,calibration
1581180,3154,calibration
1583660,3157,calibration
1583690,3158,calibration
1587770,3170,calibration
1588090,3172,calibration
1592340,2878,calibration
1593210,2288,calibration
1595340,3185,calibration
1596070,3063,calibration
1596580,3188,calibration
1597070,3189,calibration
1603960,3198,calibration
1604540,3063,calibration
1604800,3199,calibration
1605930,3200,calibration
1606920,3201,calibration
1610470,98,calibration
1614440,3212,calibration
1621990,3225,calibration
1624050,3230,calibration
1624870,2558,calibration
1624960,2558,calibration
1627240,3237,calibration
1628130,3239,calibration
1630820,3245,calibration
1631770,3248,calibration
1632590,3250,calibration
1636190,3259,calibration
1637400,3264,calibration
1648390,3281,calibration
1653860,3291,calibration
1655190,3293,calibration
1656840,3298,calibration
1659760,3302,calibration
1667190,3315,calibration
1667840,3319,calibration
1669050,2312,calibration
1669340,3324,calibration
1671630,1344,calibration
1676420,3332,calibration
1679730,3339,calibration
1680620,3341,calibration
1681060,3343,calibration
1684610,3352,calibration
1690270,3365,calibration
1693040,436,calibration
1694560,3374,calibration
1694610,3375,calibration
1696440,3378,calibration
1697050,3380,calibration
1698030,2211,calibration
1701820,3386,calibration
1712510,3421,calibration
1713620,3427,calibration
1714350,3431,calibration
1715160,1125,calibration
1719200,3439,calibration
1724300,3448,calibration
1725860,3451,calibration
1726870,3452,calibration
1727200,2069,calibration
1727780,3332,calibration
1740850,3483,calibration
1742360,3490,calibration
1745210,3499,calibration
1749770,3508,calibration
1755100,3514,calibration
1757440,3520,calibration
1758350,3522,calibration
1758600,3524,calibration
1769100,3545,calibration
1770820,2211,calibration
1780250,3561,calibration
1780730,3564,calibration
1780780,3565,calibration
1783130,3567,calibration
1785000,3570,calibration
1788980,2558,calibration
1790690,3584,calibration
1790800,3585,calibration
1794620,3590,calibration
1799220,3600,calibration
1801090,3607,calibration
1803160,3610,calibration
1803440,3612,calibration
1806110,3619,calibration
1808890,3624,calibration
1809930,3627,calibration
1810840,3633,calibration
1811410,3123,calibration
1811920,2069,calibration
1814170,3641,calibration
1821110,3653,calibration
1822770,3657,calibration
1826540,3666,calibration
1829700,3672,calibration
1831050,3199,calibration
1831090,3674,calibration
1831780,3675,calibration
1831990,3676,calibration
1834310,3682,calibration
1837630,3688,calibration
1840610,3694,calibration
1843900,3698,calibration
1844330,3701,calibration
1845370,2312,calibration
1848860,3707,calibration
1859130,2558,calibration
1860710,3726,calibration
1861100,3727,calibration
1862710,3730,calibration
1877350,3742,calibration
1877720,2069,calibration
1878740,3745,calibration
1879170,3746,calibration
1887730,3762,calibration
1893810,3772,calibration
1898630,3785,calibration
1900720,3789,calibration
1901010,3791,calibration
1902350,3794,calibration
1903200,3797,calibration
1903590,3798,calibration
1903670,1988,calibration
1904730,3801,calibration
1907900,3806,calibration
1911640,3815,calibration
1913020,3819,calibration
1917350,2163,calibration
1926470,3842,calibration
1927270,2163,calibration
1928160,3843,calibration
1928940,3063,calibration
1930420,3845,calibration
1933680,3850,calibration
1935070,3853,calibration
1935750,3856,calibration
1939890,3862,calibration
1941540,4,calibration
1942890,3865,calibration
1946070,3239,calibration
1951380,2163,calibration
1958040,3895,calibration
1959900,3897,calibration
1961410,3902,calibration
1968340,3914,calibration
1971100,3921,calibration
1973470,3923,calibration
1976180,3929,calibration
1977900,3932,calibration
1980570,3943,calibration
1985200,3955,calibration
1985610,3956,calibration
1993150,3970,calibration
1994350,3972,calibration
1995100,3973,calibration
1996210,3978,calibration
2008200,3997,calibration
2010870,4004,calibration
2020590,4017,calibration
2026290,4024,calibration
2050120,4028,calibration
2051750,4031,calibration
2051820,4032,calibration
2053080,4039,calibration
2059290,3745,calibration
2063710,4060,calibration
2064500,4062,calibration
2065920,4065,calibration
2068120,4068,calibration
2068140,4069,calibration
2074760,4082,calibration
2074800,4083,calibration
2076670,4088,calibration
2077700,4092,calibration
2078040,4095,calibration
2084460,4107,calibration
2085440,4109,calibration
2086050,4110,calibration
2093680,4120,calibration
2095450,4128,calibration
2108820,4147,calibration
2111760,4150,calibration
2113650,2043,calibration
2114170,4159,calibration
2114660,2043,calibration
2115720,4162,calibration
2116850,4165,calibration
2118420,4167,calibration
2122840,4174,calibration
2123430,4177,calibration
2125320,4179,calibration
2128600,4181,calibration
2131920,857,calibration
2134440,1070,calibration
2136970,4194,calibration
2140590,4197,calibration
2142540,3352,calibration
2157260,4227,calibration
2157670,4228,calibration
2157680,4229,calibration
2159060,4228,calibration
2159270,4231,calibration
2159670,4232,calibration
2160570,4234,calibration
2162720,4239,calibration
2162890,4241,calibration
2164780,4244,calibration
2165600,4249,calibration
2166480,4251,calibration
2172580,4261,calibration
2173700,3063,calibration
2174220,4265,calibration
2175250,4062,calibration
2177170,857,calibration
2179370,4275,calibration
2179690,4276,calibration
2181550,4282,calibration
2182950,4287,calibration
2182970,4287,calibration
2184150,4292,calibration
2185320,4296,calibration
2186360,4298,calibration
2187560,4301,calibration
2190080,4306,calibration
2191180,4307,calibration
2194050,4310,calibration
2194190,4311,calibration
2202590,4324,calibration
2205100,4327,calibration
2207440,4331,calibration
2209500,4338,calibration
2210590,4341,calibration
2212830,4349,calibration
2218680,4359,calibration
2220660,3600,calibration
2221910,4368,calibration
2224610,4374,calibration
2231520,4380,calibration
2232650,4382,calibration
2232970,4150,calibration
2233850,3063,calibration
2235390,4388,calibration
2239190,4397,calibration
2241380,4400,calibration
2244440,1344,calibration
2244620,4403,calibration
2258770,4429,calibration
2260980,4431,calibration
2262770,4435,calibration
2263040,4437,calibration
2265610,4442,calibration
2265760,4443,calibration
2266600,4444,calibration
2268540,4449,calibration
2278380,4468,calibration
2282890,4476,calibration
2284270,4481,calibration
2289400,4488,calibration
2289460,3012,calibration
2293850,4493,calibration
2296790,4497,calibration
2297240,4499,calibration
2297880,4501,calibration
2298300,4502,calibration
2298350,4503,calibration
2304230,4510,calibration
2309400,4515,calibration
2311060,4518,calibration
2313700,837,calibration
2318480,4527,calibration
2319320,4528,calibration
2323440,4534,calibration
2325640,4540,calibration
2327980,2725,calibration
2328710,4546,calibration
2331060,4554,calibration
2335550,4558,calibration
2336330,4560,calibration
2340510,4565,calibration
2345220,4572,calibration
2345920,4574,calibration
2350880,4585,calibration
2354930,4592,calibration
2355950,4594,calibration
2357040,2043,calibration
2357090,2043,calibration
2357150,2043,calibration
2358790,4597,calibration
2359760,4602,calibration
2368840,4621,calibration
2370100,4623,calibration
2371520,4629,calibration
2373380,4635,calibration
2374010,4637,calibration
2374360,3063,calibration
2377210,4642,calibration
2377240,4643,calibration
2379800,4651,calibration
2410130,4702,calibration
2412140,3063,calibration
2418630,4721,calibration
2423000,4729,calibration
2425080,4735,calibration
2439810,4753,calibration
2447030,4767,calibration
2447540,4768,calibration
2448130,3063,calibration
2448420,4769,calibration
2451500,4776,calibration
2453400,4780,calibration
2458700,4792,calibration
2460640,4797,calibration
2460880,4799,calibration
2464770,4810,calibration
2464880,4811,calibration
2469260,4819,calibration
2470390,4820,calibration
2472270,4822,calibration
2473640,4824,calibration
2477740,4833,calibration
2477770,1070,calibration
2477790,4834,calibration
2484520,4845,calibration
2485660,4776,calibration
2486030,4849,calibration
2486520,4851,calibration
2488930,4855,calibration
2490850,4858,calibration
2492070,4859,calibration
2492350,4860,calibration
2493920,4862,calibration
2494480,3921,calibration
2496270,2041,calibration
2498010,4865,calibration
2501820,4868,calibration
2506860,2043,calibration
2507890,2043,calibration
2508460,4879,calibration
2511000,2069,calibration
2527760,4905,calibration
2529450,4729,calibration
2530540,4911,calibration
2533980,4228,calibration
2535640,4915,calibration
2539200,4921,calibration
2539890,4922,calibration
2542140,4923,calibration
2542470,4924,calibration
2545380,4927,calibration
2546110,4929,calibration
2552100,2041,calibration
2559420,3845,calibration
2559860,4949,calibration
2567050,4961,calibration
2567630,4963,calibration
2569500,4966,calibration
2572670,4968,calibration
2578880,4979,calibration
2581030,4981,calibration
2586670,4989,calibration
2588760,4993,calibration
2603760,4368,calibration
2606190,5019,calibration
2611060,5025,calibration
2612220,5028,calibration
2626070,5051,calibration
2635530,5062,calibration
2637080,5066,calibration
2637220,5067,calibration
2638430,5068,calibration
2642090,2043,calibration
2651440,5090,calibration
2652930,5095,calibration
2661210,5106,calibration
2666250,5111,calibration
2666530,5113,calibration
2667410,5115,calibration
2668870,778,calibration
2669440,5120,calibration
2669730,5121,calibration
2669960,5122,calibration
2671550,5123,calibration
2671990,5124,calibration
2676390,5132,calibration
2676470,5133,calibration
2677460,5135,calibration
2679960,1070,calibration
2687600,5161,calibration
2691560,5169,calibration
2691800,5170,calibration
2692300,5171,calibration
2695940,4515,calibration
2696780,5180,calibration
2697560,5182,calibration
2698780,5185,calibration
2699100,5186,calibration
2699340,5187,calibration
2699630,5188,calibration
2702220,3956,calibration
2703970,5202,calibration
2706560,5211,calibration
2706710,5212,calibration
2706950,5214,calibration
2712900,5227,calibration
2714340,5229,calibration
2716550,5231,calibration
2720950,2312,calibration
2726900,5255,calibration
2729220,4915,calibration
2730550,5090,calibration
2732920,5266,calibration
2737140,5274,calibration
2749300,5288,calibration
2751050,2312,calibration
2753430,5292,calibration
2762590,2069,calibration
2774110,5328,calibration
2775030,5329,calibration
2777760,5334,calibration
2779160,5337,calibration
2779380,5338,calibration
2782520,4729,calibration
2784850,5344,calibration
2787610,5348,calibration
2790680,5352,calibration
2791950,5353,calibration
2793560,5358,calibration
2795370,5360,calibration
2796510,5362,calibration
2798810,5365,calibration
2807310,5377,calibration
2807960,5380,calibration
2811280,5385,calibration
2815110,5391,calibration
2815670,5392,calibration
2818870,5400,calibration
2819170,1070,calibration
2819940,5401,calibration
2822030,5405,calibration
2825360,4966,calibration
2828740,5415,calibration
2834470,5423,calibration
2838400,5427,calibration
2840890,5432,calibration
2842860,5436,calibration
2850890,2878,calibration
2852130,5457,calibration
2853640,5460,calibration
2859450,5468,calibration
2860400,5471,calibration
2863690,5477,calibration
2866870,5483,calibration
2869760,5487,calibration
2873870,5492,calibration
2874660,5494,calibration
2877790,5500,calibration
2883670,5516,calibration
2888290,1256,calibration
2892660,5530,calibration
2903570,5542,calibration
2904360,5543,calibration
2904800,5545,calibration
2905930,5549,calibration
2913310,5565,calibration
2913660,5566,calibration
2916460,5569,calibration
2921150,5572,calibration
2923220,2878,calibration
2930120,5590,calibration
2935420,5595,calibration
2942690,5377,calibration
2944010,5603,calibration
2947240,5605,calibration
2948380,2312,calibration
2952990,5615,calibration
2955340,5622,calibration
2961110,1070,calibration
2971760,5639,calibration
2978970,5651,calibration
2985900,5661,calibration
2989200,5666,calibration
2993320,5672,calibration
3006900,5691,calibration
3010200,5699,calibration
3010320,5700,calibration
3013010,5706,calibration
3014230,5707,calibration
3021720,5712,calibration
3023490,5715,calibration
3025840,5718,calibration
3027740,4915,calibration
3030020,5726,calibration
3031390,5727,calibration
3035880,5735,calibration
3037780,5737,calibration
3038850,5739,calibration
3045330,5748,calibration
3047740,5750,calibration
3051910,5752,calibration
3055050,5754,calibration
3055690,5755,calibration
3061100,5762,calibration
3070070,5774,calibration
3070350,5775,calibration
3070510,5776,calibration
3084570,5787,calibration
3084750,5788,calibration
3086060,5793,calibration
3088050,5796,calibration
3096410,5806,calibration
3098140,5808,calibration
3099660,5812,calibration
3115060,2041,calibration
3115880,5839,calibration
3116120,5840,calibration
3121600,5850,calibration
3128830,5861,calibration
3130670,5863,calibration
3132170,5864,calibration
3134840,1434,calibration
3136190,5869,calibration
3138360,5870,calibration
3139620,5873,calibration
3140750,5877,calibration
3141900,5878,calibration
3143860,5880,calibration
3154510,5894,calibration
3157220,5897,calibration
3158460,5900,calibration
3160720,5906,calibration
3161010,5909,calibration
3168400,5922,calibration
3169610,4922,calibration
3169790,1970,calibration
3187540,5950,calibration
3201680,5967,calibration
3202490,5970,calibration
3205630,5977,calibration
3205820,4338,calibration
3213430,5990,calibration
3216900,5995,calibration
3217210,5996,calibration
3219170,5999,calibration
3226850,6008,calibration
3227530,6009,calibration
3229320,1434,calibration
3235340,6015,calibration
3236570,6016,calibration
3244270,6022,calibration
3245020,6023,calibration
3252400,6029,calibration
3253220,1070,calibration
3259650,6035,calibration
3279170,6055,calibration
3283290,6061,calibration
3284880,6063,calibration
3285490,6064,calibration
3289600,6070,calibration
3298530,6082,calibration
3309390,6101,calibration
3314600,6106,calibration
3315600,1070,calibration
3329530,6130,calibration
3330350,6131,calibration
3332860,6134,calibration
3337690,6136,calibration
3339350,6137,calibration
3342770,4729,calibration
3344420,5188,calibration
3346740,6145,calibration
3352970,6156,calibration
3354980,6159,calibration
3355120,5460,calibration
3355730,6161,calibration
3358300,5460,calibration
3363310,1434,calibration
3365370,6172,calibration
3368880,6177,calibration
3381010,6191,calibration
3382390,6195,calibration
3382590,4921,calibration
3386900,6200,calibration
3391170,6207,calibration
3399960,6218,calibration
3401850,6219,calibration
3405540,6223,calibration
3411510,6236,calibration
3412560,6239,calibration
3438090,6275,calibration
3441750,6284,calibration
3442760,6286,calibration
3443870,6291,calibration
3452020,4481,calibration
3458610,6305,calibration
3461630,6308,calibration
3474190,5460,calibration
3474230,5460,calibration
3474530,6319,calibration
3478450,6323,calibration
3478880,6324,calibration
3480720,6326,calibration
3480990,6328,calibration
3501370,6343,calibration
3509650,6347,calibration
3509930,6349,calibration
3510060,5329,calibration
3513920,6351,calibration
3530480,6370,calibration
3531160,6372,calibration
3540100,6381,calibration
3549220,6388,calibration
3552970,6394,calibration
3558620,6399,calibration
3561260,5995,calibration
3561770,6404,calibration
3563710,6407,calibration
3565720,6408,calibration
3576540,6419,calibration
3588630,6433,calibration
3591550,6437,calibration
3593600,6439,calibration
3599460,6443,calibration
3603770,3956,calibration
3606480,4,calibration
3616000,6466,calibration
3624300,6473,calibration
3625390,6475,calibration
3626300,6477,calibration
3628730,6480,calibration
3639930,6487,calibration
3648180,6496,calibration
3648220,6497,calibration
3655240,4481,calibration
3664630,6514,calibration
3665640,6515,calibration
3668280,6520,calibration
3671800,6523,calibration
3675290,6528,calibration
3685280,6535,calibration
3697890,6541,calibration
3699520,6542,calibration
3720810,6466,calibration
3730000,6565,calibration
3736040,6567,calibration
3738570,6570,calibration
3738610,6571,calibration
3740390,6572,calibration
3741530,6574,calibration
3741560,6575,calibration
3756180,6587,calibration
3758560,6588,calibration
3761560,6591,calibration
3762210,6592,calibration
3767120,2069,calibration
3791410,6605,calibration
3795670,2878,calibration
3801490,6610,calibration
3806570,4481,calibration
3831060,6622,calibration
3843530,6632,calibration
3848540,6635,calibration
3874510,6643,calibration
3876660,4481,calibration
3883830,6652,calibration
3893730,6656,calibration
3916110,2878,calibration
3919370,6670,calibration
3919470,6671,calibration
3921820,6674,calibration
3948200,6691,calibration
3956340,6699,calibration
3967480,2637,calibration
3971170,6707,calibration
3991280,4234,calibration
4003220,6713,calibration
4044500,6721,calibration
4070600,6733,calibration
4078410,6736,calibration
4084550,6738,calibration
4105240,6743,calibration
4114330,6746,calibration
4120160,6749,calibration
4124220,6466,calibration
4131140,6752,calibration
4187290,6759,calibration
24010,8,test
34190,14,test
35140,15,test
37340,17,test
39640,19,test
42920,23,test
47130,26,test
57680,31,test
60800,33,test
73170,37,test
96100,41,test
107100,44,test
108600,45,test
200010,50,test
200080,51,test
207790,59,test
209060,61,test
210230,51,test
210950,63,test
212010,65,test
215530,23,test
218740,73,test
220460,75,test
224460,79,test
224900,80,test
227300,84,test
229600,88,test
230820,91,test
233350,93,test
236010,96,test
244770,101,test
254060,80,test
258050,122,test
259130,124,test
262120,124,test
263140,132,test
268540,91,test
270610,149,test
270880,84,test
275350,156,test
276380,157,test
281520,167,test
281860,168,test
282620,61,test
284100,169,test
287600,88,test
288630,177,test
289090,179,test
290100,181,test
290180,179,test
291030,185,test
291690,188,test
293900,196,test
294370,198,test
294700,199,test
297410,208,test
299800,210,test
302080,84,test
303430,216,test
303680,217,test
305640,221,test
307590,227,test
307920,228,test
308180,230,test
310490,231,test
312440,233,test
314240,239,test
314250,240,test
314710,61,test
316030,245,test
318100,247,test
318330,248,test
320540,252,test
321800,254,test
322850,257,test
323000,259,test
324240,263,test
328000,265,test
334360,279,test
337220,290,test
337650,291,test
338530,296,test
338710,297,test
340880,303,test
341160,179,test
342910,308,test
345230,315,test
345700,318,test
345820,319,test
346470,321,test
347590,322,test
347600,323,test
347660,324,test
347940,325,test
353090,332,test
353280,333,test
354560,334,test
356800,248,test
358130,346,test
358200,347,test
359960,351,test
363070,199,test
365210,248,test
368610,371,test
369060,373,test
370270,376,test
371300,378,test
371530,381,test
376760,199,test
376770,199,test
377070,393,test
381780,401,test
384550,408,test
385250,410,test
386540,420,test
389190,425,test
389270,426,test
390330,429,test
391420,61,test
391510,432,test
393430,435,test
395910,437,test
396360,439,test
401170,61,test
401200,447,test
402980,453,test
405340,457,test
407420,465,test
408740,468,test
409320,469,test
410740,472,test
410840,473,test
413040,476,test
415830,479,test
418610,486,test
423270,491,test
424320,61,test
425820,496,test
427520,501,test
428250,503,test
428740,506,test
430020,511,test
435120,527,test
435490,530,test
438090,533,test
438820,534,test
438910,535,test
441350,538,test
442890,543,test
443530,544,test
444740,547,test
445350,549,test
446610,318,test
447290,553,test
449320,561,test
450650,565,test
454060,122,test
455230,576,test
456090,577,test
459090,585,test
459940,586,test
462630,93,test
463880,598,test
463920,599,test
465190,604,test
466350,611,test
471570,620,test
474830,622,test
477730,625,test
478950,626,test
487530,640,test
487700,641,test
488920,642,test
491440,652,test
492230,257,test
493720,655,test
494780,61,test
500760,672,test
502450,676,test
502820,15,test
503460,681,test
503710,683,test
506840,691,test
508350,61,test
509620,696,test
512900,705,test
513370,706,test
516430,710,test
516500,712,test
521980,730,test
523150,479,test
523730,733,test
525210,736,test
528070,479,test
528900,742,test
528950,743,test
529590,746,test
529610,747,test
530320,752,test
531240,755,test
532260,756,test
534240,763,test
534270,764,test
537450,61,test
543150,783,test
543440,61,test
545150,787,test
548020,794,test
549900,798,test
551440,800,test
552690,805,test
553330,808,test
554470,810,test
554570,811,test
555610,812,test
563410,828,test
564810,833,test
565390,834,test
566860,626,test
567980,838,test
572410,842,test
572740,51,test
575760,453,test
578880,864,test
578920,865,test
579150,641,test
592270,893,test
594660,248,test
598980,907,test
602890,921,test
603840,926,test
606980,932,test
611690,940,test
615730,51,test
617970,185,test
619880,957,test
621930,960,test
623040,964,test
625120,969,test
625830,970,test
632070,61,test
632100,977,test
635790,982,test
643900,994,test
644480,996,test
653050,1002,test
654390,1005,test
655270,812,test
656280,1009,test
656480,1010,test
658140,1018,test
659320,1022,test
663100,1032,test
663190,1034,test
664830,1038,test
665060,1039,test
666250,1042,test
666320,1044,test
667060,1046,test
667170,1047,test
667620,1049,test
668910,1056,test
669040,1057,test
672130,61,test
676120,1074,test
676180,1075,test
677240,1078,test
677870,1079,test
678760,1084,test
681360,1090,test
681520,1092,test
682270,1097,test
683790,1101,test
683970,1103,test
686680,1010,test
688660,1108,test
692780,1115,test
694070,1119,test
698080,1129,test
705670,1144,test
708780,1149,test
709190,247,test
710610,473,test
710920,1153,test
711930,1158,test
713220,1161,test
714060,1163,test
718380,61,test
718470,1174,test
719100,1175,test
719300,1176,test
720660,1181,test
722330,1183,test
725090,1188,test
725960,1192,test
725970,1193,test
726330,1195,test
727010,1197,test
727530,1199,test
731590,1212,test
732690,1215,test
734900,1219,test
736200,1221,test
736930,1223,test
737470,61,test
739690,1235,test
741450,1242,test
742510,1244,test
749710,1261,test
750010,1263,test
752200,1074,test
757600,1281,test
760930,1175,test
763750,1297,test
767020,61,test
771120,1315,test
772340,248,test
773710,1321,test
774221,1323,test
775460,248,test
776150,1328,test
777040,1330,test
778840,1335,test
779160,1339,test
779220,1074,test
781660,1175,test
781780,1345,test
786340,1352,test
786910,1354,test
787960,1357,test
789600,1362,test
796260,1370,test
796320,1371,test
796800,1372,test
798140,1374,test
798200,1375,test
799560,1379,test
800840,1385,test
803520,1393,test
805610,1397,test
806140,1400,test
809020,1405,test
809220,1406,test
809460,1407,test
809700,1410,test
809880,1412,test
810360,1414,test
810500,1416,test
812430,1419,test
813230,1420,test
813370,1421,test
815320,1423,test
816190,640,test
816730,1425,test
817720,1426,test
820520,1433,test
821720,1436,test
822870,1438,test
822920,586,test
825370,1446,test
827000,31,test
827130,1436,test
827920,1452,test
828960,1400,test
829280,1454,test
836600,1465,test
838440,1467,test
839770,1471,test
841140,1158,test
841350,1477,test
843170,1480,test
843260,124,test
844160,1483,test
844430,1485,test
845520,1487,test
845690,1488,test
847510,61,test
849210,1498,test
850740,1501,test
853860,1483,test
854510,1507,test
855510,1509,test
855760,1511,test
855850,1512,test
857200,185,test
857710,1221,test
858780,248,test
862730,1533,test
863590,61,test
864010,1535,test
864200,1536,test
864570,1483,test
866100,1543,test
866180,1544,test
867690,1545,test
869100,61,test
870140,1550,test
871570,1553,test
871860,1554,test
873410,1557,test
873970,1558,test
874330,1559,test
875340,1561,test
875400,1562,test
876370,1566,test
877800,61,test
878440,1569,test
878520,1223,test
881670,1575,test
882200,1578,test
883390,1582,test
886360,1586,test
891340,1595,test
893690,1600,test
893840,576,test
895620,1606,test
895860,1608,test
897270,1615,test
897360,1616,test
897700,1617,test
897910,1618,test
898320,453,test
899180,1620,test
900490,1623,test
906560,61,test
907670,1632,test
911690,1643,test
916350,1650,test
918440,1652,test
918700,101,test
923390,1657,test
928880,1662,test
935400,1669,test
937170,1671,test
937280,1672,test
952140,1694,test
955400,1702,test
955550,1703,test
964170,1721,test
965670,1726,test
966730,1729,test
968210,1730,test
968820,1732,test
970870,479,test
971390,1737,test
973050,1740,test
973450,1741,test
977570,1748,test
982480,1755,test
983260,1756,test
985340,1760,test
987740,1765,test
988080,1768,test
989400,1773,test
994140,1782,test
994870,1103,test
995790,1786,test
998730,1789,test
1002100,318,test
1006680,1803,test
1007440,1805,test
1009700,1807,test
1014840,1832,test
1016790,1835,test
1018240,1839,test
1019230,1840,test
1020480,1844,test
1025780,1858,test
1026130,1859,test
1031290,1872,test
1032580,1876,test
1033210,1881,test
1033220,1882,test
1033420,1883,test
1034560,1886,test
1035830,1893,test
1036370,1894,test
1039350,1902,test
1044110,1916,test
1045080,1748,test
1047870,1921,test
1049840,1926,test
1057580,1940,test
1057680,1941,test
1058770,1945,test
1061360,1954,test
1065320,1961,test
1066210,1963,test
1066680,1964,test
1067410,1966,test
1070580,1175,test
1071510,1973,test
1074630,1175,test
1080410,2002,test
1083000,1074,test
1085930,2018,test
1086060,2020,test
1087100,2022,test
1088630,2024,test
1092650,1483,test
1092770,2031,test
1094760,2034,test
1098650,2045,test
1102410,2057,test
1111660,2077,test
1112670,2080,test
1114080,2083,test
1116340,2087,test
1116770,2091,test
1117630,2094,test
1119500,2095,test
1124660,2107,test
1126430,2110,test
1128000,2114,test
1128310,2115,test
1128520,2117,test
1128840,2118,test
1131740,2124,test
1132300,2127,test
1139790,2138,test
1142230,2149,test
1142750,1483,test
1144290,2153,test
1144550,2154,test
1145120,2155,test
1145630,2157,test
1146970,2164,test
1147700,2166,test
1147860,2167,test
1148590,393,test
1156470,2181,test
1157010,2183,test
1158940,2185,test
1165600,2202,test
1167730,2206,test
1170290,2210,test
1174830,248,test
1176890,2223,test
1177460,2225,test
1177990,1223,test
1179570,2227,test
1180130,2228,test
1182900,2232,test
1189600,2252,test
1190170,2254,test
1191620,319,test
1195250,2263,test
1195360,2264,test
1197670,2268,test
1198740,2271,test
1199140,2272,test
1199420,2273,test
1199770,2275,test
1200630,61,test
1201250,2284,test
1202160,1483,test
1206840,2299,test
1207130,2301,test
1208580,2302,test
1208600,2303,test
1209490,2304,test
1215740,2316,test
1217830,2323,test
1218760,2024,test
1219600,2328,test
1222170,2333,test
1225370,2337,test
1227100,2338,test
1231440,2345,test
1231880,2348,test
1233030,2351,test
1235450,2357,test
1237310,2364,test
1238450,2370,test
1241860,2375,test
1243310,2377,test
1244850,2210,test
1248490,2388,test
1252410,2398,test
1252730,2399,test
1253820,2402,test
1254200,2404,test
1254630,2405,test
1256160,2407,test
1258960,2415,test
1260440,2417,test
1262910,1223,test
1266430,2431,test
1266610,2432,test
1268590,2436,test
1270850,2439,test
1271340,2440,test
1271690,2441,test
1274190,2445,test
1274230,2446,test
1278750,2457,test
1279700,2458,test
1281390,2462,test
1283920,2471,test
1284460,2473,test
1285080,2477,test
1286010,2481,test
1287140,2484,test
1288830,2488,test
1292270,2498,test
1292490,2499,test
1295230,2505,test
1299010,2510,test
1300110,2513,test
1301230,2515,test
1301380,2516,test
1302550,2519,test
1302750,2521,test
1302800,2522,test
1303630,2523,test
1306970,2531,test
1309090,2534,test
1311830,2540,test
1313970,2542,test
1320140,2549,test
1322080,2550,test
1327870,2417,test
1329460,479,test
1329470,479,test
1329600,1175,test
1329880,2559,test
1331080,1074,test
1333470,2569,test
1333700,2570,test
1333980,2571,test
1334630,2574,test
1334910,2575,test
1336040,2571,test
1337020,2578,test
1338570,61,test
1341120,2586,test
1342070,2589,test
1343480,2592,test
1344690,2594,test
1345200,2596,test
1354990,2615,test
1355630,2618,test
1355830,2619,test
1361100,2623,test
1365550,2627,test
1368130,2633,test
1371980,2641,test
1372730,2642,test
1373550,2644,test
1374090,2647,test
1375780,2653,test
1376200,2656,test
1381130,2664,test
1384010,2673,test
1385820,2678,test
1387590,2684,test
1388720,2688,test
1391630,2689,test
1398680,318,test
1401730,2704,test
1402010,2705,test
1402030,2706,test
1402410,2707,test
1407060,2715,test
1408530,2718,test
1410660,2722,test
1412660,2728,test
1418360,2742,test
1426310,2759,test
1433490,2771,test
1436490,2778,test
1442530,2787,test
1443200,2789,test
1445010,2795,test
1448740,2799,test
1450650,2805,test
1455230,2812,test
1455420,1483,test
1456200,1175,test
1458370,2818,test
1461020,2825,test
1465340,2836,test
1466400,2840,test
1469170,2845,test
1469860,2847,test
1474840,2860,test
1479460,2678,test
1479540,2873,test
1479990,2874,test
1480600,2876,test
1481480,2879,test
1481600,2880,test
1482050,2881,test
1483020,2887,test
1484180,2893,test
1488430,2907,test
1488540,2908,test
1489330,2910,test
1494230,2921,test
1495860,2925,test
1496110,2926,test
1497170,2927,test
1499240,2929,test
1500310,1483,test
1501210,2937,test
1502680,2942,test
1502730,2943,test
1503400,2944,test
1506680,2954,test
1506770,2955,test
1508000,2957,test
1511950,2966,test
1519340,2984,test
1519420,2985,test
1523350,2997,test
1523750,2417,test
1526190,3003,test
1527640,3008,test
1529440,3014,test
1530230,3016,test
1534590,3023,test
1534840,3024,test
1535110,3025,test
1538730,3032,test
1540490,3038,test
1542810,3043,test
1543090,3044,test
1544020,3047,test
1544460,3049,test
1549440,3058,test
1556870,3075,test
1557880,3076,test
1558070,3077,test
1558980,3078,test
1560730,3080,test
1560850,3082,test
1562550,3089,test
1563110,3091,test
1564140,2252,test
1566560,3101,test
1566620,3102,test
1567680,3103,test
1569650,3109,test
1571070,3113,test
1571640,3114,test
1572140,3116,test
1573240,2927,test
1574330,3125,test
1575980,3130,test
1576150,3132,test
1576720,3135,test
1576750,2943,test
1578880,3145,test
1579450,3148,test
1580380,3151,test
1580640,3153,test
1583840,3159,test
1584750,3164,test
1588600,3176,test
1592750,3182,test
1600980,3193,test
1602100,3195,test
1602990,3196,test
1603290,3197,test
1607860,2943,test
1612770,3210,test
1616050,3214,test
1619540,3220,test
1619890,3221,test
1622600,3226,test
1622630,3227,test
1624470,3231,test
1626530,3235,test
1630110,1074,test
1633000,3252,test
1633780,61,test
1634430,3256,test
1635350,3258,test
1636370,3260,test
1636980,3263,test
1637300,1578,test
1638950,3265,test
1642220,3269,test
1644330,248,test
1645180,3274,test
1645680,3276,test
1652080,3286,test
1653330,3289,test
1655440,3295,test
1655670,3297,test
1660840,3303,test
1662010,3306,test
1662790,3307,test
1663010,3308,test
1663140,3309,test
1665020,479,test
1667280,3316,test
1667360,3317,test
1667530,3318,test
1669110,3323,test
1673370,3328,test
1682550,3347,test
1683720,2571,test
1684990,3353,test
1687190,3357,test
1689150,3360,test
1690380,3366,test
1693210,3370,test
1697630,3381,test
1699970,3383,test
1702180,3388,test
1703650,3393,test
1704080,3395,test
1704780,3276,test
1705970,3400,test
1707610,3405,test
1707780,3407,test
1708340,3411,test
1708460,3412,test
1709040,3413,test
1709210,3414,test
1713550,3426,test
1713680,3428,test
1715030,3433,test
1716240,479,test
1717610,3438,test
1728840,3459,test
1730130,3463,test
1730450,3464,test
1732430,3467,test
1734810,3470,test
1739500,3480,test
1740890,3484,test
1741480,3487,test
1741490,3488,test
1743110,3492,test
1744630,3497,test
1750770,61,test
1753890,3509,test
1754870,3513,test
1763030,3529,test
1766100,3534,test
1766400,3538,test
1767740,3539,test
1767840,3540,test
1768980,3544,test
1771930,3550,test
1775860,3554,test
1776260,3555,test
1778090,3413,test
1779680,3558,test
1786150,3573,test
1787390,3574,test
1787440,3575,test
1787810,3578,test
1788940,479,test
1795820,3593,test
1796270,3016,test
1799280,3601,test
1800030,3605,test
1800480,3606,test
1801030,2571,test
1802880,3608,test
1803230,3611,test
1803760,3613,test
1803920,3614,test
1807500,3621,test
1809480,3626,test
1810450,3630,test
1811780,3634,test
1813470,3639,test
1818560,3649,test
1819190,3555,test
1820090,3651,test
1823190,2519,test
1823200,3658,test
1823330,3659,test
1828070,3667,test
1828800,3671,test
1828940,2943,test
1835220,3684,test
1836880,3686,test
1837590,2880,test
1839260,1057,test
1846920,3704,test
1847240,1074,test
1847460,3706,test
1848520,61,test
1848960,3708,test
1850340,3710,test
1854870,3717,test
1854900,3718,test
1875720,3740,test
1879750,3749,test
1880860,2087,test
1882200,3755,test
1887270,3761,test
1888460,3765,test
1889740,3768,test
1891030,3770,test
1895970,408,test
1898420,3784,test
1900790,3790,test
1902850,3796,test
1903720,3800,test
1906230,3803,test
1907790,3805,test
1909370,3809,test
1910860,1074,test
1912710,3817,test
1914770,3821,test
1914850,3822,test
1916630,3825,test
1917760,3826,test
1920540,2057,test
1921200,3833,test
1930130,479,test
1931180,3846,test
1934740,3852,test
1935400,3855,test
1937600,3555,test
1943440,479,test
1944760,3871,test
1944970,3872,test
1947260,3872,test
1948140,3878,test
1948780,3659,test
1948980,3880,test
1949650,3881,test
1951650,3885,test
1951780,3886,test
1959470,3896,test
1961370,3901,test
1961950,3903,test
1964780,3908,test
1966610,3910,test
1969590,3755,test
1972460,3922,test
1975550,248,test
1977750,3931,test
1978330,3933,test
1978970,3936,test
1979190,3659,test
1979320,3937,test
1979590,3939,test
1979610,3940,test
1980820,3944,test
1980930,3945,test
1981740,3946,test
1982640,479,test
1983020,3951,test
1984490,3954,test
1986070,3958,test
1993670,3971,test
2000960,3075,test
2001280,3984,test
2006640,3995,test
2007920,3996,test
2012600,4006,test
2022880,4020,test
2022970,4020,test
2022980,4020,test
2023010,4020,test
2023960,4022,test
2026630,4025,test
2051220,4030,test
2052680,4035,test
2052970,4038,test
2054770,4041,test
2054850,4043,test
2056910,4047,test
2057460,4048,test
2058130,3276,test
2060450,4053,test
2061820,4056,test
2062610,4059,test
2071340,4059,test
2071390,4071,test
2072970,4075,test
2074810,1074,test
2075120,4084,test
2075390,3016,test
2075510,4087,test
2082300,4101,test
2082440,4102,test
2083670,4105,test
2084720,1074,test
2088450,479,test
2093870,4121,test
2094070,4122,test
2094720,4125,test
2095100,3484,test
2101280,1074,test
2102480,1074,test
2111920,4151,test
2113540,4157,test
2114300,4160,test
2116950,4166,test
2121610,4173,test
2123420,4176,test
2125750,4180,test
2126680,3704,test
2129660,4184,test
2132370,3221,test
2134600,3196,test
2137460,4195,test
2138740,4196,test
2143280,4204,test
2145460,4209,test
2150310,4215,test
2150660,4216,test
2150700,4217,test
2151740,4222,test
2160250,4233,test
2161120,4235,test
2162820,4240,test
2164880,4245,test
2165470,4248,test
2166710,4252,test
2171350,4260,test
2172870,3196,test
2173800,4264,test
2175100,3289,test
2177020,4270,test
2177990,4271,test
2178280,4272,test
2178560,4273,test
2180840,4280,test
2181930,2107,test
2185190,4294,test
2186450,4299,test
2187840,4302,test
2188380,4303,test
2188660,2927,test
2189310,4304,test
2193050,4309,test
2197980,4315,test
2199060,4316,test
2199300,4317,test
2200220,4318,test
2200930,4320,test
2205690,4329,test
2205710,4329,test
2205720,4329,test
2208620,3513,test
2210020,4339,test
2210500,4340,test
2211410,4343,test
2212410,4347,test
2215820,4353,test
2216160,4354,test
2218030,4357,test
2222170,4369,test
2222420,4370,test
2222670,1057,test
2224540,4373,test
2231000,4059,test
2231900,3708,test
2231970,4381,test
2233140,4383,test
2234870,4387,test
2236900,4392,test
2241580,4401,test
2244770,4404,test
2244970,4405,test
2245700,3438,test
2246800,4271,test
2247950,3413,test
2252070,4417,test
2264200,4439,test
2265320,4441,test
2268040,4447,test
2270120,4454,test
2270940,4456,test
2274510,4458,test
2276960,4463,test
2277110,4464,test
2282310,4271,test
2282400,4475,test
2283690,3058,test
2284680,4483,test
2289220,4271,test
2290210,4489,test
2290890,61,test
2294180,3574,test
2300910,4505,test
2301960,4507,test
2304340,4053,test
2307400,4512,test
2314130,4271,test
2316310,4523,test
2318430,4526,test
2322180,2742,test
2323660,4536,test
2324300,4489,test
2324570,4537,test
2324930,4538,test
2329490,4550,test
2335740,4559,test
2336760,4561,test
2337770,4562,test
2341540,4567,test
2344800,4570,test
2350000,4584,test
2356300,4595,test
2358750,4596,test
2358770,61,test
2359130,4601,test
2361320,4604,test
2361940,4606,test
2365300,4614,test
2366600,4271,test
2367600,4617,test
2368650,4619,test
2370770,4626,test
2371480,4628,test
2371680,4630,test
2372870,4633,test
2375050,4638,test
2375540,4641,test
2379300,4649,test
2379690,4650,test
2379830,4652,test
2380540,4653,test
2383380,4660,test
2385290,4667,test
2388410,61,test
2388460,4672,test
2398240,4687,test
2399080,4689,test
2399840,3438,test
2403050,3058,test
2406360,4697,test
2408820,4701,test
2411730,4706,test
2412490,4707,test
2413590,4710,test
2414340,4712,test
2414580,4713,test
2416260,4716,test
2416710,4717,test
2428470,3484,test
2429040,4738,test
2432490,1212,test
2434940,4383,test
2444610,4762,test
2449080,4772,test
2450100,4773,test
2450230,4774,test
2450750,4775,test
2451980,61,test
2453720,4781,test
2453820,4783,test
2455350,2728,test
2457870,4791,test
2461280,4801,test
2461550,4803,test
2463930,4808,test
2466970,4815,test
2468030,4817,test
2474290,61,test
2476670,322,test
2481310,4837,test
2481610,4838,test
2483930,4844,test
2485270,4847,test
2486180,4850,test
2486820,4852,test
2490040,4856,test
2492410,960,test
2494350,257,test
2496940,4863,test
2497870,4864,test
2499040,4866,test
2508070,4877,test
2509050,4880,test
2509460,4882,test
2510490,4884,test
2513220,4888,test
2516050,4890,test
2517920,3484,test
2521140,4894,test
2525570,4900,test
2526160,3540,test
2526410,4901,test
2527710,4903,test
2528650,4908,test
2532930,764,test
2550240,4932,test
2552200,4934,test
2554800,4938,test
2555910,4943,test
2559950,4950,test
2561190,322,test
2562100,4952,test
2563790,4953,test
2564810,4954,test
2564850,4955,test
2566580,4959,test
2567260,4962,test
2568860,3896,test
2569440,4965,test
2577760,4977,test
2581560,4982,test
2584420,4984,test
2587810,4990,test
2589320,3484,test
2589410,4995,test
2591880,4997,test
2597180,5001,test
2597500,5002,test
2597620,5004,test
2605640,5018,test
2606200,5020,test
2608680,5022,test
2611750,5026,test
2611940,5027,test
2616050,5035,test
2616430,5036,test
2617400,5038,test
2621900,1512,test
2622500,5045,test
2623100,5046,test
2625970,2805,test
2629180,5057,test
2632120,5060,test
2636570,5065,test
2642870,5074,test
2645260,5080,test
2645670,5081,test
2651050,5089,test
2655570,5099,test
2655580,5100,test
2656540,5101,test
2658960,5103,test
2664930,5110,test
2667120,5114,test
2668110,5117,test
2668540,2077,test
2669000,5119,test
2671440,808,test
2672660,764,test
2678910,5143,test
2686320,5159,test
2690020,5164,test
2690050,5165,test
2691390,5168,test
2693460,4707,test
2693810,5174,test
2695450,5176,test
2696570,5179,test
2697430,5181,test
2697470,393,test
2698350,5183,test
2701700,5190,test
2702570,5192,test
2703810,5198,test
2703930,5201,test
2705110,5206,test
2706780,5213,test
2707310,5216,test
2709510,5220,test
2710050,3484,test
2710090,3484,test
2710460,5221,test
2711200,5223,test
2717800,5233,test
2718470,5235,test
2718510,61,test
2719290,5238,test
2722440,5244,test
2722630,5245,test
2723480,5247,test
2724180,5250,test
2726980,5257,test
2732020,1074,test
2732500,5265,test
2733670,5267,test
2735580,5270,test
2736650,5271,test
2746570,5285,test
2755330,5295,test
2756930,5296,test
2761550,5304,test
2762320,5306,test
2763520,5309,test
2765340,5312,test
2772380,5326,test
2775230,5330,test
2776500,5332,test
2777610,5333,test
2785110,5345,test
2788330,5351,test
2795270,5359,test
2796880,5363,test
2801330,5369,test
2802620,5371,test
2807390,5379,test
2811720,5386,test
2811960,5388,test
2812520,5389,test
2812900,2876,test
2815830,61,test
2818510,3265,test
2819970,5402,test
2820580,5403,test
2821020,5404,test
2822080,5406,test
2828260,5413,test
2828300,1507,test
2831320,5417,test
2832320,5418,test
2833640,5420,test
2837600,5425,test
2837870,5426,test
2838360,3903,test
2841050,5433,test
2843410,1244,test
2845080,5444,test
2849230,5454,test
2850120,5455,test
2855660,5462,test
2856100,5168,test
2857730,5465,test
2860230,5470,test
2862440,5473,test
2863040,5476,test
2866780,5482,test
2875810,5497,test
2880130,5501,test
2880210,5502,test
2881590,5506,test
2882340,5508,test
2882840,5510,test
2884070,5517,test
2886440,3276,test
2886480,3276,test
2886970,5522,test
2888250,5523,test
2896520,185,test
2900700,764,test
2904490,5544,test
2906730,5551,test
2907200,5553,test
2908820,5555,test
2912010,5561,test
2912420,5562,test
2912540,5563,test
2913930,1509,test
2915460,5568,test
2921760,5573,test
2922990,5576,test
2923630,5579,test
2925310,5582,test
2926300,5584,test
2929180,61,test
2929310,808,test
2929590,5589,test
2930150,5591,test
2935860,5597,test
2939570,5601,test
2940830,4463,test
2946750,5604,test
2954150,5619,test
2954400,5620,test
2955220,5621,test
2956360,5623,test
2956480,5624,test
2959180,5627,test
2967330,5636,test
2975880,5646,test
2979110,5653,test
2979680,5654,test
2979840,4526,test
2980910,5657,test
2989500,5667,test
2990450,5668,test
2990560,3058,test
2994990,5673,test
2997880,5678,test
2998060,5679,test
3001730,5686,test
3003700,5688,test
3005360,5689,test
3006630,2022,test
3007390,5693,test
3008020,5694,test
3008190,1807,test
3008410,5696,test
3008950,5698,test
3010450,5701,test
3018130,5711,test
3024830,5295,test
3027620,5720,test
3027630,5721,test
3028920,5724,test
3031070,61,test
3038580,5738,test
3039260,5740,test
3040570,5742,test
3043140,5744,test
3054760,61,test
3063650,5765,test
3064410,5766,test
3078190,5783,test
3080530,5785,test
3094390,5802,test
3101230,5814,test
3103590,5816,test
3104970,5818,test
3106510,5820,test
3108610,5824,test
3109840,5827,test
3112210,5830,test
3112660,5832,test
3114440,5837,test
3117660,5842,test
3117740,5844,test
3120750,5848,test
3125600,5858,test
3135240,5866,test
3140410,5876,test
3144180,1223,test
3147190,5886,test
3150020,5890,test
3150120,5891,test
3159000,5901,test
3160660,5905,test
3160850,5907,test
3165420,5913,test
3169800,5265,test
3172230,5265,test
3172770,5930,test
3178890,5936,test
3183030,5941,test
3183350,5942,test
3184880,5945,test
3196310,3058,test
3202410,5969,test
3205290,5975,test
3206010,5978,test
3206110,5979,test
3213600,3265,test
3215030,5992,test
3215290,5994,test
3217500,5997,test
3219910,6000,test
3220070,6001,test
3222570,6003,test
3225480,6006,test
3238330,61,test
3238900,6018,test
3252050,6028,test
3253770,6031,test
3256870,6032,test
3262560,61,test
3264820,6042,test
3265530,6044,test
3274470,61,test
3279830,6056,test
3280550,6057,test
3299520,6085,test
3300510,6086,test
3301970,6090,test
3302910,6092,test
3303560,6094,test
3304840,6095,test
3305490,6099,test
3306040,6100,test
3310350,6103,test
3313420,6105,test
3318000,6112,test
3320800,6116,test
3324150,6122,test
3331210,6132,test
3347430,6147,test
3347610,6148,test
3348500,6149,test
3350250,6152,test
3351400,6153,test
3368100,6176,test
3377510,6188,test
3378610,6190,test
3381120,6192,test
3381420,6193,test
3388300,6202,test
3391580,6208,test
3393140,6209,test
3394450,6211,test
3397380,6214,test
3407070,6226,test
3409270,6230,test
3411540,6237,test
3413130,6241,test
3415130,6245,test
3418810,6248,test
3418880,6249,test
3421800,6252,test
3430460,6257,test
3431210,6260,test
3433430,6264,test
3434430,6267,test
3434710,6268,test
3438840,6279,test
3439440,6280,test
3439600,6281,test
3442450,6285,test
3443160,6289,test
3451470,6301,test
3456800,6303,test
3459500,6306,test
3464820,1807,test
3470070,6315,test
3477950,6322,test
3481360,6329,test
3485730,6333,test
3490690,6336,test
3496660,6341,test
3516890,6355,test
3521200,6361,test
3521290,6362,test
3530660,6371,test
3534920,6375,test
3536380,6376,test
3538320,6378,test
3540560,4888,test
3542310,6383,test
3542350,6384,test
3545210,2653,test
3552500,6393,test
3565880,5653,test
3567200,6411,test
3569050,6414,test
3571660,2943,test
3571750,6416,test
3578120,6421,test
3582060,3575,test
3588660,6434,test
3591090,4526,test
3597710,6440,test
3599670,6444,test
3600280,6446,test
3612460,6458,test
3613480,6461,test
3613530,6462,test
3617020,6468,test
3617750,6471,test
3622310,6472,test
3624530,6474,test
3626800,6478,test
3628630,6479,test
3648420,5168,test
3650250,6498,test
3650690,6499,test
3651180,6500,test
3663980,6511,test
3665780,6516,test
3670310,6522,test
3680900,6530,test
3680910,4271,test
3684860,3939,test
3690390,5582,test
3695990,1057,test
3697290,6540,test
3699970,6543,test
3704130,6549,test
3706590,5621,test
3710450,6555,test
3710630,6556,test
3716260,4888,test
3719610,6474,test
3722070,6563,test
3738180,6569,test
3743220,6576,test
3747530,6578,test
3768490,6594,test
3779170,6598,test
3785420,6602,test
3788900,6604,test
3793510,6606,test
3803050,1057,test
3814560,4641,test
3821180,6617,test
3822000,6618,test
3838170,6626,test
3848000,6634,test
3872030,1057,test
3874770,6644,test
3878290,6645,test
3880290,6648,test
3882460,6649,test
3893070,6655,test
3894880,4888,test
3900740,61,test
3909070,6664,test
3921030,4888,test
3943260,6686,test
3951010,6693,test
3964430,6705,test
3965460,6706,test
3978310,6708,test
3979300,3269,test
4000060,6712,test
4004650,6714,test
4028890,6720,test
4036070,4888,test
4054680,6724,test
4058260,6727,test
4069100,6731,test
4073070,6734,test
4089540,6739,test
4104760,6742,test
4109750,6745,test
4147140,6754,test
4168040,6756,test
4174530,6758,test
4193270,6761,test
