level_id,agent,actual_success,logistic_regression_prob_success,svm_rbf_prob_success,random_forest_prob_success,bayesian_logistic_laplace_prob_success,probability_low_05,probability_high_95,uncertainty_width
lvl_307799107670,random,0,0.02906539444268616,0.0037809690152355983,0.01084787660389371,0.029065394442686167,0.014689789183324801,0.050238281254566065,0.035548492071241264
lvl_307799107670,greedy,1,0.9669145119808619,0.8503419837522692,0.8601329606281221,0.9669145119808621,0.9516190424038571,0.977335052764831,0.02571601036097393
lvl_307799107670,astar,1,0.99922930163363,0.9261059071597754,0.998220804417673,0.99922930163363,0.9980489583366374,0.9996861517271527,0.001637193390515268
lvl_307799107670,q_learning,1,0.9598354720469714,0.9894310587354355,0.993029444467029,0.9598354720469714,0.9421433773486095,0.9710321141337749,0.028888736785165348
lvl_405924291145,random,0,2.3191244629032705e-07,0.0006890184921306367,0.0,2.3191244629032705e-07,3.462819987773349e-08,1.4235789644437118e-06,1.3889507645659784e-06
lvl_405924291145,greedy,0,0.00022635502205545232,0.004256731802363685,0.0,0.00022635502205545276,3.266686579520322e-05,0.0013731959842477207,0.0013405291184525174
lvl_405924291145,astar,0,0.009944391818039244,0.00458627789470822,0.0,0.009944391818039244,0.0021361908252093965,0.043539250739873525,0.04140305991466413
lvl_405924291145,q_learning,0,0.00018510222931361294,0.00470544874915464,0.0,0.00018510222931361292,2.9645950128110217e-05,0.0011701736725500044,0.0011405277224218941
lvl_406585403430,random,0,2.1325645531900092e-07,0.0005594155647249386,0.0,2.1325645531900092e-07,3.12516381213344e-08,1.2264138030320096e-06,1.1951621649106752e-06
lvl_406585403430,greedy,0,0.00020814987944972198,0.0037236214873061914,0.0,0.0002081498794497216,3.3456121848090204e-05,0.0011763323605655915,0.0011428762387175012
lvl_406585403430,astar,0,0.009151744973703291,0.004040456649058731,0.0,0.009151744973703291,0.0018782169634111578,0.03793819067369956,0.0360599737102884
lvl_406585403430,q_learning,0,0.00017021437609595965,0.0037639515470514894,0.0,0.00017021437609595965,2.591931979618577e-05,0.000966389737751522,0.0009404704179553362
lvl_365635691049,random,0,1.1541371812511871e-08,0.0004848679941292682,0.0,1.1541371812511873e-08,1.485639724006159e-09,7.738755313786373e-08,7.590191341385757e-08
lvl_365635691049,greedy,0,1.1267221617194638e-05,0.0024449669824640427,0.0,1.1267221617194638e-05,1.6839017058822113e-06,8.185545586285389e-05,8.017155415697168e-05
lvl_365635691049,astar,0,0.0004996143284570101,0.0031529576860762957,0.0,0.0004996143284570101,8.415224920683228e-05,0.002787501140540005,0.0027033488913331726
lvl_365635691049,q_learning,0,9.213429644985221e-06,0.003026911305478823,0.0,9.213429644985237e-06,1.272133633872768e-06,6.555572884052558e-05,6.428359520665281e-05
lvl_241085468492,random,0,0.0024464122804487803,0.0021909535297451525,0.02663631251979679,0.0024464122804487803,0.0011243341975785514,0.004908467141840253,0.0037841329442617013
lvl_241085468492,greedy,1,0.7053784636013669,0.851505803161626,0.9608070564332334,0.7053784636013668,0.6371822198622956,0.7605372919424958,0.12335507208020013
lvl_241085468492,astar,1,0.9906729903161556,0.8526298335802045,0.9919787595558192,0.9906729903161556,0.9771175987161371,0.9962938382254608,0.019176239509323678
lvl_241085468492,q_learning,0,0.6619072608303689,0.0045011185465120935,0.08800022504016464,0.661907260830369,0.5915844164993089,0.7282677878232416,0.1366833713239327
lvl_679770759817,random,0,0.003031748686168094,0.001386686326283416,0.01770106243212469,0.003031748686168092,0.00138233735286989,0.006027379279449981,0.004645041926580091
lvl_679770759817,greedy,1,0.7480325963863366,0.8630329531236376,0.5536910168204721,0.7480325963863365,0.6697672829428524,0.807097731582084,0.1373304486392316
lvl_679770759817,astar,1,0.9924645593128121,0.8977173743588419,0.9559874861250777,0.9924645593128121,0.9814758820912278,0.9967164232680608,0.015240541176832934
lvl_679770759817,q_learning,1,0.7082519217625263,0.029734890721801726,0.18526710271744432,0.7082519217625262,0.6200155356578428,0.7837759163432574,0.16376038068541454
lvl_763852952619,random,0,8.9225073532044e-09,0.0010108660949084268,0.0,8.922507353204429e-09,7.215816433986958e-10,1.2234444633560327e-07,1.2162286469220458e-07
lvl_763852952619,greedy,0,8.710587105726533e-06,0.0025807515170320943,0.0,8.710587105726533e-06,6.38889891453172e-07,0.00012578856264824334,0.00012514967275679018
lvl_763852952619,astar,0,0.0003862901231114249,0.003549341882755956,0.0,0.0003862901231114249,4.038153125198775e-05,0.00436560952704037,0.004325227995788382
lvl_763852952619,q_learning,0,7.122815791763832e-06,0.003864057653835808,0.0,7.122815791763846e-06,5.348351508266251e-07,0.00010923734734468813,0.0001087025121938615
lvl_310925749923,random,0,0.02515388650625146,0.004875059459499967,0.023049214039259924,0.02515388650625146,0.012679729065870412,0.055404542721642844,0.04272481365577243
lvl_310925749923,greedy,0,0.961817923721735,0.8534521945370442,0.7132530466619331,0.961817923721735,0.9409846665718217,0.9785333024048798,0.03754863583305812
lvl_310925749923,astar,1,0.9991059783344659,0.9284040469663636,0.9963276044597154,0.9991059783344659,0.9977237700991624,0.9996712862871558,0.0019475161879934921
lvl_310925749923,q_learning,1,0.9537006231278082,0.9827736155135882,0.9903899826780193,0.9537006231278082,0.9243079932404915,0.973747711357804,0.049439718117312514
lvl_247891732196,random,0,0.005153273426343999,0.002390110603412942,0.012513569566298703,0.005153273426343999,0.00254135089598818,0.010517513221660231,0.00797616232567205
lvl_247891732196,greedy,0,0.8349012428231536,0.8952432760775434,0.7383725840550069,0.8349012428231536,0.7915559316428195,0.8758300629314223,0.08427413128860284
lvl_247891732196,astar,1,0.9955624117947279,0.9703744035475906,0.984454896966391,0.9955624117947279,0.989710727065878,0.9981400876904079,0.008429360624529814
lvl_247891732196,q_learning,1,0.8052650326262251,0.8447038225781325,0.9785523886560206,0.805265032626225,0.7526695067978325,0.8508493257484626,0.0981798189506301
lvl_217423792388,random,0,0.002442777265596617,0.0013939244636398038,0.011110386835611104,0.002442777265596617,0.0012719880889868831,0.004755629223045567,0.0034836411340586843
lvl_217423792388,greedy,1,0.705068591880361,0.8503658376050834,0.6246184739146711,0.705068591880361,0.6316947806307673,0.7685416211421001,0.13684684051133278
lvl_217423792388,astar,1,0.9906592070293503,0.8531373450567248,0.9830279836957407,0.9906592070293503,0.977936615274194,0.9962327655473855,0.018296150273191536
lvl_217423792388,q_learning,1,0.6615736039396823,0.0053811398927397815,0.12257618943536767,0.6615736039396822,0.5833404732637806,0.7411641835883463,0.15782371032456577
lvl_775427833667,random,0,0.002124429840340779,0.0010947284464903424,0.018746812884841643,0.0021244298403407767,0.0009580659069690171,0.004231707307540417,0.0032736414005714
lvl_775427833667,greedy,1,0.6751565117035069,0.8420886845524265,0.634699223445009,0.6751565117035068,0.6158211888119518,0.7354931504201767,0.11967196160822491
lvl_775427833667,astar,1,0.9892711087891781,0.8759114223330159,0.9804307442692995,0.9892711087891781,0.9738475998666581,0.9954132504171025,0.02156565055044435
lvl_775427833667,q_learning,0,0.6295678612062396,0.016661152672424698,0.09430197495823761,0.6295678612062396,0.5431664897317501,0.6975436291919839,0.1543771394602338
lvl_288471153316,random,0,0.0034604186752274914,0.0015409897304693291,0.02404287138544253,0.003460418675227488,0.001707923062612083,0.006798745376681545,0.0050908223140694615
lvl_288471153316,greedy,0,0.7722090360200855,0.8103860380966691,0.5936528346709701,0.7722090360200855,0.6806535525687887,0.8491713896704101,0.16851783710162138
lvl_288471153316,astar,1,0.9933946891883675,0.9497007319529415,0.9786263869194369,0.9933946891883675,0.9835485731349884,0.9972440111199957,0.013695437985007275
lvl_288471153316,q_learning,1,0.7348925812515696,0.9052819674084334,0.9419171032190794,0.7348925812515693,0.638916283864039,0.8154235491101489,0.17650726524610993
lvl_787054005837,random,0,4.687879593043556e-08,0.0005379822701043415,0.0,4.6878795930435725e-08,5.8176171504082905e-09,2.3093162637194256e-07,2.2511400922153426e-07
lvl_787054005837,greedy,0,4.5763674294774946e-05,0.002854341662676172,0.0,4.5763674294774946e-05,6.3403621532336495e-06,0.0002769933006823055,0.00027065293852907187
lvl_787054005837,astar,0,0.002026236220790591,0.003980136742978957,0.0,0.0020262362207905905,0.00032348704014342023,0.009067741113816394,0.008744254073672974
lvl_787054005837,q_learning,0,3.742209562099048e-05,0.003877726806713368,0.0,3.742209562099054e-05,5.191590569190316e-06,0.00024187688971773636,0.00023668529914854604
lvl_224114096476,random,0,0.0023988242836040963,0.002488766238618737,0.04563244440935986,0.0023988242836040946,0.001105381743896285,0.004913123048065163,0.0038077413041688784
lvl_224114096476,greedy,1,0.7012696890668815,0.8497655430180252,0.9669892004957684,0.7012696890668814,0.6284719488317277,0.7615432508292637,0.13307130199753592
lvl_224114096476,astar,1,0.9904892709426144,0.8514295578401471,0.9899227015325228,0.9904892709426144,0.9772292355400628,0.9961884061101118,0.018959170570049033
lvl_224114096476,q_learning,0,0.6574866171159612,0.005016123769648683,0.05554461635815034,0.6574866171159613,0.5774980654299782,0.7302447889204435,0.15274672349046536
lvl_681483562418,random,0,4.1817345386610144e-10,0.0002553590238061036,0.0,4.1817345386610294e-10,2.1749028897784992e-11,7.603867691530192e-09,7.582118662632408e-09
lvl_681483562418,greedy,0,4.0824471887538597e-07,0.002854042576343206,0.0,4.0824471887538597e-07,2.2134990001840122e-08,7.89239685728762e-06,7.87026186728578e-06
lvl_681483562418,astar,0,1.811102691963538e-05,0.004365633463424076,0.002277992277992278,1.811102691963538e-05,1.1167198391750058e-06,0.000393873921843502,0.00039275720200432704
lvl_681483562418,q_learning,0,3.3382910871193237e-07,0.001565399499204845,0.0,3.3382910871193295e-07,1.8649173243426962e-08,6.229556066114934e-06,6.210906892871507e-06
lvl_233182560562,random,0,1.391072733750418e-07,0.0005276752164869742,0.0,1.3910727337504227e-07,1.9008874210183882e-08,1.0610472806855564e-06,1.0420384064753724e-06
lvl_233182560562,greedy,0,0.00013578606910264257,0.004187753347752525,0.0,0.00013578606910264257,2.0728713019337805e-05,0.000786098264060465,0.0007653695510411271
lvl_233182560562,astar,0,0.0059887430920546715,0.004210602654964348,0.0,0.0059887430920546715,0.001171798672618095,0.029453840738815684,0.02828204206619759
lvl_233182560562,q_learning,0,0.00011103747077402447,0.003857582773923382,0.0,0.00011103747077402466,1.7084859343039424e-05,0.0006307620016638302,0.0006136771423207908
lvl_448037216137,random,0,0.0013234893351969457,0.0015054653681003767,0.011160686173145161,0.0013234893351969457,0.0006578933553996789,0.0027427042700611686,0.0020848109146614897
lvl_448037216137,greedy,1,0.564038099527279,0.8554382408358853,0.8021843107473645,0.5640380995272789,0.48667377243183746,0.6481593347885912,0.16148556235675376
lvl_448037216137,astar,1,0.9828758675050343,0.8507136836064328,0.9810183842076396,0.9828758675050343,0.9573799539192475,0.9927953758809572,0.03541542196170977
lvl_448037216137,q_learning,0,0.514078599487723,0.004083264703189637,0.12686429884049227,0.5140785994877228,0.42875587043438423,0.5992187819324565,0.17046291149807224
lvl_358420735454,random,0,0.001883851573900194,0.0018258554708385775,0.019376037525574274,0.0018838515739001923,0.0008831120523900464,0.003985500643122239,0.0031023885907321925
lvl_358420735454,greedy,1,0.6482087693778714,0.8124432280359395,0.6560676098370408,0.6482087693778712,0.5499813733002611,0.7423286039671724,0.19234723066691128
lvl_358420735454,astar,1,0.9879146469376542,0.8764817969802199,0.9934922173135036,0.9879146469376542,0.9693329807834041,0.9951111976859601,0.025778216902555995
lvl_358420735454,q_learning,1,0.6010728338963118,0.06426398472873608,0.41929593468883297,0.6010728338963117,0.5005023231619605,0.7114825201791022,0.21098019701714166
lvl_299193904108,random,0,1.783721243564714e-09,0.0013558278607479356,0.0,1.783721243564714e-09,1.1376288685423096e-10,2.3189197536429503e-08,2.3075434649575273e-08
lvl_299193904108,greedy,0,1.7413678489619777e-06,0.003150583328371381,0.0,1.7413678489619806e-06,1.5721899702944018e-07,2.46708420899458e-05,2.451362309291636e-05
lvl_299193904108,astar,0,7.724811975752291e-05,0.003827878617711861,0.0,7.724811975752291e-05,6.250476975238e-06,0.0007412698651476329,0.0007350193881723949
lvl_299193904108,q_learning,0,1.423948409726131e-06,0.0038163417074487116,0.0,1.423948409726131e-06,1.1766208546869839e-07,2.300688467249498e-05,2.2889222587026282e-05
lvl_417582463550,random,0,0.03717942312178876,0.004356217883113486,0.019825644698553222,0.03717942312178879,0.017818148315508646,0.0691043050931567,0.05128615677764805
lvl_417582463550,greedy,1,0.9741590605832807,0.8508792304176814,0.9319545414702104,0.9741590605832807,0.9585650860961715,0.9840810775363946,0.025515991440223096
lvl_417582463550,astar,1,0.9994024302071725,0.8981919370409531,0.9946903253965672,0.9994024302071725,0.9983361474992866,0.9997807713370208,0.001444623837734249
lvl_417582463550,q_learning,1,0.9685797095543934,0.9863186410297512,0.9936552044690988,0.9685797095543934,0.9511437556959697,0.9812002395445188,0.030056483848549198
lvl_628702318558,random,0,0.00965130875191192,0.004085132954392478,0.021139963899280488,0.00965130875191192,0.004537523578217033,0.017120355609065205,0.012582832030848172
lvl_628702318558,greedy,1,0.904888565773181,0.9238944019551619,0.9873869395564224,0.904888565773181,0.8742207399584858,0.927716292662125,0.05349555270363915
lvl_628702318558,astar,1,0.9976363687999039,0.9676816331216505,0.9957585937526522,0.9976363687999039,0.9941947851320946,0.9990367854557806,0.00484200032368598
lvl_628702318558,q_learning,1,0.8861016157301691,0.8498034807721301,0.9204854799577538,0.8861016157301691,0.8500261410649651,0.9113288942632045,0.06130275319823941
lvl_537201532195,random,0,0.008000913957662273,0.0016422738319523177,0.017283416134192812,0.008000913957662273,0.004068027638487164,0.014428605271939936,0.010360577633452772
lvl_537201532195,greedy,0,0.887310604010217,0.8668387542555195,0.7489758586532606,0.887310604010217,0.8529063534230781,0.915032817239383,0.06212646381630493
lvl_537201532195,astar,1,0.9971454627949063,0.9662282521186321,0.9956487089706193,0.9971454627949063,0.9928217612662973,0.9987281201320013,0.005906358865704009
lvl_537201532195,q_learning,1,0.865567379343141,0.8569803325245059,0.9851278853943342,0.8655673793431408,0.8223686636634744,0.897484693442282,0.0751160297788076
lvl_115838619566,random,0,3.5456679344133106e-08,0.0003364480045987902,0.0,3.545667934413323e-08,3.999054992534192e-09,1.982124489866102e-07,1.94213393994076e-07
lvl_115838619566,greedy,0,3.4613644986316135e-05,0.0021880035274430974,0.0,3.4613644986316196e-05,4.62197723181415e-06,0.00025075799357565925,0.0002461360163438451
lvl_115838619566,astar,0,0.0015332964975016154,0.0031586638560679985,0.0,0.001533296497501614,0.00023809317075128823,0.007416843341286913,0.007178750170535625
lvl_115838619566,q_learning,0,2.8304381581058186e-05,0.0024821112804858303,0.0,2.830438158105823e-05,3.5873586790539262e-06,0.0001916711990665106,0.00018808384038745667
lvl_792529548906,random,0,0.00516946444998893,0.002716477653222718,0.026454196520903257,0.00516946444998893,0.002712210497553137,0.010570372407747993,0.007858161910194856
lvl_792529548906,greedy,1,0.8353354302917796,0.8410016677604275,0.6659951653524194,0.8353354302917795,0.771898884500326,0.8866327379200782,0.11473385341975229
lvl_792529548906,astar,1,0.995576320737999,0.9545023304073653,0.9889643840313972,0.995576320737999,0.9896735132332672,0.9980552122317662,0.008381698998498943
lvl_792529548906,q_learning,1,0.8057590266560489,0.9313517089567867,0.9860305697450087,0.8057590266560489,0.7362034537171074,0.8572714173306056,0.12106796361349825
lvl_640729016449,random,0,8.671339320766228e-10,0.00027722854297294587,0.0,8.671339320766261e-10,6.57887551026442e-11,1.2184233140307029e-08,1.2118444385204385e-08
lvl_640729016449,greedy,0,8.46545111972991e-07,0.0022648251195194736,0.0,8.46545111972994e-07,5.879631732363577e-08,1.4312357653931793e-05,1.4253561336608158e-05
lvl_640729016449,astar,0,3.755470483896758e-05,0.0036316905794343203,0.001823238566131026,3.755470483896764e-05,3.393338562732305e-06,0.00044039582225567924,0.00043700248369294694
lvl_640729016449,q_learning,0,6.92235342495335e-07,0.0020907555147653945,0.0,6.922353424953375e-07,4.8326775523164604e-08,1.1038230379217153e-05,1.0989903603693988e-05
lvl_484442561637,random,0,0.020318427244307727,0.003778283492016626,0.008655322417598277,0.020318427244307737,0.010435298413378298,0.035213902656893926,0.024778604243515627
lvl_484442561637,greedy,1,0.9529354364443172,0.849796116419767,0.8613696825813832,0.9529354364443172,0.9326183310550172,0.9661969231445707,0.033578592089553494
lvl_484442561637,astar,1,0.9988879683411537,0.9314713310370291,0.9992453447349361,0.9988879683411537,0.9972836564775556,0.9995454660956046,0.0022618096180490044
lvl_484442561637,q_learning,1,0.9430415959103603,0.9843177987647357,0.9928259547528294,0.9430415959103603,0.9212711642663377,0.9590371090578536,0.03776594479151585
lvl_229649557752,random,0,3.8308142475266563e-07,0.00017096864956953953,0.0,3.8308142475266563e-07,4.7647435392614256e-08,2.2510371480136345e-06,2.2033897126210203e-06
lvl_229649557752,greedy,0,0.00037384636580505633,0.0023153836757107806,0.004133968609865471,0.00037384636580505633,5.379223042148388e-05,0.002014890145929686,0.001961097915508202
lvl_229649557752,astar,0,0.016320718209517533,0.0028679289568867305,0.004133968609865471,0.016320718209517547,0.0030303574801132617,0.07298250676405278,0.06995214928393952
lvl_229649557752,q_learning,0,0.0003057217625068472,0.0034284257901128767,0.004133968609865471,0.0003057217625068472,3.894026098288589e-05,0.0018926424458992638,0.001853702184916378
lvl_628783080114,random,0,0.007573956207225241,0.0012833760482248693,0.03326355773298738,0.007573956207225241,0.0034790829882576416,0.014704097837292734,0.011225014849035092
lvl_628783080114,greedy,1,0.8816646502195191,0.8456210533560627,0.7635971780011553,0.8816646502195191,0.8426146831733135,0.9096713619889698,0.06705667881565636
lvl_628783080114,astar,1,0.9969837387397539,0.9637420899576438,0.9916483263314088,0.9969837387397539,0.9928293519837338,0.9987789082406446,0.0059495562569108484
lvl_628783080114,q_learning,1,0.8590051519807081,0.8842041551196645,0.9961893421988423,0.8590051519807081,0.81837225530175,0.8892061699570254,0.07083391465527544
lvl_897188795181,random,0,5.528072044679062e-09,0.0007551908884169205,0.0,5.528072044679083e-09,4.325624740286924e-10,7.78929770112996e-08,7.746041453727091e-08
lvl_897188795181,greedy,0,5.396791571253946e-06,0.0032705710570858607,0.0,5.396791571253946e-06,4.1112023688755384e-07,9.95440299321196e-05,9.913290969523205e-05
lvl_897188795181,astar,0,0.0002393669633091359,0.004867650507273665,0.0,0.0002393669633091359,2.1091338798625658e-05,0.002818717304176976,0.00279762596537835
lvl_897188795181,q_learning,0,4.413058332610779e-06,0.004895406555620801,0.0,4.413058332610786e-06,3.370111274510138e-07,7.354688734274859e-05,7.320987621529757e-05
lvl_039223372923,random,0,0.0467453063757041,0.0045926878916592384,0.019467490227307885,0.04674530637570405,0.021411561997764544,0.09085777329298797,0.06944621129522342
lvl_039223372923,greedy,1,0.9795389295881168,0.849583493171619,0.9949487076156771,0.9795389295881168,0.965955551073171,0.9877765499439709,0.021820998870799913
lvl_039223372923,astar,1,0.9995293782184322,0.885510036642463,0.996032925363429,0.9995293782184322,0.9987117353188812,0.9998198931748384,0.0011081578559571925
lvl_039223372923,q_learning,1,0.9750914524857589,0.9837295127646398,0.9935983425720667,0.9750914524857589,0.9576343693446334,0.9851548804631124,0.027520511118478974
lvl_341943350497,random,0,0.02028979652340688,0.003951618523476492,0.021571964749960117,0.020289796523406872,0.009501374119981677,0.04032412711830741,0.03082275299832573
lvl_341943350497,greedy,1,0.9528708416193817,0.8529839332237453,0.6604807989208155,0.9528708416193816,0.9253107251185779,0.9714750269568442,0.04616430183826625
lvl_341943350497,astar,1,0.9988863684041229,0.9253954187114228,0.9828415228328616,0.9988863684041229,0.9972992824478248,0.9995408895975239,0.0022416071496990098
lvl_341943350497,q_learning,1,0.9429642348015839,0.9744353372792902,0.9901591868887084,0.9429642348015839,0.9126210763793609,0.9643871244915118,0.05176604811215091
lvl_842643504495,random,0,9.708445117256448e-08,0.0003369621571480647,0.0,9.708445117256448e-08,1.335018061556146e-08,6.073480827453387e-07,5.939979021297773e-07
lvl_842643504495,greedy,0,9.47704307100522e-05,0.0042719161518784445,0.0,9.477043071005236e-05,1.327720942111328e-05,0.0005606209253894072,0.0005473437159682939
lvl_842643504495,astar,0,0.004187182744114316,0.004559955018340182,0.0,0.004187182744114316,0.0008424699259711051,0.01921786796751981,0.018375398041548707
lvl_842643504495,q_learning,0,7.749683250732406e-05,0.0041363905947144,0.0,7.749683250732404e-05,1.0526243304010005e-05,0.0005082413580382154,0.0004977151147342053
lvl_040873734913,random,0,6.365584706998817e-08,0.00012077975881167845,0.0,6.36558470699884e-08,7.724974942513138e-09,3.997181614116902e-07,3.91993186469177e-07
lvl_040873734913,greedy,0,6.214062739926725e-05,0.0016872424363384,0.0,6.214062739926725e-05,7.993692227772595e-06,0.0003970242073126585,0.00038903051508488594
lvl_040873734913,astar,0,0.002749394879494635,0.002631234069248616,0.0,0.0027493948794946356,0.0004138570139594471,0.012303959153878517,0.01189010213991907
lvl_040873734913,q_learning,0,5.081408952256123e-05,0.0014952478232446783,0.0,5.0814089522561325e-05,6.5970856521096534e-06,0.0003439391145561404,0.0003373420289040308
lvl_081086118667,random,0,3.6784830702288822e-09,0.00041109244005542965,0.0,3.678483070228895e-09,2.361813872252946e-10,4.671709908459642e-08,4.648091769737113e-08
lvl_081086118667,greedy,0,3.5911330527863895e-06,0.0029224480999720057,0.0,3.5911330527863895e-06,2.7876515206407957e-07,4.801908004141676e-05,4.7740314889352684e-05
lvl_081086118667,astar,0,0.00015929203469147572,0.00346666045290365,0.0,0.00015929203469147572,1.5813536986413817e-05,0.0017827932496031346,0.0017669797126167207
lvl_081086118667,q_learning,0,2.9365363136070343e-06,0.0011091276070376629,0.0,2.9365363136070394e-06,2.3542253980483885e-07,4.0226882141998694e-05,3.999145960219386e-05
lvl_433588044975,random,0,7.880338071605293e-08,0.0002053768896447275,0.0,7.880338071605321e-08,1.0463899211950425e-08,4.7625666969366497e-07,4.6579277048171455e-07
lvl_433588044975,greedy,0,7.692646330722199e-05,0.004144160194335543,0.0,7.692646330722199e-05,1.1366151318576112e-05,0.0005207481025868865,0.0005093819512683104
lvl_433588044975,astar,0,0.003401415069578345,0.004644574410828841,0.0,0.0034014150695783484,0.0006405942814701988,0.019313544025916493,0.018672949744446294
lvl_433588044975,q_learning,0,6.290504123075249e-05,0.004486381254428755,0.0,6.29050412307526e-05,8.747986567830285e-06,0.00045234905640200346,0.0004436010698341732
lvl_601767980526,random,0,1.2409268874985106e-07,0.0009414139462261277,0.0,1.240926887498515e-07,1.9367631116648325e-08,7.376762829717834e-07,7.183086518551351e-07
lvl_601767980526,greedy,0,0.00012113173314267159,0.004207452354689829,0.0,0.00012113173314267159,2.1047945395179073e-05,0.0006847429315482787,0.0006636949861530997
lvl_601767980526,astar,0,0.005345801767274888,0.004231946615519562,0.0,0.005345801767274893,0.0011885293284349882,0.023068558989326058,0.02188002966089107
lvl_601767980526,q_learning,0,9.90537942395811e-05,0.0038302442132525072,0.0,9.905379423958125e-05,1.5623746663409543e-05,0.0005540244386504579,0.0005384006919870484
lvl_347221164731,random,0,0.006952100343126291,0.0015833848715163608,0.011207161101903411,0.00695210034312629,0.0032915793522239854,0.012306337480133605,0.00901475812790962
lvl_347221164731,greedy,1,0.8723603022808012,0.8416384829377764,0.736910171631228,0.872360302280801,0.8269541690850447,0.9082400177073484,0.0812858486223037
lvl_347221164731,astar,1,0.9967127729087439,0.9636212169522536,0.9897277746976787,0.9967127729087439,0.9922201553306272,0.9986271438525721,0.0064069885219448786
lvl_347221164731,q_learning,1,0.8482258583817531,0.9252321558645595,0.9951925224032199,0.848225858381753,0.7949430037226327,0.8882094550822696,0.09326645135963685
lvl_719958611250,random,0,0.0015485914412730571,0.0018379826252955564,0.01364761651290715,0.0015485914412730558,0.0007781461099330279,0.003268159616700983,0.002490013506767955
lvl_719958611250,greedy,1,0.6022541880544237,0.8559941682474419,0.7400101821202132,0.6022541880544234,0.5082313724204871,0.7014502441529417,0.19321887173245456
lvl_719958611250,astar,1,0.9853317576048553,0.8515753580527572,0.9829805995389113,0.9853317576048553,0.9650199820705448,0.9941449463257599,0.029124964255215047
lvl_719958611250,q_learning,0,0.5532050092331886,0.005269731397081669,0.18771026721593276,0.5532050092331884,0.45537378902883036,0.6484844264231936,0.19311063739436324
lvl_905028928504,random,0,1.9032224892519188e-07,0.0005038195281791751,0.0,1.9032224892519188e-07,3.011744770917613e-08,1.1422332763091988e-06,1.1121158286000226e-06
lvl_905028928504,greedy,0,0.0001857690029497103,0.00368223784433737,0.0,0.0001857690029497103,3.259242280732513e-05,0.001010421110450369,0.0009778286876430439
lvl_905028928504,astar,0,0.008175586527162264,0.003694538078622848,0.0,0.008175586527162269,0.0017643312803403794,0.03743008669095828,0.0356657554106179
lvl_905028928504,q_learning,0,0.00015191181476604683,0.0033488902125349655,0.0,0.00015191181476604713,2.5573912236548447e-05,0.0008537744971973677,0.0008282005849608192
lvl_829432430396,random,0,0.008276140593083021,0.001845539053725593,0.015067245671054426,0.008276140593083015,0.003991114704933826,0.014688303569098813,0.010697188864164986
lvl_829432430396,greedy,1,0.8906753618930706,0.8844350829720293,0.790199015965794,0.8906753618930706,0.8575475434229208,0.913734017955722,0.05618647453280112
lvl_829432430396,astar,1,0.9972408932766356,0.9674229576771268,0.9882417503335212,0.9972408932766356,0.993553596681879,0.9987955972071874,0.005242000525308321
lvl_829432430396,q_learning,1,0.8694858673469759,0.847840494501898,0.9229497474895145,0.8694858673469759,0.8342576071729,0.9013481441444415,0.06709053697154155
lvl_871200149523,random,0,0.010811629359949037,0.002945424233992752,0.031982941341402574,0.010811629359949037,0.0054409933950438395,0.022930190604181413,0.017489197209137573
lvl_871200149523,greedy,0,0.9143123655159172,0.9073109034138876,0.9553177045206757,0.9143123655159172,0.8721618597201249,0.9440678886695739,0.07190602894944897
lvl_871200149523,astar,1,0.9978919694572617,0.968107866906344,0.989127941549362,0.9978919694572617,0.9950447175818674,0.9991825657439684,0.004137848162100943
lvl_871200149523,q_learning,1,0.897175337686501,0.839788935203253,0.9855760696546201,0.897175337686501,0.8453748631424867,0.9340519163049986,0.08867705316251195
lvl_521976062403,random,0,3.407466497161536e-09,0.000509651114136515,0.0,3.407466497161536e-09,4.0148372091728583e-10,2.7477682710963524e-08,2.707619899004624e-08
lvl_521976062403,greedy,0,3.326552974384313e-06,0.002424613212374243,0.0,3.3265529743843195e-06,4.5755849239546974e-07,2.489962668932206e-05,2.444206819692659e-05
lvl_521976062403,astar,0,0.00014755773810803206,0.0031268049258918445,0.0,0.00014755773810803233,2.0267263358053228e-05,0.0010532702442566041,0.0010330029808985508
lvl_521976062403,q_learning,0,2.720184129551627e-06,0.00299667058239935,0.0,2.720184129551627e-06,3.8709120768420885e-07,2.0762292315276082e-05,2.0375201107591874e-05
lvl_917452083962,random,0,1.0959981763742352e-08,0.0006070158190995352,0.0,1.0959981763742312e-08,1.3133701496949224e-09,7.320703910982449e-08,7.189366896012956e-08
lvl_917452083962,greedy,0,1.0699647795462532e-05,0.002571805414469167,0.0,1.0699647795462514e-05,1.6536071090685563e-06,7.739373199188117e-05,7.574012488281262e-05
lvl_917452083962,astar,0,0.00047445848127073174,0.0031715756341154718,0.0,0.00047445848127073217,8.1884420346056e-05,0.0025101015034040644,0.0024282170830580083
lvl_917452083962,q_learning,0,8.749312416130465e-06,0.0031082545735221173,0.0,8.74931241613045e-06,1.2588958407320528e-06,6.974510076432351e-05,6.848620492359146e-05
lvl_910950859017,random,0,0.024248575064184177,0.004003134770913132,0.017819539252778314,0.02424857506418418,0.012162873905907817,0.045071038271122923,0.032908164365215105
lvl_910950859017,greedy,1,0.9604135149750339,0.84916636528053,0.8730027284617278,0.9604135149750339,0.9392956916098668,0.9742441281906695,0.03494843658080271
lvl_910950859017,astar,1,0.9990717709039566,0.9224784871427103,0.9959987258857396,0.9990717709039566,0.9975205820578872,0.9996008221329086,0.002080240075021389
lvl_910950859017,q_learning,1,0.9520125411341498,0.9888796757096247,0.9880365870781885,0.9520125411341498,0.9252012127342742,0.9694661875950288,0.044264974860754536
lvl_107984894087,random,0,0.002173512122969072,0.0010778598965827744,0.015616481152140352,0.002173512122969072,0.0010332573590522214,0.004112544247634308,0.003079286888582087
lvl_107984894087,greedy,1,0.6801565037706321,0.8419648582169666,0.49704359816078003,0.6801565037706321,0.6216079434599397,0.7332949868153507,0.11168704335541091
lvl_107984894087,astar,1,0.9895113579723726,0.8639254799651315,0.971000761045819,0.9895113579723726,0.9745360097449275,0.9957676770787989,0.021231667333871385
lvl_107984894087,q_learning,0,0.6348900895276473,0.008524694115932084,0.1295614599485941,0.634890089527647,0.5681465756808748,0.6923097179395195,0.12416314225864467
lvl_032254930939,random,0,5.247820064474156e-09,0.0008773153933266355,0.0,5.247820064474156e-09,3.894591124173068e-10,6.58866216759064e-08,6.54971625634891e-08
lvl_032254930939,greedy,0,5.1231964061271475e-06,0.002316663287646285,0.0,5.1231964061271475e-06,4.110302803028228e-07,6.794890060575654e-05,6.753787032545371e-05
lvl_032254930939,astar,0,0.00022723473679866279,0.003095137152782748,0.0,0.00022723473679866279,1.8949952614183484e-05,0.002724297990241363,0.0027053480376271794
lvl_032254930939,q_learning,0,4.189334193031435e-06,0.0032432234522347483,0.0,4.1893341930314416e-06,3.4773112647216164e-07,5.6288802959110444e-05,5.594107183263828e-05
lvl_829950486237,random,0,0.006689439926016328,0.002651226810931464,0.018589049661251644,0.006689439926016328,0.003417886660642046,0.013558698318644959,0.010140811658002912
lvl_829950486237,greedy,1,0.8679797382904153,0.8853826755169608,0.6116909778119751,0.8679797382904153,0.8051431219789391,0.9183925945756144,0.11324947259667528
lvl_829950486237,astar,1,0.9965832406432382,0.9669672233563398,0.9882886064658507,0.9965832406432382,0.9913870710897995,0.9986877068951193,0.007300635805319811
lvl_829950486237,q_learning,1,0.843165916802926,0.839399965844653,0.9843985931250946,0.843165916802926,0.7662722163900535,0.9023306391491742,0.13605842275912072
lvl_015936616134,random,0,7.534350953452482e-08,0.00027861630068365503,0.0,7.534350953452482e-08,1.1153686596987394e-08,4.405020172874408e-07,4.293483306904534e-07
lvl_015936616134,greedy,0,7.354924654851012e-05,0.0028443021461672627,0.0,7.35492465485101e-05,1.5041818388814723e-05,0.000399605420972409,0.0003845636025835943
lvl_015936616134,astar,0,0.0032525612879001284,0.003041016146268053,0.0,0.003252561287900129,0.0007286682727731478,0.014245354130577311,0.013516685857804163
lvl_015936616134,q_learning,0,6.0143354308869675e-05,0.0027277748501508105,0.0,6.0143354308869566e-05,1.2291224910427066e-05,0.0003269084056191712,0.00031461718070874414
lvl_042793793251,random,0,0.010263709509037183,0.0017999407062122292,0.013147418573078044,0.010263709509037183,0.004774591536707274,0.019503748689379156,0.014729157152671882
lvl_042793793251,greedy,1,0.9101037163651325,0.8860009644915883,0.9528850157931704,0.9101037163651325,0.8747947539147963,0.9373580569641246,0.06256330304932822
lvl_042793793251,astar,1,0.9977784566921571,0.9689111546223165,0.9984895248784138,0.9977784566921571,0.994823181052309,0.9991223748325345,0.004299193780225474
lvl_042793793251,q_learning,1,0.8922242003640972,0.8508034200124833,0.9963326845495779,0.8922242003640973,0.848906019585822,0.9251529703083602,0.07624695072253818
lvl_344996641991,random,0,0.0021035402062691906,0.001456029021393478,0.014779969402569454,0.00210354020626919,0.0010082171352024192,0.003894701362028594,0.002886484226826175
lvl_344996641991,greedy,1,0.6729809042828704,0.8477096554929437,0.758032365467293,0.6729809042828703,0.6144931614975917,0.7317836987709861,0.11729053727339445
lvl_344996641991,astar,1,0.9891654933464198,0.8514467367822752,0.980922222749522,0.9891654933464198,0.9734464054877348,0.9954606288696993,0.02201422338196457
lvl_344996641991,q_learning,0,0.6272554942331913,0.00405125750892522,0.16169640065386923,0.627255494233191,0.559027897976005,0.6894088250306445,0.13038092705463944
lvl_847391982196,random,0,0.0022575000314568753,0.0010714074545019475,0.019982448082182344,0.002257500031456877,0.0010548123706598594,0.0043461157070091355,0.0032913033363492763
lvl_847391982196,greedy,0,0.6883655102690922,0.8441694737265747,0.7144493770388498,0.6883655102690923,0.6319742769968799,0.7379867922195636,0.10601251522268373
lvl_847391982196,astar,1,0.9898984764419679,0.8599740555375663,0.9893228305751702,0.9898984764419679,0.9759522327815566,0.995909890460513,0.01995765767895641
lvl_847391982196,q_learning,0,0.6436522026190596,0.00638002036270366,0.12821819304852913,0.6436522026190599,0.5779457341732765,0.6986566704879126,0.12071093631463603
lvl_139364108367,random,0,7.369162491775001e-09,0.0007843580225884198,0.0,7.369162491775027e-09,5.982123106050026e-10,9.077084645663282e-08,9.017263414602782e-08
lvl_139364108367,greedy,0,7.194146945570406e-06,0.002446877778908746,0.0,7.19414694557042e-06,5.412255467295556e-07,0.00010228253641239085,0.00010174131086566128
lvl_139364108367,astar,0,0.00031906122563161597,0.0035306047585707367,0.0,0.00031906122563161597,3.222370429088547e-05,0.0036441876868817534,0.0036119639825908678
lvl_139364108367,q_learning,0,5.8827916747443555e-06,0.0037661273203575115,0.0,5.882791674744365e-06,4.5556226907945366e-07,8.655049228854526e-05,8.609493001946581e-05
lvl_384896529475,random,0,1.8621966770470286e-08,9.436054071877799e-05,0.0,1.8621966770470353e-08,1.4052674576317713e-09,2.205837554487544e-07,2.1917848799112262e-07
lvl_384896529475,greedy,0,1.817950076552948e-05,0.0024402166393994143,0.0,1.8179500765529476e-05,1.8132313640326575e-06,0.00022204410955482397,0.00022023087819079132
lvl_384896529475,astar,0,0.0008058791267047462,0.0037320919794137358,0.0,0.0008058791267047462,9.061702564678914e-05,0.00835430688779387,0.00826368986214708
lvl_384896529475,q_learning,0,1.486575555333829e-05,0.003604667945434369,0.0,1.4865755553338316e-05,1.3262544540251148e-06,0.0001810406088149593,0.00017971435436093419
lvl_852684363701,random,0,2.86201229930146e-08,0.0014278352037370844,0.0,2.86201229930146e-08,3.0079893039210547e-09,2.4137681324907606e-07,2.3836882394515502e-07
lvl_852684363701,greedy,0,2.793982403104664e-05,0.004066181508867639,0.0,2.793982403104659e-05,4.083351965170233e-06,0.00021144689282613795,0.00020736354086096773
lvl_852684363701,astar,0,0.001238020941903944,0.003983167493345124,0.0,0.0012380209419039416,0.00018018804063679803,0.008569045808376998,0.0083888577677402
lvl_852684363701,q_learning,0,2.2847015358967133e-05,0.0037388984117703154,0.0,2.2847015358967133e-05,3.3679470713421405e-06,0.00016566198751092766,0.00016229404043958552
lvl_538663281991,random,0,0.011540112963950184,0.0046059488992175055,0.030528944296475916,0.011540112963950175,0.005976186328390023,0.02138723447897036,0.015411048150580338
lvl_538663281991,greedy,1,0.9193395499323461,0.9313793827079491,0.9706381519633102,0.9193395499323461,0.8821069935787261,0.9462287094579442,0.06412171587921811
lvl_538663281991,astar,1,0.9980262303634663,0.9694465732304006,0.9950314441870595,0.9980262303634663,0.995007382637822,0.9992283395617947,0.00422095692397273
lvl_538663281991,q_learning,1,0.9031013768301196,0.8485748858514772,0.9689312572047862,0.9031013768301196,0.8640074691332716,0.9320551133585876,0.06804764422531595
lvl_553026212586,random,0,0.006192826650155995,0.0015972994826535453,0.020562482637534074,0.00619282665015599,0.002743044364595349,0.0117719905729071,0.009028946208311751
lvl_553026212586,greedy,0,0.8588261745375313,0.8356094278105932,0.7156238804945211,0.8588261745375312,0.7936322961792005,0.9025850485076896,0.10895275232848911
lvl_553026212586,astar,1,0.9963084179815496,0.9606270213835929,0.9875098100863527,0.9963084179815496,0.9909465214086498,0.998394210982994,0.007447689574344163
lvl_553026212586,q_learning,1,0.8326236610687818,0.9008173544581992,0.993639960413857,0.8326236610687817,0.7603935655936386,0.8869064824538854,0.1265129168602468
lvl_172551571861,random,0,0.005265349652077935,0.0017591433913904633,0.030401899592776446,0.005265349652077934,0.002503179021141969,0.010068706289362267,0.007565527268220297
lvl_172551571861,greedy,0,0.8378609302615249,0.8430324087953281,0.7634552833241476,0.8378609302615248,0.7786002530661277,0.8817053395050426,0.10310508643891492
lvl_172551571861,astar,1,0.9956569455329435,0.9618236682492077,0.9880008270120726,0.9956569455329435,0.9892179206370744,0.9982892840484676,0.009071363411393252
lvl_172551571861,q_learning,1,0.8086342277847127,0.9441950266496444,0.9824011965611861,0.8086342277847127,0.739544494891197,0.8683082810754714,0.12876378618427442
lvl_154417954416,random,0,3.893645757161358e-08,0.0003305997886359676,0.0,3.893645757161372e-08,4.450511171465944e-09,2.9918696658405704e-07,2.947364554125911e-07
lvl_154417954416,greedy,0,3.8010557410895954e-05,0.0025773045720884815,0.0,3.8010557410895954e-05,5.194946543682476e-06,0.0002641550013233443,0.0002589600547796618
lvl_154417954416,astar,0,0.0016835234668981798,0.0037752531501529583,0.0,0.0016835234668981813,0.0002613533055542506,0.00943240154298779,0.00917104823743354
lvl_154417954416,q_learning,0,3.108213502703603e-05,0.003983594961812997,0.0,3.1082135027036086e-05,3.832043310673592e-06,0.00023387557279675171,0.00023004352948607812
lvl_402690387741,random,0,1.2007864423171386e-08,0.0003438385200000407,0.0,1.2007864423171429e-08,1.0662849703952763e-09,1.2704595853083813e-07,1.2597967356044287e-07
lvl_402690387741,greedy,0,1.1722627972744267e-05,0.0036497812994238437,0.0,1.1722627972744267e-05,1.3706625422840956e-06,0.00013059967153113307,0.00012922900898884896
lvl_402690387741,astar,0,0.0005197978258420805,0.004569326724988137,0.0,0.0005197978258420805,6.021333303698041e-05,0.005133180277545466,0.005072966944508485
lvl_402690387741,q_learning,0,9.585825211976718e-06,0.0038492272980843525,0.0,9.585825211976735e-06,1.0678874418023317e-06,0.00010303039730914932,0.00010196250986734699
lvl_876961270241,random,0,0.007677251401169384,0.0023342112581362126,0.022739406825892837,0.007677251401169377,0.00383843162130566,0.013908940951754139,0.01007050933044848
lvl_876961270241,greedy,1,0.8830813943884938,0.8871555691343246,0.7829143451784221,0.8830813943884935,0.8440152952868135,0.9143003522417948,0.07028505695498133
lvl_876961270241,astar,1,0.9970245097047871,0.9650159618262844,0.9804304970503066,0.9970245097047871,0.99265228293199,0.9987994889154219,0.00614720598343188
lvl_876961270241,q_learning,1,0.8606503045148967,0.8410772105364096,0.8851399100102264,0.8606503045148967,0.8131191395913075,0.8972816590939233,0.08416251950261577
lvl_188739660984,random,0,0.0022520487190435695,0.0018674777608445425,0.00239181368168142,0.0022520487190435695,0.0011763147008949355,0.004480753184700852,0.003304438483805917
lvl_188739660984,greedy,1,0.6878454649237571,0.8446176838624784,0.36182430722425746,0.6878454649237571,0.6056243100963744,0.7641107899670997,0.15848647987072528
lvl_188739660984,astar,1,0.9898742175079992,0.9043235374849641,0.9625382822014125,0.9898742175079992,0.9753800210533959,0.9959475857927729,0.02056756473937693
lvl_188739660984,q_learning,0,0.6430962281358683,0.10078547661878917,0.18988285730201251,0.6430962281358682,0.5543604907285694,0.7198120448509436,0.16545155412237422
lvl_425175574381,random,0,6.992541584385895e-09,0.0005779962978599136,0.0,6.992541584385895e-09,5.469903019437001e-10,9.691202270419126e-08,9.636503240224756e-08
lvl_425175574381,greedy,0,6.826473186659078e-06,0.002896801470110176,0.0,6.8264731866590904e-06,6.075302487251173e-07,0.00010157010210115744,0.00010096257185243232
lvl_425175574381,astar,0,0.00030275967872876134,0.004205285121972355,0.0,0.00030275967872876134,3.0091812855827038e-05,0.0034290789628390185,0.0033989871499831912
lvl_425175574381,q_learning,0,5.5821374295972815e-06,0.0032781054568022648,0.0,5.582137429597292e-06,4.5966023810211675e-07,7.92964220615377e-05,7.883676182343558e-05
lvl_821797921978,random,0,0.03663440580206269,0.004281550990995543,0.013215445271759382,0.03663440580206272,0.017912470313160813,0.06972316896313296,0.05181069864997215
lvl_821797921978,greedy,1,0.9737702477529954,0.8505501039913332,0.9392100098136449,0.9737702477529954,0.9572895864303644,0.9833733840735116,0.026083797643147166
lvl_821797921978,astar,1,0.999393202351029,0.8970695682767219,0.9940988407833792,0.999393202351029,0.9983541876512999,0.9997779348986803,0.0014237472473803692
lvl_821797921978,q_learning,1,0.96810969581476,0.9861676817183487,0.9917296684917403,0.96810969581476,0.9505175841810081,0.9802144310732785,0.02969684689227048
lvl_911403326460,random,0,0.009273304555084173,0.004414649207669037,0.02435509468081053,0.009273304555084173,0.003957648246557847,0.020845625759693592,0.016887977513135744
lvl_911403326460,greedy,0,0.9013599452797603,0.8330548630642861,0.702350358004471,0.9013599452797603,0.8318924456853305,0.9421897364985804,0.1102972908132499
lvl_911403326460,astar,1,0.9975393214446451,0.9063694137594834,0.9747225337052162,0.9975393214446451,0.9928620467040603,0.999074126245848,0.006212079541787707
lvl_911403326460,q_learning,1,0.8819669174360633,0.9473373535339851,0.9829422028954096,0.8819669174360633,0.808009523785511,0.9335561901630892,0.12554666637757816
lvl_747140653717,random,0,1.4620825451070322e-07,0.00019787349838028197,0.0,1.4620825451070322e-07,2.317031631229785e-08,8.857471394954531e-07,8.625768231831553e-07
lvl_747140653717,greedy,0,0.00014271652517033943,0.0025094105870489903,0.0,0.00014271652517033943,2.4620236953477416e-05,0.0007900677614719876,0.0007654475245185102
lvl_747140653717,astar,0,0.0062925256422733875,0.0029897089869765337,0.0,0.0062925256422733875,0.0013573581577729853,0.02588289031740151,0.024525532159628525
lvl_747140653717,q_learning,0,0.00011670491764829542,0.0027930969397392575,0.0,0.00011670491764829562,1.978227251819558e-05,0.0006159201727160233,0.0005961379001978277
lvl_419543920430,random,0,0.010363351060733751,0.002482806004909535,0.014219394167710267,0.010363351060733743,0.005433435414028116,0.019668271546173025,0.014234836132144909
lvl_419543920430,greedy,1,0.910899202908223,0.909308484460422,0.9397977456223369,0.910899202908223,0.8733987848702552,0.9379538778361238,0.06455509296586859
lvl_419543920430,astar,1,0.9977999904119026,0.9699495444566044,0.9924421911468094,0.9977999904119026,0.9945489633950496,0.9991265728056613,0.004577609410611694
lvl_419543920430,q_learning,1,0.8931593281664614,0.8523130668528837,0.9906665779748385,0.8931593281664613,0.8528476600499025,0.9246193433201111,0.07177168327020855
lvl_669884484177,random,0,0.007220669827530689,0.001693312615979351,0.011508446183030907,0.007220669827530688,0.0034418502947730265,0.012888663633232501,0.009446813338459474
lvl_669884484177,greedy,0,0.8765508604040404,0.8445471241512426,0.760002967332107,0.8765508604040404,0.8309470369196016,0.9141028859875913,0.08315584906798967
lvl_669884484177,astar,1,0.9968355061454265,0.9643768393626457,0.9885778040965001,0.9968355061454265,0.9921365670141551,0.998669022495162,0.0065324554810068935
lvl_669884484177,q_learning,1,0.8530753269402092,0.9309236389516015,0.9944977166282488,0.853075326940209,0.7933658960180558,0.8939884762481006,0.10062258023004478
lvl_668132257538,random,0,0.028352532096198414,0.00401640929607258,0.0,0.02835253209619844,0.014149141137834014,0.0510825447636565,0.03693340362582249
lvl_668132257538,greedy,1,0.9660868032439207,0.8544062166814111,0.8436955024099593,0.9660868032439207,0.9512970695163042,0.9766557657372299,0.02535869622092568
lvl_668132257538,astar,1,0.999209359814326,0.9262383463521718,0.9981802327026975,0.999209359814326,0.9980164315296219,0.9996786464799534,0.0016622149503314754
lvl_668132257538,q_learning,1,0.9588382041434521,0.9893751266331823,0.9952388972273694,0.9588382041434521,0.9415189243758549,0.9717735020120862,0.030254577636231295
lvl_261822045201,random,0,2.1768456345913787e-07,0.0002238525535316603,0.0,2.1768456345913787e-07,2.9412896464238976e-08,1.3766186942947399e-06,1.347205797830501e-06
lvl_261822045201,greedy,0,0.00021247103604995173,0.003200222969704994,0.0,0.00021247103604995173,3.506733119470566e-05,0.0011702778986279279,0.0011352105674332221
lvl_261822045201,astar,0,0.009339999169376126,0.0038553909765157396,0.0,0.009339999169376135,0.0019014272734227018,0.040421283678624666,0.03851985640520196
lvl_261822045201,q_learning,0,0.00017374813486777314,0.003961501988072285,0.0,0.00017374813486777314,2.636707930470609e-05,0.0010308586434446799,0.0010044915641399738
lvl_980068568292,random,0,0.004634144644513098,0.0016181705327964317,0.020748514177353152,0.004634144644513094,0.0021685513259803294,0.009741736943884449,0.00757318561790412
lvl_980068568292,greedy,1,0.819663220703414,0.8452741366797111,0.6150969910536657,0.819663220703414,0.7641161268165102,0.8652107652060567,0.10109463838954647
lvl_980068568292,astar,1,0.9950651926056968,0.9635390289626165,0.9990019616945026,0.9950651926056968,0.9883429990033009,0.9979704287189544,0.009627429715653446
lvl_980068568292,q_learning,1,0.7879862971919939,0.8532136937645836,0.9939417732488848,0.7879862971919938,0.7240816033970306,0.8400110723872873,0.11592946899025669
lvl_172515343381,random,0,0.0013014231436568732,0.001199229573866862,0.05094647386988952,0.001301423143656872,0.0006042228153673806,0.0028503542702820912,0.0022461314549147107
lvl_172515343381,greedy,0,0.5598939223642835,0.7197674985118596,0.43397948035195827,0.5598939223642833,0.42096994926206505,0.6986985592282071,0.27772860996614207
lvl_172515343381,astar,1,0.9825901972455063,0.9176050358347448,0.8253147688365735,0.9825901972455063,0.9529146491160128,0.9929415426245685,0.040026893508555705
lvl_172515343381,q_learning,0,0.5098721916754153,0.889204611584015,0.6671299880588595,0.5098721916754152,0.36819353321589704,0.6521370293617803,0.28394349614588327
lvl_445409757994,random,0,1.1930091408813152e-08,0.00038793688746080983,0.0,1.1930091408813152e-08,1.6582074729161588e-09,7.96063594630606e-08,7.794815199014444e-08
lvl_445409757994,greedy,0,1.1646703272561028e-05,0.0020565420217802865,0.0,1.1646703272561028e-05,1.5372851066657887e-06,8.101210903089273e-05,7.947482392422695e-05
lvl_445409757994,astar,0,0.0005164329171965694,0.002789915155040413,0.0,0.0005164329171965695,9.053329117415894e-05,0.002876740058017931,0.0027862067668437723
lvl_445409757994,q_learning,0,9.523739948157626e-06,0.0025455383607189195,0.0,9.523739948157641e-06,1.2980264832409251e-06,6.962297751037751e-05,6.832495102713659e-05
lvl_188221612176,random,0,7.21846737064359e-09,0.0012215791251306619,0.0,7.21846737064359e-09,7.8966200168552e-10,5.516527462052579e-08,5.4375612618840265e-08
lvl_188221612176,greedy,0,7.047031827049505e-06,0.002864867628116929,0.0,7.047031827049493e-06,1.040056900938469e-06,5.440463196356031e-05,5.336457506262184e-05
lvl_188221612176,astar,0,0.00031253864680611383,0.00322833473292165,0.0,0.0003125386468061133,5.395950534333995e-05,0.0019187165954449995,0.0018647570901016595
lvl_188221612176,q_learning,0,5.762492671579581e-06,0.0031997587852666976,0.0,5.762492671579581e-06,8.768254236857088e-07,4.7844584501041715e-05,4.6967759077356005e-05
lvl_685136171571,random,0,0.030669622241277318,0.004453804248947891,0.008208957623077663,0.030669622241277332,0.015876955259765485,0.054872809505540805,0.03899585424577532
lvl_685136171571,greedy,1,0.9686410177391875,0.8438703242889929,0.6775061046989626,0.9686410177391875,0.9503470720641369,0.98066250561289,0.0303154335487531
lvl_685136171571,astar,1,0.999270790852852,0.9146508991976352,0.9855368260346105,0.999270790852852,0.9980601061566294,0.9997119123359214,0.001651806179291948
lvl_685136171571,q_learning,1,0.9619168350155346,0.9884052874281799,0.9758697246135966,0.9619168350155346,0.9407859885293988,0.9759542039486426,0.035168215419243865
lvl_567858066206,random,0,1.342487415791235e-08,0.0009384135966251629,0.0,1.342487415791235e-08,1.3229612575916967e-09,1.1805154779373688e-07,1.1672858653614518e-07
lvl_567858066206,greedy,0,1.3105959753285606e-05,0.00446470198714274,0.0,1.3105959753285628e-05,1.7553739064068688e-06,0.00011325085399300721,0.00011149548008660035
lvl_567858066206,astar,0,0.0005811018635704125,0.004416857404103563,0.0,0.0005811018635704131,9.253600374834114e-05,0.004414549629577256,0.004322013625828915
lvl_567858066206,q_learning,0,1.0717005726117283e-05,0.003930302506507018,0.0,1.0717005726117283e-05,1.3194086207430134e-06,9.204526547059123e-05,9.072585684984822e-05
lvl_049779026113,random,0,0.009265665599134481,0.002806379956446335,0.007968804753425375,0.00926566559913449,0.004806767178098184,0.016100245294718585,0.011293478116620402
lvl_049779026113,greedy,0,0.9012859644104094,0.9090296316633525,0.9239994629142277,0.9012859644104094,0.871105383808277,0.9231618368191685,0.05205645301089157
lvl_049779026113,astar,1,0.9975372788248467,0.96886988310565,0.99466016379668,0.9975372788248467,0.9940954642791978,0.9989666884876798,0.004871224208481961
lvl_049779026113,q_learning,1,0.8818802976897687,0.8468764087819126,0.990663126869138,0.8818802976897689,0.8479657638257367,0.9060307619522635,0.05806499812652677
lvl_869180255961,random,0,5.1158824342806086e-09,0.0007558587658601407,0.0,5.1158824342806086e-09,6.046498643033021e-10,4.289920279663184e-08,4.2294552932328535e-08
lvl_869180255961,greedy,0,4.994392633880334e-06,0.002867879079141384,0.0,4.9943926338803246e-06,7.028212897031954e-07,4.127327392403354e-05,4.057045263433034e-05
lvl_869180255961,astar,0,0.0002215229991597169,0.0034358555024097803,0.0,0.0002215229991597169,3.358591559561037e-05,0.0013523306936876179,0.0013187447780920074
lvl_869180255961,q_learning,0,4.08400882665136e-06,0.003363479561640698,0.0,4.0840088266513665e-06,6.171571002367514e-07,3.3090416319853886e-05,3.247325921961713e-05
lvl_174475507009,random,0,4.434334474762573e-09,0.0004893395746521529,0.0,4.434334474762574e-09,3.7681612016808654e-10,6.553261896174541e-08,6.515580284157733e-08
lvl_174475507009,greedy,0,4.329032662887742e-06,0.003477595564509283,0.0,4.3290326628877495e-06,3.0981925133972616e-07,7.261277588362891e-05,7.230295663228919e-05
lvl_174475507009,astar,0,0.00019201693442227638,0.0050462444141424305,0.0,0.00019201693442227638,1.9812088140844944e-05,0.002259143252289679,0.002239331164148834
lvl_174475507009,q_learning,0,3.5399310302313923e-06,0.0031136431209569083,0.0,3.5399310302313923e-06,2.7511015092654594e-07,5.976037382751893e-05,5.9485263676592385e-05
lvl_269855569474,random,0,4.855590623964378e-09,0.0006182129850951502,0.0,4.855590623964378e-09,3.897904695544476e-10,5.7232679601282915e-08,5.684288913172847e-08
lvl_269855569474,greedy,0,4.740283326102255e-06,0.0023104102698880318,0.0,4.740283326102263e-06,4.1684967652259293e-07,5.8972367639839453e-05,5.855551796331686e-05
lvl_269855569474,astar,0,0.00021025446433798288,0.003266816674715171,0.0,0.00021025446433798288,2.1051841704368e-05,0.0024593490353305757,0.002438297193626208
lvl_269855569474,q_learning,0,3.876218685047923e-06,0.0031577183000253543,0.0,3.876218685047923e-06,3.284226957162333e-07,5.115320711900418e-05,5.082478442328795e-05
lvl_848506429024,random,0,3.832148328339053e-08,0.0001843443049137266,0.0,3.832148328339053e-08,3.2222818861055986e-09,3.640524301920941e-07,3.608301483059885e-07
lvl_848506429024,greedy,0,3.7410229508490035e-05,0.00386566191916483,0.0038986784140969165,3.7410229508490035e-05,3.4675785458950437e-06,0.0003692220746777811,0.00036575449613188604
lvl_848506429024,astar,0,0.0016569774418638025,0.0045898737914288985,0.0,0.001656977441863803,0.00018235474177997327,0.015141546694218076,0.014959191952438102
lvl_848506429024,q_learning,0,3.059122930405289e-05,0.0043906183274180005,0.0,3.059122930405295e-05,3.1263433502326096e-06,0.0002881066589912754,0.00028498031564104276
lvl_624110200468,random,0,0.008219162142826407,0.001789438999417654,0.016988728615988304,0.008219162142826414,0.004288763048345325,0.015864087716173,0.011575324667827673
lvl_624110200468,greedy,0,0.8899952223167029,0.8773868263245244,0.6276572986638661,0.8899952223167029,0.8480284434681041,0.9230434396559076,0.0750149961878035
lvl_624110200468,astar,1,0.997221660033339,0.9651286998300768,0.983988840376263,0.997221660033339,0.9934558887999687,0.9988390099074381,0.005383121107469413
lvl_624110200468,q_learning,1,0.8686933361722332,0.8653416699238999,0.9766353040897663,0.8686933361722332,0.8248745485213161,0.9069753325587974,0.08210078403748122
lvl_886259995896,random,0,0.0018700638708665327,0.0015519151432093884,0.032031967603866826,0.0018700638708665327,0.0008989492382534887,0.004044291424436556,0.003145342186183068
lvl_886259995896,greedy,1,0.6465286999985287,0.8425206165371092,0.8699931820798255,0.6465286999985287,0.5583740478386875,0.738332290250103,0.17995824241141556
lvl_886259995896,astar,1,0.9878264620030396,0.8465441682633279,0.9772949696907349,0.9878264620030396,0.971160846484673,0.9950158000539103,0.02385495356923728
lvl_886259995896,q_learning,0,0.5993068073741761,0.0071115295997563905,0.1478600586346809,0.5993068073741762,0.49791579747300824,0.7039132565036602,0.20599745903065197
lvl_668126588768,random,0,5.418555562576906e-10,0.0003620724999412049,0.0,5.418555562576906e-10,2.8107723102340176e-11,9.370193528940768e-09,9.342085805838427e-09
lvl_668126588768,greedy,0,5.28990160680086e-07,0.002596275763088887,0.0,5.28990160680086e-07,2.8155112384668266e-08,1.0258496819111644e-05,1.0230341706726976e-05
lvl_668126588768,astar,0,2.3467553736064367e-05,0.004194604403377914,0.0036397285626156694,2.3467553736064367e-05,1.618525280301853e-06,0.0005104559344379827,0.0005088374091576808
lvl_668126588768,q_learning,0,4.325648552917717e-07,0.0028115131612001356,0.0,4.325648552917725e-07,2.1181574243651245e-08,6.91291340310473e-06,6.891731828861079e-06
lvl_378052709681,random,0,3.508431918216833e-09,0.00010305461898010729,0.0,3.5084319182168454e-09,2.4851227132107117e-10,3.959887658628135e-08,3.9350364314960276e-08
lvl_378052709681,greedy,0,3.425120538524797e-06,0.0017718102224436667,0.0,3.425120538524797e-06,2.9094953854156715e-07,3.869538684337318e-05,3.8404437304831615e-05
lvl_378052709681,astar,0,0.00015192930441547005,0.003270596350071782,0.0,0.00015192930441546978,1.5393936073675285e-05,0.001720940876798277,0.0017055469407246018
lvl_378052709681,q_learning,0,2.8007847071245105e-06,0.002807829211554971,0.0,2.8007847071245156e-06,2.4074488251200246e-07,3.278662350668874e-05,3.254587862417674e-05
lvl_156391386966,random,0,0.0026289919571594227,0.002130470020268561,0.04086701063983284,0.0026289919571594227,0.001237328277774089,0.0054753206278585695,0.00423799235008448
lvl_156391386966,greedy,1,0.7201496085636282,0.8550868053633621,0.8116778922942726,0.7201496085636281,0.6386113162426466,0.8020646856409528,0.16345336939830624
lvl_156391386966,astar,1,0.9913166877624187,0.8517093681327953,0.9815126312383353,0.9913166877624187,0.9789532259793047,0.9965020266716842,0.017548800692379518
lvl_156391386966,q_learning,0,0.6778625404720924,0.004948466248145551,0.1664145246310645,0.6778625404720924,0.5898467822383431,0.7609225448077969,0.17107576256945378
lvl_673059878252,random,0,0.0025262935826637074,0.0019095886408138,0.01913203681690022,0.0025262935826637074,0.0011440102256956117,0.005068090596021081,0.00392408037032547
lvl_673059878252,greedy,1,0.7120279270028281,0.8521429288305166,0.7095493121118694,0.7120279270028281,0.6352696936687677,0.7828994387107465,0.1476297450419788
lvl_673059878252,astar,1,0.990965962405049,0.9096136194761321,0.9958735649469757,0.990965962405049,0.9772681966618716,0.9961543175671269,0.01888612090525532
lvl_673059878252,q_learning,0,0.669077561909948,0.10293184698142935,0.416365805974002,0.6690775619099479,0.5743012502149467,0.7476525026371645,0.17335125242221783
lvl_460231572586,random,0,9.225600607667544e-07,0.0005020839054363979,0.0,9.225600607667577e-07,1.2309053651295782e-07,6.393993703809171e-06,6.270903167296213e-06
lvl_460231572586,greedy,0,0.0008998463685460355,0.003493229491968703,0.0,0.0008998463685460373,0.00011600244689049137,0.005908263546427915,0.005792261099537423
lvl_460231572586,astar,0,0.03842149659671811,0.0035739239749174295,0.0,0.038421496596718126,0.007007578202323761,0.1521147597073669,0.14510718150504315
lvl_460231572586,q_learning,0,0.0007359413496831795,0.004651397065959097,0.0,0.0007359413496831809,9.216255338239445e-05,0.005114856045713675,0.005022693492331281
lvl_585319795458,random,0,0.013763466854219964,0.004313076697725577,0.025091784163378816,0.013763466854219964,0.006311376374626112,0.027260051365221777,0.020948674990595665
lvl_585319795458,greedy,1,0.9316201966945832,0.8412754087604805,0.5808498870572989,0.9316201966945832,0.8923386263928341,0.9568939318539288,0.06455530546109467
lvl_585319795458,astar,1,0.998348263256838,0.9268528967161619,0.9845487818813579,0.998348263256838,0.9958644564790868,0.9993594268373205,0.003494970358233651
lvl_585319795458,q_learning,1,0.9176328030048753,0.9736910538540463,0.9838663800619786,0.9176328030048753,0.8733664185444677,0.9482882837381073,0.07492186519363953
lvl_928475415576,random,0,5.6822091660754656e-08,0.00013738856620128435,0.0,5.6822091660754656e-08,6.952692868983983e-09,3.8032767299996924e-07,3.7337498013098525e-07
lvl_928475415576,greedy,0,5.546990763373393e-05,0.0018988508280611176,0.0,5.546990763373393e-05,6.368247136860039e-06,0.0003448143092096622,0.00033844606207280214
lvl_928475415576,astar,0,0.0024549589621449012,0.0028359037945899163,0.0,0.0024549589621449012,0.00035097543058581343,0.011211946988363525,0.010860971557777712
lvl_928475415576,q_learning,0,4.535920448337323e-05,0.0015621198065031746,0.0,4.535920448337323e-05,5.755279156313997e-06,0.0003033004827763029,0.0002975452036199889
lvl_844968367088,random,0,5.850242484569157e-09,0.00047219159478339377,0.0,5.850242484569157e-09,4.265336565111452e-10,7.630944494510955e-08,7.58829112885984e-08
lvl_844968367088,greedy,0,5.71130932363627e-06,0.0027674568240024055,0.0,5.71130932363627e-06,4.412462855725819e-07,7.246028047069472e-05,7.201903418512213e-05
lvl_844968367088,astar,0,0.0002533134938401856,0.003640019829361515,0.0,0.0002533134938401856,2.5841298803547625e-05,0.002926129132827072,0.0029002878340235244
lvl_844968367088,q_learning,0,4.670245703026774e-06,0.0019117260588417705,0.0,4.670245703026774e-06,3.595898493261594e-07,6.181415590865724e-05,6.145456605933108e-05
lvl_555367217550,random,0,2.072752274740854e-08,0.00014635378180909785,0.0,2.072752274740854e-08,2.0455126095671287e-09,1.8581956796275903e-07,1.837740553531919e-07
lvl_555367217550,greedy,0,2.0234986268531122e-05,0.0030268748721792235,0.0,2.0234986268531152e-05,2.1193310419345853e-06,0.00019723359913482937,0.00019511426809289478
lvl_555367217550,astar,0,0.0008969168649975767,0.0038151310170487355,0.0,0.000896916864997576,0.00012382989861350904,0.007833519231542777,0.007709689332929268
lvl_555367217550,q_learning,0,1.654657496261722e-05,0.003577613959966337,0.0,1.6546574962617217e-05,1.8051445215136572e-06,0.0001503571580242287,0.00014855201350271504
lvl_357509335778,random,0,2.2778849962901724e-08,0.0020297068077958624,0.0,2.2778849962901724e-08,2.6344084569227003e-09,1.9122959591953204e-07,1.8859518746260934e-07
lvl_357509335778,greedy,0,2.2237524460917638e-05,0.004493132763118507,0.0,2.223752446091768e-05,3.310379373777477e-06,0.000179435961392999,0.0001761255820192215
lvl_357509335778,astar,0,0.000985593967163828,0.004408385024170364,0.0,0.0009855939671638272,0.00013895960005875848,0.006654477202054406,0.006515517601995647
lvl_357509335778,q_learning,0,1.8184099307330467e-05,0.004211169559374609,0.0,1.8184099307330467e-05,2.6115877674098787e-06,0.00013780541556779915,0.00013519382780038928
lvl_751159862501,random,0,0.00965130875191192,0.004085132954392478,0.021139963899280488,0.00965130875191192,0.004537523578217033,0.017120355609065205,0.012582832030848172
lvl_751159862501,greedy,1,0.904888565773181,0.9238944019551619,0.9873869395564224,0.904888565773181,0.8742207399584858,0.927716292662125,0.05349555270363915
lvl_751159862501,astar,1,0.9976363687999039,0.9676816331216505,0.9957585937526522,0.9976363687999039,0.9941947851320946,0.9990367854557806,0.00484200032368598
lvl_751159862501,q_learning,1,0.8861016157301691,0.8498034807721301,0.9204854799577538,0.8861016157301691,0.8500261410649651,0.9113288942632045,0.06130275319823941
lvl_336197326499,random,0,0.008934196612255299,0.004287159158357081,0.11631722385748942,0.008934196612255292,0.0031668905892406375,0.020466486783224835,0.017299596193984197
lvl_336197326499,greedy,1,0.8979664908124408,0.8643429522389803,0.5762813949139463,0.8979664908124408,0.8276750165153487,0.9425816665469715,0.11490665003162281
lvl_336197326499,astar,1,0.9974452901188151,0.9554049682245395,0.95937158076674,0.9974452901188151,0.9934531164728513,0.9989056078059592,0.005452491333107878
lvl_336197326499,q_learning,1,0.8779966005119795,0.9662387428501771,0.9667772939628869,0.8779966005119795,0.7843068406620427,0.9308371420427947,0.14653030138075196
lvl_832138113812,random,0,0.001976837313433258,0.0011016847412033137,0.011816432066993541,0.001976837313433258,0.0009320816647956711,0.0037566939662470266,0.0028246123014513554
lvl_832138113812,greedy,0,0.6591363650990415,0.8377637025953067,0.6604135340998011,0.6591363650990415,0.5878334598692125,0.723953750544625,0.13612029067541243
lvl_832138113812,astar,1,0.9884776237692398,0.865199939448133,0.9766388556098838,0.9884776237692398,0.9723880475034501,0.9953188298171609,0.022930782313710818
lvl_832138113812,q_learning,0,0.612589519516935,0.011002951439728242,0.19522784845809288,0.612589519516935,0.5302357659825945,0.6790441546881475,0.14880838870555302
lvl_260592725956,random,0,0.002098183690068396,0.003305095147901832,0.04096909482891595,0.0020981836900683943,0.0009715209208881556,0.004341799048050906,0.00337027812716275
lvl_260592725956,greedy,0,0.6724183478404385,0.8588897172611968,0.6845273741762237,0.6724183478404382,0.5554393238530271,0.7757025147174893,0.22026319086446222
lvl_260592725956,astar,1,0.9891380763740198,0.9272376225663443,0.9850644942844372,0.9891380763740198,0.9701942118549444,0.9957967730017332,0.025602561146788827
lvl_260592725956,q_learning,1,0.6266579153883022,0.3090054506954726,0.6313036954849006,0.626657915388302,0.4900126515062777,0.7367681223911587,0.24675547088488103
lvl_026496897643,random,0,0.009673396295733647,0.003011199938471437,0.013515274293665924,0.009673396295733647,0.004970941396169113,0.0187654637228518,0.013794522326682686
lvl_026496897643,greedy,1,0.9050870396663798,0.9053373742586671,0.9084848084267554,0.9050870396663798,0.8542745056908715,0.9388219318879673,0.08454742619709577
lvl_026496897643,astar,1,0.9976418054910994,0.9676594448415174,0.9914119917621372,0.9976418054910994,0.9939826389566322,0.999065503964837,0.005082865008204762
lvl_026496897643,q_learning,1,0.8863343688255467,0.8461030274905514,0.9912226156748528,0.8863343688255468,0.834300713502579,0.9216589861950806,0.08735827269250163
lvl_450140248194,random,0,0.008731731027157397,0.0015293746895570213,0.015952913838962902,0.008731731027157397,0.003855033031552739,0.01639315249906895,0.012538119467516212
lvl_450140248194,greedy,0,0.89582795854042,0.8506842093496157,0.6856842397681527,0.89582795854042,0.8533746945887213,0.9268070910835048,0.0734323964947835
lvl_450140248194,astar,1,0.9973856754566889,0.9637961371110404,0.9930371373593024,0.9973856754566889,0.9936820308826957,0.9988349719255744,0.005152941042878667
lvl_450140248194,q_learning,1,0.875497548822389,0.8793809470063213,0.9919968776570992,0.875497548822389,0.823393015823723,0.9106303417997282,0.0872373259760052
lvl_567819425238,random,0,6.213361722426421e-10,0.0004702062962183491,0.0,6.213361722426444e-10,3.774562371369899e-11,8.962091786864055e-09,8.924346163150357e-09
lvl_567819425238,greedy,0,6.065836039103315e-07,0.002585885968533436,0.0,6.065836039103315e-07,3.227319770743227e-08,1.0827694862992359e-05,1.0795421665284928e-05
lvl_567819425238,astar,0,2.6909735723056302e-05,0.004244040534800657,0.0,2.6909735723056302e-05,1.9545623765517257e-06,0.000507488980705341,0.0005055344183287892
lvl_567819425238,q_learning,0,4.960144291184343e-07,0.003730671446155179,0.0,4.960144291184352e-07,2.6789858420495105e-08,8.920728691376299e-06,8.893938832955804e-06
lvl_212637664016,random,0,2.802965620420366e-07,0.00015690294389776095,0.0,2.802965620420366e-07,4.545455000194152e-08,1.605435161123122e-06,1.5599806111211805e-06
lvl_212637664016,greedy,0,0.0002735667812008767,0.002320411398243919,0.0,0.0002735667812008767,4.996586676982662e-05,0.0014524705184092775,0.001402504651639451
lvl_212637664016,astar,0,0.011994215884960342,0.0028918303953876672,0.0,0.011994215884960342,0.0026778564229232122,0.04890089940492817,0.04622304298200496
lvl_212637664016,q_learning,0,0.00022371165618440816,0.003500322714417389,0.0,0.00022371165618440816,3.94497080282738e-05,0.0013816958300323695,0.0013422461220040957
lvl_212828764277,random,0,0.0057742472853407655,0.001901997566843758,0.006176670692089195,0.0057742472853407655,0.0029720476551107055,0.011252851512564577,0.008280803857453872
lvl_212828764277,greedy,0,0.850072498738927,0.8755225803490165,0.5829371930228876,0.850072498738927,0.8079639402443418,0.8923876465764183,0.08442370633207652
lvl_212828764277,astar,1,0.9960402112324168,0.9690546672836975,0.9977325377325378,0.9960402112324168,0.9901925532949378,0.9983987056058818,0.008206152310944015
lvl_212828764277,q_learning,1,0.8225809031166441,0.8474818899111407,0.9938452767756975,0.8225809031166441,0.7716769831734727,0.8636728922716246,0.09199590909815192
lvl_854629217324,random,0,0.0013248257334296518,0.0031020193758353348,0.09355271891808666,0.001324825733429652,0.0005093525382945726,0.0031927939525734765,0.0026834414142789037
lvl_854629217324,greedy,0,0.5642865847490134,0.6732483526682731,0.43925398310745545,0.5642865847490134,0.4101377217776336,0.7454329951758702,0.33529527339823667
lvl_854629217324,astar,1,0.9828928682152827,0.856501199500282,0.9058051746324448,0.9828928682152827,0.9539390207867399,0.9943505801803857,0.040411559393645824
lvl_854629217324,q_learning,1,0.5143310411692409,0.8498751122771071,0.7963137988296599,0.5143310411692408,0.36127270144455437,0.6930391965811742,0.3317664951366198
lvl_613246842930,random,0,4.914587963533161e-09,0.000859759704457573,0.0,4.914587963533161e-09,3.9369281750680294e-10,5.477696366539208e-08,5.438327084788527e-08
lvl_613246842930,greedy,0,4.797879360504709e-06,0.002437398714261951,0.0,4.797879360504709e-06,3.689276099009752e-07,6.658021737346827e-05,6.621128976356729e-05
lvl_613246842930,astar,0,0.00021280859529245488,0.0034743663528608634,0.0,0.00021280859529245526,2.4990433454562505e-05,0.002356638759345911,0.0023316483258913486
lvl_613246842930,q_learning,0,3.923316085061445e-06,0.0037774340526540834,0.0,3.923316085061437e-06,3.088383742511934e-07,5.736517199721097e-05,5.705633362295978e-05
lvl_618603097517,random,0,0.04417875931836004,0.004660481446691161,0.026941968375903638,0.04417875931836,0.020074509822752575,0.08832868969073383,0.06825417986798125
lvl_618603097517,greedy,1,0.9783189976519837,0.8501870407653495,0.9982226435799014,0.9783189976519837,0.9623885330391521,0.9878895775946597,0.025501044555507613
lvl_618603097517,astar,1,0.999500711241642,0.882300474492556,0.9946898132819038,0.999500711241642,0.9985989992462375,0.9998239349381803,0.001224935691942819
lvl_618603097517,q_learning,1,0.9736134956438615,0.9831075891247695,0.9932596204743689,0.9736134956438615,0.9546254093135952,0.985372263922678,0.030746854609082774
lvl_770140953823,random,0,0.014739903149145365,0.004459474690271741,0.024557665485661188,0.014739903149145377,0.007455363789717528,0.0305334339816588,0.023078070191941275
lvl_770140953823,greedy,1,0.9359188680958107,0.8491430416752019,0.763996141084157,0.9359188680958107,0.9029041998546522,0.9598699986235338,0.05696579876888164
lvl_770140953823,astar,1,0.9984590376246921,0.9287102236861369,0.988023161074592,0.9984590376246921,0.995857503892714,0.9994315834430428,0.003574079550328846
lvl_770140953823,q_learning,1,0.9227378627194865,0.9879075421049683,0.9889877489984746,0.9227378627194865,0.8849426256992924,0.9513362317013044,0.06639360600201205
lvl_547839332971,random,0,1.9702640437837156e-09,0.00018448822670339495,0.0,1.9702640437837156e-09,2.0264174603992457e-10,2.1111645989638627e-08,2.0909004243598702e-08
lvl_547839332971,greedy,0,1.923480951973911e-06,0.001887809889607746,0.0,1.9234809519739146e-06,2.0521934421873886e-07,2.099829876739694e-05,2.07930794231782e-05
lvl_547839332971,astar,0,8.532609219617092e-05,0.003187798712002488,0.0,8.532609219617107e-05,1.1012293938582447e-05,0.0007503324002160649,0.0007393201062774824
lvl_547839332971,q_learning,0,1.5728656844422813e-06,0.0025625988638149897,0.0,1.5728656844422813e-06,1.8530877863877073e-07,1.7816246663330332e-05,1.763093788469156e-05
lvl_900696727127,random,0,9.785522156793684e-09,0.00021933484124784524,0.0,9.785522156793684e-09,1.2562081975446533e-09,7.237828847345059e-08,7.112208027590594e-08
lvl_900696727127,greedy,0,9.553096232596519e-06,0.00194684993641845,0.0,9.553096232596519e-06,1.403141695004392e-06,7.134732616258539e-05,6.9944184467581e-05
lvl_900696727127,astar,0,0.00042363756985522847,0.0028661146087280934,0.0,0.0004236375698552291,7.944997729533411e-05,0.0025501681732318874,0.0024707181959365532
lvl_900696727127,q_learning,0,7.81175302305505e-06,0.00282371137870581,0.0,7.81175302305505e-06,1.2625397317530062e-06,5.473058806953145e-05,5.3468048337778445e-05
lvl_679858984400,random,0,0.0022436354352392864,0.00263893498333852,0.02520221354375914,0.0022436354352392864,0.0011726676887151375,0.004592024260046808,0.0034193565713316705
lvl_679858984400,greedy,0,0.6870394488045573,0.8241307544115895,0.5458872370158444,0.687039448804557,0.6139277093712219,0.7625081110286837,0.14858040165746178
lvl_679858984400,astar,1,0.9898365484739439,0.9133160793437448,0.9850341285163966,0.9898365484739439,0.9764431291772323,0.9959830719640341,0.019539942786801823
lvl_679858984400,q_learning,0,0.6422347637028022,0.29035655105902236,0.68313385198166,0.6422347637028022,0.5618786231307603,0.7239748016999298,0.16209617856916947
lvl_265623170297,random,0,9.625612081232595e-09,0.0014496932277767906,0.0,9.625612081232595e-09,8.587653769196666e-10,1.25199149334627e-07,1.2434038395770733e-07
lvl_265623170297,greedy,0,9.3969858099285e-06,0.003758562872195395,0.0,9.3969858099285e-06,7.589918237047284e-07,0.00013817053020741786,0.00013741153838371314
lvl_265623170297,astar,0,0.0004167175828282697,0.005102005499867689,0.0,0.0004167175828282697,3.995099658740031e-05,0.004043966405587747,0.004004015409000346
lvl_265623170297,q_learning,0,7.684098268471353e-06,0.0050890560850026965,0.0,7.684098268471368e-06,6.284135952042266e-07,0.00011712256465856483,0.0001164941510633606
lvl_451522806272,random,0,0.05481606980347991,0.005125304462650755,0.05084794806034136,0.05481606980347993,0.024203342425529014,0.11050839444224722,0.0863050520167182
lvl_451522806272,greedy,1,0.9826443649108815,0.8457026466992469,0.992351303905576,0.9826443649108815,0.9691345989390039,0.9909352404545675,0.0218006415155636
lvl_451522806272,astar,1,0.999602038475052,0.864761034434521,0.9928251427294819,0.999602038475052,0.9988731873652957,0.9998579179022156,0.0009847305369198311
lvl_451522806272,q_learning,1,0.9788573246114936,0.9787167392751492,0.9619176414492139,0.9788573246114936,0.9613000585889052,0.9889312745183112,0.027631215929405983
lvl_971721875957,random,0,0.026352046879859287,0.0041988297250686694,0.018685742598909667,0.026352046879859287,0.012895079247747337,0.046949629783981824,0.03405455053623449
lvl_971721875957,greedy,1,0.9635338200190671,0.8516175183559028,0.9580896432138273,0.9635338200190671,0.945134738772119,0.9756430612238364,0.030508322451717418
lvl_971721875957,astar,1,0.9991476405387278,0.9268822776635561,0.9967301223807176,0.9991476405387278,0.9978290679223265,0.9996309904637488,0.0018019225414223072
lvl_971721875957,q_learning,1,0.9557645323393984,0.9890318919012296,0.9927798127517218,0.9557645323393984,0.9365268050642469,0.9701958507625912,0.03366904569834428
lvl_196542256365,random,0,1.5099462437070714e-07,0.0004800105517786401,0.0,1.509946243707066e-07,2.363322637665954e-08,8.773712269436037e-07,8.537380005669441e-07
lvl_196542256365,greedy,0,0.00014738789957538222,0.0037780912887274247,0.0,0.00014738789957538222,2.474240779663208e-05,0.0007886470768512734,0.0007639046690546413
lvl_196542256365,astar,0,0.006497183547633715,0.0037898852316599224,0.0,0.006497183547633726,0.0013811221683950037,0.028183346325651108,0.026802224157256103
lvl_196542256365,q_learning,0,0.00012052498691967515,0.0035003115958457324,0.0,0.00012052498691967515,2.155897204114008e-05,0.0007026965536704561,0.0006811375816293161
lvl_154130607551,random,0,2.3774672036097186e-09,0.0001619129612105318,0.0,2.3774672036097186e-09,2.0428672617704972e-10,2.415675200598039e-08,2.395246527980334e-08
lvl_154130607551,greedy,0,2.3210143221399616e-06,0.0018155004941589384,0.0,2.3210143221399654e-06,2.2295211650834878e-07,2.5727270775575274e-05,2.5504318659066926e-05
lvl_154130607551,astar,0,0.00010295899639201576,0.003175707730686035,0.0,0.00010295899639201576,1.1348640797640987e-05,0.001075377453351225,0.001064028812553584
lvl_154130607551,q_learning,0,1.8979361564167863e-06,0.0023778516576850634,0.0,1.8979361564167863e-06,1.9426817140971837e-07,2.0549018177952795e-05,2.0354750006543076e-05
lvl_862738253657,random,0,1.724163727975007e-08,0.0003245956740193103,0.0,1.724163727975007e-08,2.0549562207036915e-09,9.90855268943754e-08,9.703057067367171e-08
lvl_862738253657,greedy,0,1.683199116043669e-05,0.0017304086184505598,0.0,1.683199116043672e-05,2.5989864996036968e-06,0.00011339941309001536,0.00011080042659041166
lvl_862738253657,astar,0,0.0007461889386213813,0.0023114223062350517,0.0,0.000746188938621382,0.00014916333723565247,0.0040945845696893045,0.003945421232453652
lvl_862738253657,q_learning,0,1.3763865566676988e-05,0.0022631821111967028,0.0,1.3763865566676988e-05,2.1811103263138894e-06,0.00010166882711805095,9.948771679173705e-05
lvl_549142488530,random,0,0.0015775781497670777,0.0011785230056891858,0.023987158904317702,0.0015775781497670777,0.0007964479579887011,0.003288019733865734,0.002491571775877033
lvl_549142488530,greedy,1,0.6066949457696409,0.8401681465705652,0.7875420245186262,0.6066949457696409,0.5299835605448194,0.6760051541136073,0.14602159356878786
lvl_549142488530,astar,1,0.985597804927216,0.8631460912780697,0.980451700591728,0.985597804927216,0.9653851250376643,0.994048943008771,0.02866381797110673
lvl_549142488530,q_learning,0,0.5577912950276471,0.011225216733356655,0.06625997847493649,0.5577912950276471,0.4732848269750287,0.6375052525064974,0.16422042553146865
lvl_715122197580,random,0,2.965089045393875e-10,0.0005203385724037882,0.0,2.9650890453938853e-10,1.5441839429746122e-11,4.806452170727552e-09,4.791010331297806e-09
lvl_715122197580,greedy,0,2.8946889770618405e-07,0.00342075183071886,0.0,2.89468897706184e-07,1.5664770155765036e-08,5.307528014015736e-06,5.291863243859971e-06
lvl_715122197580,astar,0,1.2841821971939765e-05,0.004815010843266694,0.0,1.2841821971939765e-05,8.439668056989477e-07,0.0002923942790197191,0.0002915503122140201
lvl_715122197580,q_learning,0,2.3670396103373385e-07,0.0023159115725441045,0.0,2.3670396103373424e-07,1.3090158201606222e-08,4.163217450941251e-06,4.150127292739644e-06
lvl_655471503473,random,0,0.010425739219774105,0.004331775916630022,0.021671940292546453,0.010425739219774105,0.005073393654110644,0.018646676035754806,0.013573282381644163
lvl_655471503473,greedy,1,0.911390230052488,0.9250515090630653,0.9879604352415413,0.911390230052488,0.8836560310381611,0.932576273906269,0.04892024286810781
lvl_655471503473,astar,1,0.997813264154429,0.9674259698402233,0.98850013997137,0.997813264154429,0.9946026129123661,0.9990937373898556,0.004491124477489561
lvl_655471503473,q_learning,1,0.8937367135050033,0.8476802379850595,0.8552632480785782,0.8937367135050033,0.8616620989019875,0.918192264773288,0.05653016587130044
lvl_123569296859,random,0,0.0015990031273655071,0.0011358888953542049,0.02819671852261848,0.0015990031273655071,0.0007246412123014962,0.0033843507984251827,0.0026597095861236866
lvl_123569296859,greedy,0,0.6099141980244274,0.8163463647691451,0.6907862797102057,0.6099141980244274,0.5256569533163435,0.7024995242088261,0.17684257089248256
lvl_123569296859,astar,1,0.9857883374433382,0.8491443616601891,0.987819292730545,0.9857883374433382,0.9671031839147516,0.9944896413652053,0.02738645745045376
lvl_123569296859,q_learning,0,0.5611212683602267,0.01228556107587847,0.08599444995776727,0.5611212683602268,0.47429521366927063,0.6509866069998546,0.17669139333058392
lvl_839851406193,random,0,6.362823706986492e-10,0.00041227001677821907,0.0,6.362823706986514e-10,3.5665563833629845e-11,1.0039493269989358e-08,1.0003827706155729e-08
lvl_839851406193,greedy,0,6.211749213055566e-07,0.002606937567898252,0.0,6.211749213055577e-07,3.8426694195758664e-08,1.1640473100996176e-05,1.1602046406800417e-05
lvl_839851406193,astar,0,2.7557029708743014e-05,0.004343154197416419,0.0,2.7557029708743014e-05,1.920373203972217e-06,0.0005402020596131642,0.0005382816864091919
lvl_839851406193,q_learning,0,5.079460156972953e-07,0.0033654691432805327,0.0,5.079460156972971e-07,2.98334388471287e-08,9.471319778015612e-06,9.441486339168483e-06
lvl_376739499583,random,0,4.293850793167054e-08,0.0007859786630891831,0.0,4.293850793167069e-08,6.725987818493793e-09,3.246781945565263e-07,3.1795220673803253e-07
lvl_376739499583,greedy,0,4.191727631980076e-05,0.003870262785273509,0.0,4.191727631980076e-05,6.92999778143204e-06,0.0002715795144360561,0.000264649516654624
lvl_376739499583,astar,0,0.0018562417851839754,0.003932675726650145,0.0,0.0018562417851839754,0.0003700434484670367,0.009752779482737004,0.009382736034269968
lvl_376739499583,q_learning,0,3.4276776219613794e-05,0.003557457363494903,0.0,3.4276776219613855e-05,5.7104223200114045e-06,0.00022189835918462987,0.00021618793686461847
lvl_619345283368,random,0,0.007285203653675122,0.001341066906714731,0.01132434457854859,0.007285203653675116,0.003482885651822621,0.013736340165637085,0.010253454513814465
lvl_619345283368,greedy,0,0.8775174382002462,0.8442380966192502,0.7488145776087854,0.8775174382002461,0.8401403530271471,0.9070630276022102,0.06692267457506318
lvl_619345283368,astar,1,0.9968636532035247,0.9644984399092322,0.9919137086612732,0.9968636532035247,0.9924148339568244,0.9986477567901243,0.006232922833299903
lvl_619345283368,q_learning,1,0.8541951381733782,0.9000103713685659,0.9975488482262383,0.8541951381733779,0.8142231225710223,0.8866832824165854,0.0724601598455632
lvl_162400907011,random,0,3.842700242107805e-08,0.00014018355611158023,0.0,3.842700242107805e-08,5.3015509712762004e-09,2.1735779267188373e-07,2.1205624170060753e-07
lvl_162400907011,greedy,0,3.751323562643192e-05,0.001701637385169369,0.0,3.7513235626431986e-05,5.393620027246521e-06,0.0002577516701540886,0.0002523580501268421
lvl_162400907011,astar,0,0.0016615323889994206,0.002787024119327029,0.0,0.0016615323889994206,0.00029300054843902837,0.007743064057144618,0.00745006350870559
lvl_162400907011,q_learning,0,3.067546041843775e-05,0.002277618957447845,0.0,3.0675460418437805e-05,4.405296450279425e-06,0.00019954442201079432,0.0001951391255605149
lvl_741438637733,random,0,0.002292606677061642,0.0018880044221015174,0.020242844598598604,0.00229260667706164,0.0011678256326228852,0.004717586246305152,0.0035497606136822664
lvl_741438637733,greedy,0,0.6916736822449722,0.8519606522348911,0.7860344554172446,0.691673682244972,0.6109428375053786,0.7727488369159354,0.16180599941055684
lvl_741438637733,astar,1,0.9900519685967812,0.8499120558914524,0.9811460705526434,0.9900519685967812,0.9759926185151198,0.995927923079837,0.01993530456471726
lvl_741438637733,q_learning,1,0.6471917551740393,0.004960438891475415,0.1322290429380781,0.6471917551740393,0.5605656076277828,0.7259343289341704,0.16536872130638758
lvl_526898752171,random,0,0.0015176196567150864,0.001572325597297425,0.04300730997501829,0.0015176196567150864,0.0006805250414016555,0.003333442738722706,0.0026529176973210506
lvl_526898752171,greedy,0,0.597397442769173,0.8292408602968719,0.6526920434360445,0.5973974427691731,0.5064363587455118,0.6871651042259187,0.18072874548040685
lvl_526898752171,astar,1,0.9850364281781153,0.890442009608675,0.9885926790723465,0.9850364281781153,0.9627104142495788,0.9936919862514813,0.030981572001902435
lvl_526898752171,q_learning,0,0.5481986431424232,0.06371440884019436,0.4722693453472053,0.5481986431424232,0.4467630147865405,0.648557851633378,0.20179483684683747
lvl_288179818130,random,0,7.393370020810345e-09,0.0011759261865366244,0.0,7.393370020810345e-09,5.884970670887266e-10,9.767355196626699e-08,9.708505489917826e-08
lvl_288179818130,greedy,0,7.217779382167753e-06,0.003834130918063095,0.0,7.217779382167753e-06,5.882064178831059e-07,0.00010791163025595103,0.00010732342383806793
lvl_288179818130,astar,0,0.0003201089989068712,0.005117926175930943,0.0,0.0003201089989068712,3.0457308478308496e-05,0.0033633043450678403,0.0033328470365895316
lvl_288179818130,q_learning,0,5.90211639597004e-06,0.004252803608447043,0.0,5.90211639597004e-06,4.795162611668282e-07,9.042371918555245e-05,8.994420292438562e-05
lvl_603401043722,random,0,0.024632933777547453,0.0037793202629363,0.03594406287462767,0.024632933777547432,0.011885142267601507,0.04508805760253898,0.03320291533493747
lvl_603401043722,greedy,1,0.9610218763219922,0.8358968812460771,0.7584836132082472,0.9610218763219922,0.9391392178665466,0.9741615376290886,0.035022319762542
lvl_603401043722,astar,1,0.9990866008547334,0.9224755139902413,0.9943367395852251,0.9990866008547334,0.9977152644657442,0.9996668809674392,0.0019516165016949527
lvl_603401043722,q_learning,1,0.9527436553284024,0.9863171188295652,0.9895140916392977,0.9527436553284024,0.9291185464362369,0.9686436832221376,0.03952513678590064
lvl_181687669549,random,0,4.088386366156758e-08,0.0008242961082093469,0.0,4.088386366156759e-08,5.4299756596919265e-09,3.1458197811363924e-07,3.091520024539473e-07
lvl_181687669549,greedy,0,3.991157882610911e-05,0.003608789356416178,0.0,3.991157882610911e-05,6.752632168982093e-06,0.00027110322031916566,0.00026435058815018356
lvl_181687669549,astar,0,0.0017675760280481715,0.003673598310195062,0.0,0.0017675760280481748,0.00031359189652900685,0.009701377655495136,0.009387785758966129
lvl_181687669549,q_learning,0,3.263665667097127e-05,0.003373084194450648,0.0,3.263665667097121e-05,5.190000388477438e-06,0.0002059023148708144,0.00020071231448233695
lvl_791863142449,random,0,0.005117264284975845,0.002429685369780501,0.03606116977400583,0.0051172642849758405,0.0023392340844347655,0.009952234768734292,0.007613000684299527
lvl_791863142449,greedy,0,0.8339273956929648,0.8370791517533982,0.7232395316088353,0.8339273956929648,0.7560962619267738,0.8936214238281852,0.1375251619014114
lvl_791863142449,astar,1,0.995531163911593,0.9576194113864891,0.9854302007484481,0.9955311639115932,0.988034241580268,0.9983168424452816,0.010282600865013647
lvl_791863142449,q_learning,1,0.8041573796025083,0.9509099084077183,0.989986837964898,0.8041573796025083,0.7134447536650956,0.8735377780792641,0.1600930244141685
lvl_967110407907,random,0,2.3448204003798127e-08,0.00030850912626161894,0.0,2.3448204003798127e-08,3.0274743413918972e-09,1.520377130726822e-07,1.490102387312903e-07
lvl_967110407907,greedy,0,2.2890956767812796e-05,0.0024750070455056275,0.0,2.2890956767812837e-05,3.230153132560627e-06,0.0001447571657327589,0.00014152701260019827
lvl_967110407907,astar,0,0.0010145261576280486,0.003607794277456988,0.0,0.0010145261576280495,0.00019040495549191275,0.0050523546258541,0.004861949670362187
lvl_967110407907,q_learning,0,1.8718427108050373e-05,0.0036769768848130147,0.0,1.8718427108050373e-05,2.9355408633636852e-06,0.00011465204850964969,0.00011171650764628601
lvl_956063494682,random,0,0.020035235774319517,0.004570294140903445,0.018131138855625034,0.0200352357743195,0.010125603096254767,0.03665543629953437,0.026529833203279604
lvl_956063494682,greedy,1,0.952288795081655,0.8566102869278062,0.6990410361483389,0.952288795081655,0.930992055366469,0.9703018535186955,0.03930979815222646
lvl_956063494682,astar,1,0.9988719422452735,0.92988729601851,0.9899371064429517,0.9988719422452735,0.997225965257455,0.9995538562522709,0.0023278909948158955
lvl_956063494682,q_learning,1,0.9422672541490069,0.9887541919405406,0.9907768599607023,0.9422672541490069,0.9155282955219424,0.9634972733536159,0.04796897783167353
lvl_616443459684,random,0,0.006979216183138047,0.003884121686446391,0.02400139193817141,0.00697921618313804,0.003526254614048315,0.01418984622580138,0.010663591611753065
lvl_616443459684,greedy,0,0.8727961600669355,0.9233548847941662,0.9376608012088649,0.8727961600669355,0.8204572306971377,0.9177941631345654,0.09733693243742769
lvl_616443459684,astar,1,0.9967255918315262,0.972614081696387,0.996358881991903,0.9967255918315262,0.9920768316659264,0.9987806029099539,0.006703771244027434
lvl_616443459684,q_learning,1,0.8487298385774957,0.8502674363982117,0.9928769075190944,0.8487298385774957,0.7866326029063675,0.8963299589062895,0.10969735599992203
lvl_977721508397,random,0,0.005191833884366988,0.001927065988099193,0.02236897214476643,0.005191833884366988,0.002501836331873106,0.010862609475092749,0.008360773143219643
lvl_977721508397,greedy,0,0.835931580916969,0.8519053133552246,0.6375819397359715,0.8359315809169687,0.787056812347647,0.8802218284180418,0.09316501607039473
lvl_977721508397,astar,1,0.9955953951701358,0.9659678417916558,0.9857435355602965,0.9955953951701358,0.9901309815345588,0.9980829062720936,0.00795192473753481
lvl_977721508397,q_learning,1,0.8064374435232915,0.9382030678812798,0.9963097318697679,0.8064374435232913,0.7499496519709297,0.8560978274839857,0.106148175513056
lvl_539512215414,random,0,7.27185246831147e-10,0.00020071542129270235,0.0,7.27185246831147e-10,3.6081677357819616e-11,1.449246340108397e-08,1.445638172372615e-08
lvl_539512215414,greedy,0,7.099193993592019e-07,0.0031413837990548784,0.0006519337016574586,7.099193993592031e-07,3.809775878118846e-08,1.6360326680102738e-05,1.632222892132155e-05
lvl_539512215414,astar,0,3.1493857888868266e-05,0.003622209123219458,0.0,3.149385788886832e-05,1.934442656559993e-06,0.0006507239701505841,0.000648789527494024
lvl_539512215414,q_learning,0,5.80513996679218e-07,0.00045675992931093663,0.001519835136527563,5.8051399667922e-07,3.02016286883178e-08,1.1369278733718614e-05,1.1339077105030297e-05
lvl_390134348657,random,0,5.610399842791267e-09,0.001225863627875349,0.0,5.610399842791286e-09,4.282989769713214e-10,8.074130530143034e-08,8.031300632445901e-08
lvl_390134348657,greedy,0,5.477163811756067e-06,0.0032933257810231075,0.0,5.477163811756067e-06,4.3667207691091016e-07,9.52654011218078e-05,9.482872904489689e-05
lvl_390134348657,astar,0,0.00024293091248525937,0.0043459123786816056,0.0,0.00024293091248525937,2.4384914756726847e-05,0.002939395350800893,0.0029150104360441665
lvl_390134348657,q_learning,0,4.478780296316716e-06,0.004099268156459624,0.0,4.478780296316723e-06,3.7186864760007517e-07,7.505447902674129e-05,7.468261037914122e-05
lvl_383149495504,random,0,0.046909518664942064,0.004690423127881239,0.028389097259827686,0.046909518664942064,0.021292609043630603,0.09384544992167917,0.07255284087804857
lvl_383149495504,greedy,1,0.9796125364683138,0.849899379337173,0.9956516261205587,0.9796125364683138,0.9630587775655701,0.9890607217721831,0.026001944206612948
lvl_383149495504,astar,1,0.999531105662777,0.8812930084799545,0.997348683023565,0.999531105662777,0.9986706030918423,0.9998388242078415,0.001168221115999235
lvl_383149495504,q_learning,1,0.9751806533796644,0.9828405815089817,0.9899924032584536,0.9751806533796644,0.9562247796213816,0.986505398006712,0.03028061838533036
lvl_183214630482,random,0,0.01655458031515246,0.004621981355838334,0.008588660573175517,0.01655458031515246,0.008347294012521071,0.033047985841972556,0.024700691829451484
lvl_183214630482,greedy,1,0.9426394377277862,0.8475528336675943,0.7214748237305875,0.9426394377277862,0.9120506620192519,0.9629806216098629,0.050929959590610974
lvl_183214630482,astar,1,0.9986302468081976,0.9240295989360459,0.9979841946096767,0.9986302468081976,0.9965256758846814,0.9994301020291032,0.002904426144421768
lvl_183214630482,q_learning,1,0.9307385022351854,0.9709698240141662,0.9955224812194327,0.9307385022351854,0.8942957084014362,0.9553348197144128,0.06103911131297657
lvl_047009694211,random,0,0.008124762607825945,0.0017240782950434985,0.014859886508792754,0.008124762607825945,0.004021099154956959,0.015052613922120485,0.011031514767163526
lvl_047009694211,greedy,1,0.8888497532506124,0.8760640818108042,0.8678796337024968,0.8888497532506124,0.850236921241467,0.9164251139349768,0.06618819269350984
lvl_047009694211,astar,1,0.9971892031798223,0.9675202036090735,0.9889136636498753,0.9971892031798223,0.9930727111407689,0.9987932344749882,0.005720523334219352
lvl_047009694211,q_learning,1,0.8673591108668219,0.851928022602691,0.9866910725011848,0.8673591108668219,0.8282564553675628,0.8982720178699917,0.07001556250242891
lvl_621678351339,random,0,0.0014519244548777265,0.0014442887499312542,0.007414148323793126,0.0014519244548777265,0.0007442283848992542,0.002984411868114152,0.0022401834832148975
lvl_621678351339,greedy,1,0.5866936633116004,0.8543140321173347,0.638665495102777,0.5866936633116006,0.5182795955272341,0.6633652881590943,0.14508569263186022
lvl_621678351339,astar,1,0.9843689418098674,0.8509665692636519,0.9877533654199269,0.9843689418098674,0.9618320585124637,0.9935626549510624,0.03173059643859877
lvl_621678351339,q_learning,0,0.5372001576100912,0.004107962405757027,0.10411072831795715,0.5372001576100912,0.4577521098444365,0.6173260288466276,0.1595739190021911
lvl_074154296752,random,0,3.014337027029752e-10,0.0004743988585239055,0.0,3.014337027029763e-10,1.600211110202413e-11,5.120225615544029e-09,5.104223504442004e-09
lvl_074154296752,greedy,0,2.942767650414656e-07,0.0033326915805175768,0.0,2.942767650414656e-07,1.5393039278792782e-08,4.918192884660089e-06,4.902799845381296e-06
lvl_074154296752,astar,0,1.3055112549949139e-05,0.004569721040631064,0.002277992277992278,1.3055112549949139e-05,8.496791810647887e-07,0.0002841281714607913,0.0002832784922797265
lvl_074154296752,q_learning,0,2.40635441453392e-07,0.0018940793034362858,0.0,2.4063544145339243e-07,1.239096280202702e-08,4.076386953583063e-06,4.063995990781036e-06
lvl_127557716958,random,0,8.353034304879144e-09,0.000966010569227093,0.0,8.353034304879174e-09,6.773304344622537e-10,1.1238018456921155e-07,1.117028541347493e-07
lvl_127557716958,greedy,0,8.154644253990724e-06,0.002534384470675997,0.0,8.154644253990724e-06,5.970890486535138e-07,0.00011720264363315908,0.00011660555458450557
lvl_127557716958,astar,0,0.0003616443310821112,0.003517164360361664,0.0,0.00036164433108211127,3.737527620767079e-05,0.004191150389572954,0.0041537751133652835
lvl_127557716958,q_learning,0,6.668209878092839e-06,0.003828539240795181,0.0,6.668209878092849e-06,4.998868678749568e-07,0.00010390700840466133,0.00010340712153678638
lvl_888902820409,random,0,0.02165344486318696,0.004588523519433181,0.013721901060437481,0.02165344486318695,0.010887990813747325,0.041193437392230504,0.030305446578483178
lvl_888902820409,greedy,1,0.9557663122339473,0.8575191492430955,0.8843053127054858,0.955766312233947,0.9324136002791242,0.9736795758288405,0.04126597554971623
lvl_888902820409,astar,1,0.9989578783548886,0.920467529864431,0.991786061687316,0.9989578783548886,0.9973809711318425,0.9996023228646872,0.0022213517328446564
lvl_888902820409,q_learning,1,0.9464341225124886,0.9877085892525943,0.987777642195569,0.9464341225124886,0.9187526030952661,0.968714827607582,0.04996222451231591
lvl_825362316886,random,0,0.025795355719783246,0.0038421822592427327,0.006015593541772316,0.025795355719783256,0.013121108237146939,0.04832954358391149,0.03520843534676455
lvl_825362316886,greedy,1,0.9627556451638011,0.8465630872208748,0.7290626429676281,0.9627556451638011,0.9411299837992833,0.97706059552358,0.03593061172429679
lvl_825362316886,astar,1,0.9991287643158268,0.9173665712248454,0.9975541296578513,0.9991287643158268,0.9979523224675503,0.9996384049844637,0.0016860825169133786
lvl_825362316886,q_learning,1,0.9548283363620543,0.9826296240979419,0.9948584092657132,0.9548283363620543,0.9322168831815683,0.9707238496726309,0.038506966491062666
lvl_802794151639,random,0,1.4574039395725086e-08,0.0001224040711034437,0.0,1.457403939572514e-08,1.1344175743607773e-09,1.687626223987786e-07,1.6762820482441783e-07
lvl_802794151639,greedy,0,1.4227810067499019e-05,0.002867249888065054,0.0,1.4227810067499019e-05,1.2547315172930708e-06,0.0001839829867859901,0.00018272825526869703
lvl_802794151639,astar,0,0.0006308126331284074,0.003992103989944729,0.0,0.0006308126331284079,6.966974617205699e-05,0.0065706493976936745,0.0065009796515216175
lvl_802794151639,q_learning,0,1.1634367571314393e-05,0.0038523297858839467,0.0,1.1634367571314415e-05,1.0827505393382765e-06,0.00015337040212356324,0.00015228765158422497
lvl_341551551844,random,0,1.64853537020361e-07,0.0014789038393990372,0.0,1.64853537020361e-07,1.992623715667306e-08,1.1197322445256529e-06,1.0998060073689797e-06
lvl_341551551844,greedy,0,0.00016091359748094137,0.004790162070181442,0.0,0.00016091359748094137,2.33097968178545e-05,0.0009290731173645333,0.0009057633205466788
lvl_341551551844,astar,0,0.007089294469792897,0.00477837138346369,0.0,0.007089294469792903,0.0012663230446900667,0.03555180145718772,0.034285478412497655
lvl_341551551844,q_learning,0,0.00013158581610059567,0.0044685135937707395,0.0,0.0001315858161005959,1.8211330094328325e-05,0.0008340910249001851,0.0008158796948058568
lvl_364970644673,random,0,0.0029589426345065107,0.00206121838555493,0.04795069893812057,0.002958942634506508,0.0014729985417246641,0.005824421807567145,0.004351423265842481
lvl_364970644673,greedy,1,0.7434096150476692,0.7965763757335156,0.6173349673577482,0.743409615047669,0.6575902736052781,0.8170528116396257,0.15946253803434762
lvl_364970644673,astar,1,0.992280018466695,0.9394608238305296,0.9742509512776965,0.992280018466695,0.9816397610427676,0.996881614747557,0.015241853704789365
lvl_364970644673,q_learning,1,0.7031886705584947,0.9111969776653812,0.9584581299163757,0.7031886705584945,0.6088840543059811,0.782728761477547,0.17384470717156586
lvl_946448987244,random,0,0.002444601738478805,0.0020471733118391337,0.023868130546343333,0.002444601738478805,0.0011017646957848948,0.004924992330952562,0.003823227635167667
lvl_946448987244,greedy,1,0.705224202671875,0.8521639975891091,0.8563135713837344,0.705224202671875,0.6341649674298546,0.7679936996868748,0.1338287322570202
lvl_946448987244,astar,1,0.9906661301602095,0.8539929208810493,0.9764235112079716,0.9906661301602095,0.9778990472503389,0.9963701271075356,0.01847107985719665
lvl_946448987244,q_learning,0,0.6617411537159876,0.004390536460692447,0.08018637502438364,0.6617411537159879,0.5865033694582623,0.7340904743474685,0.14758710488920623
lvl_819035496851,random,0,0.019173474301691647,0.0036238463748238248,0.017395722150669455,0.019173474301691647,0.009507375079550205,0.03698112244916262,0.027473747369612417
lvl_819035496851,greedy,1,0.950209502751215,0.8427397898133516,0.7808797090823022,0.950209502751215,0.9221109650185519,0.9666773747875214,0.04456640976896942
lvl_819035496851,astar,1,0.9988202655802457,0.9275605658662568,0.9963951993043711,0.9988202655802457,0.9970890889597218,0.9995449232076372,0.0024558342479154005
lvl_819035496851,q_learning,1,0.939778834219042,0.9845206514771558,0.9923544035149087,0.939778834219042,0.9097436459607351,0.9593100772179811,0.049566431257246024
lvl_311804585940,random,0,0.008990059911942828,0.005899935716081282,0.05021247438600136,0.008990059911942827,0.0035065235428384947,0.024146635472403075,0.02064011192956458
lvl_311804585940,greedy,0,0.8985413247314319,0.8176457810378137,0.7815101476145203,0.8985413247314319,0.8116966155916955,0.948815907227776,0.1371192916360805
lvl_311804585940,astar,1,0.9974612672623131,0.8507597360793241,0.9729633749652873,0.9974612672623131,0.9920390351519304,0.9992117181818668,0.007172683029936455
lvl_311804585940,q_learning,1,0.8786687387681806,0.8700401009682087,0.9841315694543359,0.8786687387681804,0.7791862265707279,0.9412657722685533,0.16207954569782546
lvl_249413021152,random,0,0.009987560002654895,0.0036919230050812065,0.014205971769198373,0.009987560002654895,0.004989268671946031,0.01783265180340715,0.01284338313146112
lvl_249413021152,greedy,1,0.907823853613911,0.9214363966103584,0.9920079216878027,0.9078238536139108,0.8806065867899858,0.9304306231765196,0.049824036386533765
lvl_249413021152,astar,1,0.9977165372079798,0.9684221945233132,0.999521573077747,0.9977165372079798,0.9944859107871777,0.9990359485699557,0.00455003778277796
lvl_249413021152,q_learning,1,0.8895459263722385,0.8501260823788535,0.954503422724321,0.8895459263722385,0.859407993374813,0.9150202494829253,0.05561225610811227
lvl_264798505656,random,0,6.407260977852285e-09,0.0010551816495111385,0.0,6.407260977852285e-09,5.099515505680497e-10,8.684248946759225e-08,8.63325379170242e-08
lvl_264798505656,greedy,0,6.255096191194641e-06,0.002498990182576242,0.0,6.255096191194641e-06,5.076542547593432e-07,9.364598784401231e-05,9.313833358925297e-05
lvl_264798505656,astar,0,0.00027742551263595027,0.0032508264685021738,0.0,0.00027742551263595076,2.671497787116595e-05,0.0036812757821216334,0.0036545608042504673
lvl_264798505656,q_learning,0,5.114911021138648e-06,0.003419855844439777,0.0,5.114911021138658e-06,4.1559154932918033e-07,7.391042862461651e-05,7.349483707528734e-05
lvl_224140100707,random,0,0.02227355184402526,0.005414143344489055,0.018534982889275433,0.022273551844025238,0.011723295802756384,0.044260173490547186,0.0325368776877908
lvl_224140100707,greedy,1,0.9569708940424657,0.8502392005561288,0.8258602298082763,0.9569708940424655,0.9316431861064509,0.9760533730175336,0.04441018691108267
lvl_224140100707,astar,1,0.9989875036643197,0.899873504646283,0.991031643554199,0.9989875036643197,0.9972067331307678,0.9996235414640826,0.0024168083333148127
lvl_224140100707,q_learning,1,0.9478789817541439,0.9824398397904197,0.9903697842449899,0.9478789817541439,0.9158701133723942,0.9682743079056548,0.05240419453326062
lvl_619317483286,random,0,0.009398317730386536,0.0034752449522853332,0.01718835091889265,0.009398317730386534,0.004727237366548658,0.01656130305009518,0.011834065683546523
lvl_619317483286,greedy,1,0.9025552507289025,0.9189967861207249,0.9026152855066278,0.9025552507289024,0.8762754248547635,0.9227904916446107,0.04651506678984718
lvl_619317483286,astar,1,0.9975722787013159,0.9685514647826419,0.9970756453249968,0.9975722787013159,0.9941819574351753,0.9989835586148318,0.004801601179656445
lvl_619317483286,q_learning,1,0.8833668161932621,0.8482941141081066,0.9761824134361063,0.8833668161932621,0.8531936789598309,0.9085483422681115,0.05535466330828065
lvl_827292348683,random,0,2.273150848718259e-08,0.00010540599340802149,0.0,2.273150848718259e-08,2.985532659475395e-09,1.232632707043304e-07,1.2027773804485502e-07
lvl_827292348683,greedy,0,2.219130905110098e-05,0.0015154113535994326,0.0,2.2191309051100935e-05,3.4955906937099327e-06,0.00014167784319228644,0.0001381822524985765
lvl_827292348683,astar,0,0.0009835476135424777,0.002615113004837248,0.0,0.0009835476135424774,0.00016708887888559096,0.005243163086686472,0.0050760742078008805
lvl_827292348683,q_learning,0,1.814630782552458e-05,0.0021904959320736927,0.0,1.8146307825524577e-05,3.0436606438911153e-06,0.0001261643552046786,0.0001231206945607875
lvl_741370696828,random,0,2.547055280823185e-08,0.000535844115594754,0.0,2.547055280823185e-08,3.3065293354763065e-09,1.421276952404416e-07,1.388211659049653e-07
lvl_741370696828,greedy,0,2.486519535454754e-05,0.0022621593052969216,0.0,2.48651953545475e-05,3.205019620203275e-06,0.00017473966275817653,0.00017153464313797326
lvl_741370696828,astar,0,0.0011019300780087296,0.0029580276547258332,0.0,0.0011019300780087296,0.00018865718391667473,0.005273133923340823,0.005084476739424149
lvl_741370696828,q_learning,0,2.033281172951061e-05,0.003030745125402863,0.0,2.033281172951061e-05,2.9750282797131823e-06,0.00014326493181302503,0.00014028990353331185
lvl_502815613371,random,0,0.011673022774685323,0.004712262560453489,0.03231331110320107,0.011673022774685323,0.00552053966650121,0.02281308281558998,0.01729254314908877
lvl_502815613371,greedy,0,0.9201945279411339,0.8314336623632993,0.6589080823596571,0.9201945279411337,0.8797722971930936,0.9513330975145912,0.07156080032149759
lvl_502815613371,astar,1,0.9980489218501442,0.9266294372133672,0.981739556824505,0.9980489218501442,0.994731847135226,0.9993192278879547,0.004587380752728687
lvl_502815613371,q_learning,1,0.9041105223276547,0.9816028657105806,0.9846992023364758,0.9041105223276547,0.8556726971406172,0.9398552225728473,0.08418252543223004
lvl_475142293829,random,0,0.02504089885013729,0.003875348630845218,0.018014028697330577,0.02504089885013728,0.012062030804838806,0.049034911954139004,0.036972881149300196
lvl_475142293829,greedy,1,0.9616479739119725,0.8509088557513041,0.661427876264058,0.9616479739119725,0.9365219972285231,0.9769286445093519,0.04040664728082877
lvl_475142293829,astar,1,0.9991018440264927,0.9072792767746869,0.9888434104039793,0.9991018440264927,0.9978138294608008,0.9996391652717016,0.00182533581090083
lvl_475142293829,q_learning,1,0.9534962898158085,0.9631777977356824,0.9909620278041011,0.9534962898158085,0.9264186016986212,0.9697483835547436,0.04332978185612235
lvl_298130997530,random,0,0.004509803493309556,0.001643263621486693,0.007490520786778687,0.004509803493309556,0.002214155182656179,0.00856527405261715,0.006351118869960971
lvl_298130997530,greedy,1,0.8155891340051343,0.848176166252656,0.3064704116142258,0.8155891340051343,0.7691779147256619,0.8582064597055599,0.08902854497989798
lvl_298130997530,astar,1,0.9949291932323019,0.9639389005973626,0.9936069533610704,0.9949291932323019,0.9877241670402901,0.9979055249100371,0.010181357869747054
lvl_298130997530,q_learning,1,0.7833857011889592,0.8482228454813866,0.9883253380359482,0.7833857011889592,0.7308308863389509,0.8303603752811195,0.09952948894216862
lvl_832143670487,random,0,2.9181621428541514e-08,0.0003245979591649635,0.0,2.9181621428541617e-08,3.86138360034457e-09,1.7512285730480524e-07,1.7126147370446066e-07
lvl_832143670487,greedy,0,2.8487960075747188e-05,0.00204418159210639,0.0,2.8487960075747188e-05,3.6786380700278297e-06,0.00019796661918821228,0.00019428798111818446
lvl_832143670487,astar,0,0.0012622790267907196,0.002895693313251943,0.0,0.0012622790267907196,0.00022286978788052978,0.005894011695299132,0.005671141907418602
lvl_832143670487,q_learning,0,2.3295240718219717e-05,0.0030043145775568193,0.0,2.3295240718219798e-05,3.4920857936562523e-06,0.00016963809751867914,0.00016614601172502288
lvl_399330343669,random,0,0.0023231989033626744,0.002170402672952148,0.02224453657003828,0.0023231989033626744,0.001146613110780516,0.004566027984529471,0.003419414873748955
lvl_399330343669,greedy,1,0.6944998912582847,0.8468143201755458,0.5101025356689747,0.6944998912582847,0.6108954384905637,0.782226090863851,0.17133065237328726
lvl_399330343669,astar,1,0.9901819776704021,0.9126050403916756,0.9790924112746557,0.9901819776704021,0.9764096527492901,0.9960598590183635,0.019650206269073323
lvl_399330343669,q_learning,0,0.6502195066087911,0.16271557504166956,0.4570358458951082,0.6502195066087911,0.5578424753461829,0.7366316673851608,0.17878919203897792
lvl_321706959685,random,0,0.016459049996577,0.004538858340073423,0.007656767112569822,0.016459049996576988,0.008262157475668335,0.032072839153527655,0.023810681677859317
lvl_321706959685,greedy,1,0.9423204322009404,0.8530031130870583,0.7733365285532364,0.9423204322009404,0.9119000303493635,0.9629301303509444,0.051030100001580925
lvl_321706959685,astar,1,0.9986221739053543,0.9278020846621614,0.9977351487921778,0.9986221739053543,0.9965269889235102,0.9994468368334364,0.0029198479099261654
lvl_321706959685,q_learning,1,0.9303582005337124,0.9884010866921383,0.993742681067991,0.9303582005337124,0.8986510849959228,0.9535995538378967,0.05494846884197391
lvl_889757130102,random,0,2.779200263455775e-08,0.0002477533585415396,0.0,2.7792002634557746e-08,3.6172425679422425e-09,1.9567135539864557e-07,1.9205411283070333e-07
lvl_889757130102,greedy,0,2.7131409965653627e-05,0.0026585316510415753,0.0,2.7131409965653627e-05,4.53722062622702e-06,0.00020229188440625575,0.00019775466378002874
lvl_889757130102,astar,0,0.0012022419971413148,0.0034985951606678646,0.0,0.0012022419971413156,0.0002285579555657426,0.008500308457980298,0.008271750502414556
lvl_889757130102,q_learning,0,2.218595393308926e-05,0.003134412834518906,0.0,2.218595393308926e-05,3.5209652912665e-06,0.00016690388411023474,0.00016338291881896823
lvl_027181145907,random,0,5.178893000065319e-09,5.644781568249156e-05,0.0,5.1788930000653185e-09,5.259590779034847e-10,4.338464579436506e-08,4.2858686716461574e-08
lvl_027181145907,greedy,0,5.055906540853958e-06,0.0012355949976590713,0.0038986784140969165,5.0559065408539496e-06,6.372680219906664e-07,4.169359789604785e-05,4.105632987405719e-05
lvl_027181145907,astar,0,0.00022425080997343192,0.0025129802713465548,0.0,0.00022425080997343194,3.227461005854239e-05,0.0015867379879676883,0.0015544633779091459
lvl_027181145907,q_learning,0,4.1343099521306845e-06,0.0017047465874161032,0.0,4.1343099521306845e-06,4.86337297558381e-07,3.23857669732243e-05,3.189942967566592e-05
lvl_433362077889,random,0,0.002669049767047293,0.002725127163278759,0.04495812173893814,0.002669049767047293,0.0013212366046115923,0.005535199594180845,0.004213962989569253
lvl_433362077889,greedy,1,0.7231950845109881,0.8539148616963882,0.9640622479505583,0.723195084510988,0.6358860821835608,0.7936304790931722,0.1577443969096114
lvl_433362077889,astar,1,0.9914462350652048,0.8503816800311277,0.9893084862179659,0.9914462350652048,0.9787123353397504,0.9966141337825046,0.01790179844275419
lvl_433362077889,q_learning,1,0.6811644639316015,0.00547621706462037,0.05259840445727761,0.6811644639316013,0.5898688485846897,0.7561640183580998,0.16629516977341008
lvl_074306233715,random,0,3.382218511365367e-09,0.0016440004026769795,0.0,3.382218511365379e-09,2.487045131681555e-10,4.385211233546027e-08,4.360340782229211e-08
lvl_074306233715,greedy,0,3.3019046072533115e-06,0.003980294781730357,0.0,3.301904607253318e-06,2.623332158914268e-07,4.036022398539326e-05,4.009789076950183e-05
lvl_074306233715,astar,0,0.0001464645534699298,0.004776077489075298,0.0,0.0001464645534699298,1.1407095709070788e-05,0.0016281019479180074,0.0016166948522089366
lvl_074306233715,q_learning,0,2.700028689983945e-06,0.0041312133797925185,0.0,2.7000286899839497e-06,2.254522202456408e-07,3.622447041107984e-05,3.59990181908342e-05
lvl_797888985606,random,0,5.807167738648798e-09,0.0012534059695639452,0.0,5.807167738648819e-09,5.046774696556033e-10,6.716302333448166e-08,6.665834586482606e-08
lvl_797888985606,greedy,0,5.669257766738682e-06,0.0030504827355252026,0.0,5.669257766738682e-06,4.3223529155500736e-07,7.546807004774522e-05,7.503583475619021e-05
lvl_797888985606,astar,0,0.00025144884108177745,0.003983397019381993,0.0,0.00025144884108177745,2.2328999440581446e-05,0.00262520359313192,0.0026028745936913385
lvl_797888985606,q_learning,0,4.635859313719292e-06,0.003904538881050344,0.0,4.6358593137193004e-06,3.6862153947141857e-07,6.405804968112043e-05,6.368942814164901e-05
lvl_113361106342,random,0,0.0028176913379340993,0.0015911422436358904,0.013694239215093655,0.0028176913379340993,0.0014202690751154497,0.005536059116768754,0.004115790041653304
lvl_113361106342,greedy,0,0.7339409773842255,0.8468932217578479,0.6831795597188304,0.7339409773842255,0.656419777324514,0.8026179684227474,0.1461981910982334
lvl_113361106342,astar,1,0.991895012064541,0.8866366199039111,0.989150326457519,0.991895012064541,0.980695644881059,0.9965210173843447,0.01582537250328575
lvl_113361106342,q_learning,1,0.6928490386908662,0.03722872602457388,0.23241420628324322,0.6928490386908662,0.6208235497226815,0.7686003101040958,0.1477767603814143
lvl_936381491586,random,0,5.54071137100416e-09,0.0010971879710881278,0.0,5.54071137100418e-09,4.263048273574128e-10,5.994209238016079e-08,5.951578755280337e-08
lvl_936381491586,greedy,0,5.409130672596622e-06,0.0026210521539535327,0.0,5.409130672596631e-06,4.1411963736693977e-07,6.602407860115685e-05,6.560995896378992e-05
lvl_936381491586,astar,0,0.0002399141181414054,0.003546279286122429,0.0,0.0002399141181414054,2.510819669290923e-05,0.002738196289946703,0.002713088093253794
lvl_936381491586,q_learning,0,4.423148258628577e-06,0.0038403919690165374,0.0,4.423148258628584e-06,3.553379431728039e-07,6.154792245520898e-05,6.119258451203618e-05
lvl_076505776385,random,0,0.02853949850301476,0.004211022889660777,0.007216277321819458,0.028539498503014748,0.015014026067187833,0.05521251576088084,0.04019848969369301
lvl_076505776385,greedy,1,0.9663077525868943,0.8500020101911682,0.784077310747307,0.9663077525868943,0.945970448897678,0.9794042166393624,0.033433767741684384
lvl_076505776385,astar,1,0.9992146863668517,0.9170844956426023,0.9942695888251919,0.9992146863668517,0.9980215164316332,0.9996708601218928,0.001649343690259597
lvl_076505776385,q_learning,1,0.9591043800303439,0.9743092955843791,0.9880760337409733,0.9591043800303439,0.9355595996378536,0.9757774345557265,0.0402178349178729
lvl_072356760915,random,0,0.007404750457448006,0.0016797063909099253,0.013638553737608179,0.007404750457448006,0.0036848833516358935,0.013511836516507631,0.009826953164871737
lvl_072356760915,greedy,1,0.8792688933364383,0.8734286259407124,0.7989462066330533,0.8792688933364383,0.843320242783732,0.9060227869721197,0.06270254418838772
lvl_072356760915,astar,1,0.9969145025105705,0.9657719677204036,0.9943263492268836,0.9969145025105705,0.992511364036052,0.998689542811496,0.006178178775444021
lvl_072356760915,q_learning,1,0.8562254520647895,0.850188459372194,0.9838457879992623,0.8562254520647895,0.8169989913508492,0.891233316514549,0.07423432516369977
lvl_807549175517,random,0,0.0013599719424735423,0.00298967343938865,0.027313248120244427,0.0013599719424735423,0.0006785235037359803,0.0027980722420970212,0.002119548738361041
lvl_807549175517,greedy,1,0.5707215991899881,0.856246442012473,0.9629374726826455,0.570721599189988,0.48647134413760773,0.6605916135044171,0.17412026936680935
lvl_807549175517,astar,1,0.983328179545716,0.8487542153727528,0.9945298457314453,0.983328179545716,0.959714886813382,0.9937137251235985,0.03399883831021644
lvl_807549175517,q_learning,0,0.5208774051836228,0.005523747809991129,0.05599045204656992,0.5208774051836228,0.42758814816678514,0.6124574211433084,0.18486927297652322
lvl_125228503741,random,0,0.041838741457353903,0.004368864320967748,0.01646737521862492,0.0418387414573539,0.01965978250126426,0.08073440819263239,0.06107462569136813
lvl_125228503741,greedy,1,0.9770794218033882,0.8510952286630373,0.9192340687962532,0.9770794218033882,0.9621187069973162,0.9859052595827947,0.02378655258547857
lvl_125228503741,astar,1,0.9994715110238825,0.8963144226240178,0.9870946517957608,0.9994715110238825,0.9985677031140591,0.999809054440553,0.0012413513264939446
lvl_125228503741,q_learning,1,0.9721125592224855,0.9859444349276953,0.9966435876757747,0.9721125592224855,0.9540798111511423,0.9831208338428843,0.029041022691742024
lvl_614829200908,random,0,5.0780037829764074e-08,0.0003305183629359595,0.0,5.0780037829764074e-08,6.2871580574852155e-09,3.5135466167879765e-07,3.4506750362131243e-07
lvl_614829200908,greedy,0,4.957192744667555e-05,0.0021141036943097763,0.0,4.957192744667564e-05,6.872857247017224e-06,0.0003707338075548154,0.00036386095030779814
lvl_614829200908,astar,0,0.0021944890695820437,0.0030066375347382155,0.0,0.002194489069582044,0.00036321748422245054,0.01156638017654179,0.011203162692319338
lvl_614829200908,q_learning,0,4.0536227157901375e-05,0.0030773071141747626,0.0,4.0536227157901375e-05,5.737012661141871e-06,0.00031373587529007945,0.0003079988626289376
lvl_617706118620,random,0,0.0032018000693661538,0.0014573875732226333,0.035785562227243536,0.003201800069366154,0.0014660331113374551,0.0069507159062701445,0.005484682794932689
lvl_617706118620,greedy,0,0.7582100356688101,0.845552695725579,0.7752257360730935,0.7582100356688098,0.661524209570443,0.8380390221658154,0.17651481259537238
lvl_617706118620,astar,1,0.9928631275345348,0.8518862014316296,0.9827213027674621,0.9928631275345348,0.9822126666023421,0.9972905915477192,0.015077924945377075
lvl_617706118620,q_learning,0,0.7194335048263247,0.006609920317394027,0.3074979275641867,0.7194335048263247,0.614859816882415,0.8052415137818956,0.1903816968994806
lvl_395133626058,random,0,0.002157406340108666,0.001907153592939962,0.02802813057938929,0.002157406340108666,0.001068468540032146,0.004261199436489424,0.0031927308964572777
lvl_395133626058,greedy,0,0.678532813309471,0.8517411415382738,0.43990526363645216,0.6785328133094709,0.5945656910528485,0.7429426060386458,0.1483769149857973
lvl_395133626058,astar,1,0.9894337152367029,0.9195870395796335,0.9796889053504152,0.9894337152367029,0.974211935817848,0.9957893892954192,0.021577453477571118
lvl_395133626058,q_learning,1,0.6331605427013177,0.16415948440063544,0.4500269354011988,0.6331605427013177,0.5510952312834428,0.7051969988650626,0.15410176758161975
lvl_034607782622,random,0,0.03615162701082884,0.004166342410191792,0.01571846491973425,0.036151627010828816,0.018102829020855513,0.06258004101714318,0.044477211996287666
lvl_034607782622,greedy,1,0.9734163139743788,0.8555458021168078,0.937824982240528,0.9734163139743788,0.960266802701196,0.98200009990481,0.021733297203613944
lvl_034607782622,astar,1,0.999384796032711,0.9152300105445823,0.9961232484580279,0.999384796032711,0.998400992347725,0.9997399341267458,0.0013389417790208302
lvl_034607782622,q_learning,1,0.9676819158007197,0.988311487658109,0.9931112388834734,0.9676819158007197,0.9536313391682896,0.9777712805750934,0.024139941406803866
lvl_173966933504,random,0,0.00579205482349472,0.0013392718359309381,0.030149146668277785,0.00579205482349472,0.002679399658446512,0.011161661061292445,0.008482261402845933
lvl_173966933504,greedy,0,0.850466797014222,0.8212195981196687,0.6458000692309508,0.850466797014222,0.7909567121281049,0.8999777773061285,0.10902106517802357
lvl_173966933504,astar,1,0.9960524078784622,0.9586667034563879,0.9921031960648249,0.9960524078784622,0.9908059842589065,0.9984643608009857,0.007658376542079126
lvl_173966933504,q_learning,1,0.823032450712842,0.9131268931656769,0.9887508965669767,0.8230324507128419,0.758955495289749,0.8785302007899375,0.11957470550018845
lvl_317844648626,random,0,0.0016323667059037073,0.0012079377230012497,0.01481774133719517,0.0016323667059037076,0.000751380768491582,0.003711409395575768,0.002960028627084186
lvl_317844648626,greedy,1,0.6148239643465779,0.8381727108667572,0.6914937253056607,0.6148239643465778,0.5329782892436624,0.6933873921439971,0.16040910290033472
lvl_317844648626,astar,1,0.9860752204504555,0.8447894472715295,0.9756461351111753,0.9860752204504555,0.9676903412081945,0.9945296308599906,0.02683928965179605
lvl_317844648626,q_learning,0,0.5662083735164543,0.005355812133933904,0.13738511545865767,0.566208373516454,0.4852467941043023,0.6498968490608618,0.16465005495655943
lvl_800774618509,random,0,0.03726554584253317,0.004386176401459316,0.024964372793019444,0.037265545842533124,0.018424841101827776,0.06541063603784426,0.046985794936016484
lvl_800774618509,greedy,1,0.9742194874397204,0.8450868235926007,0.7922941948377539,0.9742194874397204,0.9580756484316076,0.9841994034813757,0.02612375504976805
lvl_800774618509,astar,1,0.9994038636967879,0.9090044844096745,0.9870252419080917,0.9994038636967879,0.998360556150527,0.9997583724741216,0.0013978163235945917
lvl_800774618509,q_learning,1,0.9686527634211792,0.9878175102504122,0.9701852357295025,0.9686527634211792,0.9487198608903136,0.9804135040709846,0.03169364318067103
lvl_079403424745,random,0,0.007373046649233575,0.0050830545778843194,0.07106778235311152,0.007373046649233575,0.0029053267435720834,0.016717170300572664,0.01381184355700058
lvl_079403424745,greedy,0,0.8788092657710087,0.7901700028395204,0.6754934703090558,0.8788092657710087,0.7796738567560006,0.9413714500280722,0.16169759327207156
lvl_079403424745,astar,1,0.9969011774385684,0.7959624656073028,0.9686673868770312,0.9969011774385684,0.989847938160423,0.9988059932323956,0.00895805507197256
lvl_079403424745,q_learning,1,0.8556924952842091,0.8389991568307738,0.9698565008717077,0.8556924952842091,0.7415862098581414,0.9261034031950719,0.1845171933369305
lvl_084210541313,random,0,2.551770261043463e-08,0.0006313578137121183,0.0,2.551770261043463e-08,3.595731023338413e-09,1.454618181027688e-07,1.418660870794304e-07
lvl_084210541313,greedy,0,2.4911223404107184e-05,0.00239835052999138,0.0,2.4911223404107184e-05,3.410040165948831e-06,0.00016498887958045033,0.0001615788394145015
lvl_084210541313,astar,0,0.0011039676635070741,0.003087323137165934,0.0,0.0011039676635070759,0.00018457863803216602,0.0052195071979752854,0.00503492855994312
lvl_084210541313,q_learning,0,2.037045003889654e-05,0.0030033551953919067,0.0,2.0370450038896577e-05,3.0959050038379306e-06,0.00015894333449134796,0.00015584742948751004
lvl_238232230867,random,0,0.0014544784072337451,0.0033402832340837718,0.033598351567360914,0.0014544784072337436,0.0006995541537638802,0.00309487958618621,0.0023953254324223295
lvl_238232230867,greedy,1,0.5871203761904901,0.8560424134133955,0.9546376088309714,0.5871203761904898,0.5017844119500632,0.6777293738528672,0.17594496190280406
lvl_238232230867,astar,1,0.9843959997514031,0.8474064848682237,0.9917783714853645,0.9843959997514031,0.9615059026629678,0.9939113145611433,0.032405411898175585
lvl_238232230867,q_learning,0,0.5376376993105918,0.005864998201795812,0.06218376701926971,0.5376376993105919,0.4389822270834959,0.6277994136356435,0.18881718655214763
lvl_115421496301,random,0,0.00176348366417129,0.0044321388165232956,0.04708480983398106,0.0017634836641712884,0.0009077083351039003,0.0034927950886473984,0.002585086753543498
lvl_115421496301,greedy,0,0.6329810825772395,0.81268171972848,0.5085820692115973,0.6329810825772394,0.552036693043936,0.7193231104267036,0.16728641738276762
lvl_115421496301,astar,1,0.987098857294715,0.9270813223924618,0.9666913464704716,0.987098857294715,0.9697800537596964,0.9948983747235455,0.025118320963849028
lvl_115421496301,q_learning,1,0.5851107394178521,0.6648784936897089,0.7785945579678728,0.585110739417852,0.498938048735029,0.6739920162599987,0.1750539675249697
lvl_626857604720,random,0,4.946737648684749e-09,0.0008249434136724313,0.0018232385661310262,4.946737648684749e-09,3.703388403638758e-10,5.473712039431764e-08,5.436678155395376e-08
lvl_626857604720,greedy,0,4.829265423350143e-06,0.002811967364438635,0.0018232385661310262,4.829265423350143e-06,3.5557549980258393e-07,6.378320625535363e-05,6.342763075555104e-05
lvl_626857604720,astar,0,0.00021420042384847485,0.004042960246297178,0.0018232385661310262,0.00021420042384847485,2.0056734194440174e-05,0.002462819896127455,0.002442763161933015
lvl_626857604720,q_learning,0,3.948981080854859e-06,0.00438445379218471,0.0018232385661310262,3.948981080854866e-06,3.1168063128109737e-07,5.861020331208697e-05,5.829852268080587e-05
lvl_359096304808,random,0,0.03179669508780206,0.004007932400937746,0.00993392164183826,0.03179669508780206,0.01602810659599939,0.05499271211764122,0.03896460552164183
lvl_359096304808,greedy,1,0.9697530600191107,0.8545808636282096,0.7689614040909061,0.9697530600191107,0.9570318786277647,0.9788520584939074,0.021820179866142708
lvl_359096304808,astar,1,0.9992974376528913,0.9246248100005402,0.9941786731789025,0.9992974376528913,0.9981833079114539,0.9997010311088848,0.0015177231974308203
lvl_359096304808,q_learning,1,0.9632582834034819,0.9894348289703273,0.9909118278515487,0.9632582834034819,0.9479041245502977,0.9737192448249683,0.02581512027467059
lvl_837348725488,random,0,1.0060043744682297e-07,0.0004459997504124797,0.0,1.0060043744682297e-07,1.6135950088410636e-08,6.288433556973748e-07,6.127074056089641e-07
lvl_837348725488,greedy,0,9.82022762934067e-05,0.003120018355172181,0.0,9.82022762934067e-05,1.6396982088563258e-05,0.0005643725361715663,0.000547975554083003
lvl_837348725488,astar,0,0.004338166877275212,0.003160553502088074,0.0,0.004338166877275212,0.000994384319655722,0.019823064335795035,0.018828680016139313
lvl_837348725488,q_learning,0,8.030321337130288e-05,0.002794074249629425,0.0,8.0303213371303e-05,1.3754666480446221e-05,0.00047995156851683647,0.00046619690203639024
lvl_805005225080,random,0,0.0050759588163249315,0.001666766769366811,0.016446304152622843,0.005075958816324932,0.002332259341655962,0.010235099789978656,0.007902840448322694
lvl_805005225080,greedy,0,0.8327961569299484,0.8459282087602322,0.5631456250569123,0.8327961569299484,0.7694224832852453,0.8841732639679373,0.11475078068269196
lvl_805005225080,astar,1,0.995494776515293,0.9634654504322346,0.9888381655901178,0.995494776515293,0.9893810104800582,0.9982294461164337,0.008848435636375496
lvl_805005225080,q_learning,1,0.8028712915312513,0.8453358937460664,0.9928399273986664,0.8028712915312511,0.7310243678179488,0.8539953286221932,0.12297096080424441
lvl_657095537011,random,0,5.98170325156801e-09,0.0005669705268417948,0.0,5.98170325156801e-09,4.1829302812192293e-10,7.515431899705249e-08,7.473602596893057e-08
lvl_657095537011,greedy,0,5.839647375647033e-06,0.004788935711419493,0.0,5.839647375647042e-06,4.437897356439155e-07,8.995338413858509e-05,8.950959440294117e-05
lvl_657095537011,astar,0,0.00025900422570882204,0.004787966573156127,0.0,0.00025900422570882247,2.3206770675489982e-05,0.0028322198255605916,0.0028090130548851016
lvl_657095537011,q_learning,0,4.775190268271257e-06,0.0008272073620369308,0.0,4.775190268271257e-06,3.3356491612251106e-07,7.285478355539893e-05,7.252121863927642e-05
lvl_813071532450,random,0,5.1541487348908195e-09,0.00046289951622328863,0.0,5.1541487348908195e-09,3.5604198108534986e-10,7.144108027132703e-08,7.108503829024169e-08
lvl_813071532450,greedy,0,5.031750014875885e-06,0.00271055010457791,0.0,5.031750014875894e-06,4.0148424196659313e-07,6.63756666635242e-05,6.597418242155761e-05
lvl_813071532450,astar,0,0.00022317959974954365,0.0036084182825401223,0.0,0.00022317959974954365,1.960253327403456e-05,0.0024843798411210397,0.0024647773078470053
lvl_813071532450,q_learning,0,4.114556687992185e-06,0.0019973687922442587,0.0,4.114556687992186e-06,3.374959034268164e-07,5.889727083965944e-05,5.855977493623262e-05
lvl_692517349271,random,0,1.928305236019701e-09,0.0001186894053224193,0.0,1.9283052360197014e-09,1.4698134300716892e-10,2.2766795969350155e-08,2.2619814626342987e-08
lvl_692517349271,greedy,0,1.8825185155027605e-06,0.0015244150115507227,0.0,1.8825185155027637e-06,1.5115588242823675e-07,2.1314732684824412e-05,2.1163576802396174e-05
lvl_692517349271,astar,0,8.350913667689485e-05,0.0028083582499235085,0.001013745704467354,8.350913667689485e-05,8.576009007013447e-06,0.000971746461966487,0.0009631704529594735
lvl_692517349271,q_learning,0,1.5393699366839933e-06,0.001399437977303463,0.0,1.5393699366839986e-06,1.3819008000821905e-07,1.7324174764391136e-05,1.7185984684382917e-05
lvl_771867255870,random,0,2.9165523021474156e-08,0.0002265949881687326,0.0,2.9165523021474156e-08,4.137801184475641e-09,1.5634550132750294e-07,1.522077001430273e-07
lvl_771867255870,greedy,0,2.8472244782659692e-05,0.0019734459186538356,0.0,2.8472244782659746e-05,3.978823983598354e-06,0.00019541018378164678,0.00019143135979804841
lvl_771867255870,astar,0,0.001261583553236935,0.0030090116167718873,0.0,0.001261583553236935,0.00020546643114403474,0.005746407866709662,0.005540941435565627
lvl_771867255870,q_learning,0,2.3282389905649395e-05,0.0030585801271977627,0.0,2.3282389905649395e-05,3.71000215731025e-06,0.00016031207480815695,0.0001566020726508467
lvl_045198076896,random,0,0.0013975195729112012,0.00229204761496722,0.02446906418963013,0.0013975195729112012,0.0006886158352145164,0.0028389000564461365,0.00215028422123162
lvl_045198076896,greedy,0,0.5773900351948458,0.8533095280879689,0.8705953553313609,0.5773900351948458,0.49150492636151666,0.6587686430869206,0.16726371672540397
lvl_045198076896,astar,1,0.9837694369607701,0.8474471099026796,0.9904326008262743,0.9837694369607701,0.9612381890298455,0.9940299566143785,0.03279176758453306
lvl_045198076896,q_learning,0,0.5276793390960552,0.004640827139768513,0.24782465696447004,0.5276793390960551,0.4404764214082698,0.6190611022861817,0.1785846808779119
lvl_310118899792,random,0,2.2259608237513323e-07,0.0002318315865514779,0.0,2.2259608237513323e-07,3.46399361040252e-08,1.36827953527875e-06,1.3336395991747247e-06
lvl_310118899792,greedy,0,0.00021726388401950236,0.002933522145790891,0.0,0.00021726388401950236,3.455943791236315e-05,0.001157848783969564,0.0011232893460572007
lvl_310118899792,astar,0,0.009548721174915021,0.003362242901188775,0.0,0.009548721174915021,0.0021611881991513084,0.03954423359252176,0.03738304539337045
lvl_310118899792,q_learning,0,0.00017766764028258344,0.003482887526072469,0.0,0.00017766764028258344,2.8109246794697574e-05,0.0011317740352118416,0.001103664788417144
lvl_430571990296,random,0,1.2375208942999936e-07,0.0003364564307020597,0.002025403364229317,1.2375208942999978e-07,1.657609628983217e-08,1.0008011094153647e-06,9.842250131255326e-07
lvl_430571990296,greedy,0,0.00012079930092947565,0.003944178413867804,0.002025403364229317,0.00012079930092947565,1.7179023890722726e-05,0.00084975951263298,0.0008325804887422573
lvl_430571990296,astar,0,0.005331207275433913,0.004258582257059856,0.002025403364229317,0.005331207275433912,0.0008436186144574495,0.027874125252834614,0.027030506638377163
lvl_430571990296,q_learning,0,9.87819464233233e-05,0.0037827986610944244,0.002025403364229317,9.878194642332347e-05,1.3788316537782616e-05,0.0007591906705650518,0.0007454023540272692
lvl_783204740550,random,0,0.010705204458193486,0.004481778133698325,0.01767640741254838,0.010705204458193476,0.0054699721937165584,0.01952111756436376,0.014051145370647203
lvl_783204740550,greedy,1,0.9135256672413635,0.9251882747552844,0.9782271735734542,0.9135256672413634,0.8841472309322028,0.9373922291530655,0.053244998220862705
lvl_783204740550,astar,1,0.9978708287011754,0.9666738588553686,0.9850525687302298,0.9978708287011754,0.9948754362064753,0.9991338567103271,0.004258420503851723
lvl_783204740550,q_learning,0,0.8962491578067209,0.8478329684588549,0.7370060693644491,0.8962491578067209,0.8639750556129306,0.9211292714038346,0.05715421579090396
lvl_521130626915,random,0,0.005420733057092278,0.0024471179977020967,0.0165604536675632,0.005420733057092274,0.0027093196288004583,0.01079578385154351,0.008086464222743053
lvl_521130626915,greedy,1,0.8417940111241727,0.8956352161654935,0.8146691126090204,0.8417940111241726,0.7983132862918172,0.8811383338256911,0.08282504753387387
lvl_521130626915,astar,1,0.995781568683484,0.9703082705296919,0.9911721888992127,0.995781568683484,0.989836644071566,0.9982772625811229,0.008440618509556908
lvl_521130626915,q_learning,1,0.8131181418423596,0.8433942256816787,0.9759462426821618,0.8131181418423596,0.7605629723813659,0.858900074811198,0.09833710242983207
lvl_193101753506,random,0,7.325001435470911e-10,0.0003000459593192592,0.0,7.325001435470911e-10,3.645851988017221e-11,1.3386387987641474e-08,1.3349929467761302e-08
lvl_193101753506,greedy,0,7.151080986696409e-07,0.002840922548450161,0.0,7.151080986696422e-07,3.618269668915766e-08,1.5352169721924362e-05,1.5315987025235204e-05
lvl_193101753506,astar,0,3.172403485208309e-05,0.004552514600250418,0.0,3.172403485208309e-05,1.9350357508921662e-06,0.0006290892731089896,0.0006271542373580975
lvl_193101753506,q_learning,0,5.847568909706302e-07,0.0022334935370747393,0.0,5.847568909706302e-07,2.9313813182792744e-08,1.2448488400334844e-05,1.2419174587152052e-05
lvl_736054253450,random,0,1.9825150600226889e-07,0.0005109210955029649,0.0,1.9825150600226886e-07,2.7333157493643143e-08,1.1585418093965359e-06,1.1312086519028927e-06
lvl_736054253450,greedy,0,0.00019350706533469275,0.0035565676942090653,0.0,0.0001935070653346924,3.095941551228297e-05,0.001164689278359086,0.001133729862846803
lvl_736054253450,astar,0,0.008513300349062544,0.004059950542119424,0.0,0.008513300349062544,0.0016501765727221643,0.03587233278228536,0.0342221562095632
lvl_736054253450,q_learning,0,0.00015823980568921775,0.004181800164655732,0.0,0.00015823980568921775,2.27683402404083e-05,0.0010119705292525592,0.0009892021890121508
lvl_473739882440,random,0,4.197157475235043e-08,0.000392456232745765,0.0,4.197157475235043e-08,3.973727495710758e-09,2.619334541576531e-07,2.5795972666194235e-07
lvl_473739882440,greedy,0,4.0973378913642523e-05,0.0026402807204126697,0.0,4.09733789136426e-05,4.162609936491186e-06,0.00032608659228419387,0.0003219239823477027
lvl_473739882440,astar,0,0.0018145168830985016,0.0035110582196049523,0.0,0.0018145168830985036,0.00023474558604651358,0.009096024716220827,0.008861279130174314
lvl_473739882440,q_learning,0,3.3504922591509215e-05,0.002041771122628601,0.0,3.3504922591509215e-05,3.5202550249957604e-06,0.00024968069694664445,0.0002461604419216487
lvl_506146960905,random,0,0.004564409732257155,0.001875484001666065,0.011923268718918094,0.004564409732257155,0.0023808969076214203,0.008273606322366964,0.005892709414745544
lvl_506146960905,greedy,0,0.8174006498661011,0.8596806742580662,0.39224258426631325,0.8174006498661011,0.7645552676653194,0.8656860769234209,0.10113080925810147
lvl_506146960905,astar,1,0.9949898272514831,0.9639079362763063,0.9874210112629253,0.9949898272514831,0.9873402956631002,0.9978995091654409,0.01055921350234068
lvl_506146960905,q_learning,1,0.785430334568552,0.8683040094751628,0.9870531873914039,0.785430334568552,0.7315356620440642,0.8417574182680811,0.11022175622401698
lvl_192259490403,random,0,3.266572508156436e-09,0.000683144014982992,0.0,3.266572508156436e-09,4.110991360929307e-10,2.5607543168452e-08,2.519644403235907e-08
lvl_192259490403,greedy,0,3.189005084930309e-06,0.002617322723975189,0.0,3.189005084930309e-06,4.5267424545820653e-07,2.1355021963720984e-05,2.0902347718262777e-05
lvl_192259490403,astar,0,0.00014145729441506746,0.0032246419292954755,0.0,0.00014145729441506746,2.19829495451328e-05,0.0008691224835218123,0.0008471395339766795
lvl_192259490403,q_learning,0,2.6077086011823927e-06,0.003119845636505033,0.0,2.607708601182388e-06,3.932386744336594e-07,1.939904993548385e-05,1.900581126105019e-05
lvl_432921225339,random,0,0.0017122704663295755,0.006784905617676261,0.1191452231379961,0.0017122704663295773,0.0006808708778870496,0.003559830683623526,0.0028789598057364766
lvl_432921225339,greedy,1,0.6260960579909565,0.7982482746605506,0.5409019095291949,0.6260960579909567,0.4847191790514594,0.741775797524956,0.25705661847349665
lvl_432921225339,astar,1,0.9867174429162217,0.9355317567894493,0.9549558770209192,0.9867174429162217,0.9664083438483657,0.9945524974087494,0.02814415356038369
lvl_432921225339,q_learning,0,0.5779264986705137,0.8904566387787092,0.7490209947518472,0.5779264986705138,0.42205073718497266,0.710982296492165,0.2889315593071924
lvl_152922164034,random,0,8.468671412328673e-08,0.00014498716416303488,0.0,8.468671412328673e-08,1.0862761160201643e-08,5.107203031215746e-07,4.99857541961373e-07
lvl_152922164034,greedy,0,8.266919478562871e-05,0.0033522892330855253,0.0,8.266919478562871e-05,1.3204369240545743e-05,0.0005573472594960976,0.0005441428902555518
lvl_152922164034,astar,0,0.003654431236989527,0.0042610501269616935,0.0,0.003654431236989527,0.0007081998052809039,0.019645130185763374,0.01893693038048247
lvl_152922164034,q_learning,0,6.760111314984352e-05,0.004406597090719753,0.0,6.760111314984352e-05,1.0276508017403155e-05,0.0004965712170824397,0.0004862947090650366
lvl_795531001512,random,0,3.023883566434324e-09,3.0080903166818094e-05,0.0,3.0238835664343342e-09,2.098182601819128e-10,3.351471710332945e-08,3.3304898843147534e-08
lvl_795531001512,greedy,0,2.9520796883886997e-06,0.0008627458254320674,0.0,2.9520796883886997e-06,2.567243402484026e-07,3.584744880689921e-05,3.5590724466650803e-05
lvl_795531001512,astar,0,0.00013094914693066804,0.0019194456771448535,0.004545454545454545,0.00013094914693066801,1.2652116060065208e-05,0.001515968106425991,0.0015033159903659258
lvl_795531001512,q_learning,0,2.4139702061631557e-06,0.0008906779217710228,0.0,2.4139702061631604e-06,2.029640958278472e-07,2.87574289282854e-05,2.855446483245755e-05
lvl_332020416661,random,0,0.0022964772357123775,0.003382401888724162,0.06580315439866852,0.0022964772357123753,0.0010518538863093388,0.004730816278588959,0.0036789623922796203
lvl_332020416661,greedy,1,0.6920341334067288,0.8410730452196906,0.9366086977929221,0.6920341334067286,0.5993428725134431,0.7708372414941872,0.1714943689807441
lvl_332020416661,astar,1,0.9900686069659148,0.8436972482736924,0.9719796558846834,0.9900686069659148,0.9760947778394599,0.995943657178303,0.01984887933884316
lvl_332020416661,q_learning,0,0.6475777121867261,0.006633129103904519,0.09848042723557891,0.6475777121867261,0.5440774581154575,0.7310331505428818,0.18695569242742427
lvl_440897892073,random,0,0.0025369536803330735,0.0017919696302193837,0.01096612133753399,0.002536953680333076,0.0013176841198485033,0.004956742466916304,0.0036390583470678013
lvl_440897892073,greedy,1,0.7128927390950552,0.8470703806337532,0.7272177934929798,0.7128927390950553,0.6301373130256107,0.7853947374544106,0.15525742442879986
lvl_440897892073,astar,1,0.9910036765571828,0.8969929804703659,0.9925142659018639,0.9910036765571828,0.9787095315726211,0.9962222801960099,0.017512748623388807
lvl_440897892073,q_learning,0,0.6700115809170949,0.06263688320543881,0.26684242125426755,0.670011580917095,0.5745556183656143,0.7480501396160532,0.17349452125043885
lvl_753919044363,random,0,1.8144764743957508e-09,0.00046619267574531716,0.0,1.8144764743957574e-09,1.5292710486934345e-10,2.1101340531183686e-08,2.0948413426314342e-08
lvl_753919044363,greedy,0,1.771392762091182e-06,0.0021403251339506294,0.0,1.771392762091182e-06,1.4934463031651467e-07,2.3049801525884414e-05,2.29004568955679e-05
lvl_753919044363,astar,0,7.857994056659907e-05,0.003231066874742722,0.0,7.857994056659894e-05,8.316736810755837e-06,0.000784206571718771,0.0007758898349080152
lvl_753919044363,q_learning,0,1.4485003394823375e-06,0.003025338688414247,0.0,1.44850033948234e-06,1.2211785490832643e-07,1.8400923614326266e-05,1.827880575941794e-05
lvl_021069462983,random,0,1.326122730105907e-09,0.0004249957352648426,0.0,1.3261227301059115e-09,1.0031858209826392e-10,1.8446878978241796e-08,1.8346560396143533e-08
lvl_021069462983,greedy,0,1.2946353164125032e-06,0.002616354717881736,0.0,1.2946353164125055e-06,1.0485891270033989e-07,1.699501611299242e-05,1.689015720029208e-05
lvl_021069462983,astar,0,5.74319097954013e-05,0.004058052934414846,0.0,5.74319097954013e-05,5.916311434737271e-06,0.0006076905835207106,0.0006017742720859733
lvl_021069462983,q_learning,0,1.0586469429544608e-06,0.003380094322781416,0.0,1.0586469429544646e-06,7.994346272519054e-08,1.5578976182763088e-05,1.5499032720037897e-05
lvl_596214352996,random,0,0.025607605700160817,0.003778579563829642,0.009771280848460203,0.025607605700160792,0.013535165458975252,0.04562326176980882,0.032088096310833564
lvl_596214352996,greedy,0,0.9624858615078561,0.8467111774449845,0.8993860668839707,0.9624858615078561,0.9436125654277708,0.9749521330376351,0.03133956760986423
lvl_596214352996,astar,1,0.9991222132028207,0.9278222620453507,1.0,0.9991222132028207,0.9977177417305825,0.9996592329431673,0.0019414912125848005
lvl_596214352996,q_learning,1,0.9545038439178687,0.9887308854866182,0.9902327499589895,0.9545038439178687,0.9338582774921289,0.968102408782689,0.03424413129056014
lvl_793580358819,random,0,0.015534157087243664,0.007242238499723936,0.09364613496479161,0.015534157087243664,0.006952850237707924,0.036766759325387414,0.02981390908767949
lvl_793580358819,greedy,1,0.9390416079085441,0.8305250941267873,0.8637312832439035,0.9390416079085441,0.8876468820834572,0.9675030699966845,0.07985618791322724
lvl_793580358819,astar,1,0.9985388881556349,0.8368355125172353,0.9759183501611942,0.9985388881556349,0.996271611800083,0.9994165688823452,0.0031449570822622563
lvl_793580358819,q_learning,1,0.9264524506412777,0.8377602483695032,0.9917119595542208,0.9264524506412775,0.8656511136993675,0.9594020530463961,0.0937509393470286
lvl_871212913785,random,0,1.0534995745775776e-08,0.00035128775725079374,0.0,1.0534995745775813e-08,1.3624640939097468e-09,7.947857478692946e-08,7.811611069301971e-08
lvl_871212913785,greedy,0,1.028476079206313e-05,0.0022594881516369075,0.0,1.0284760792063168e-05,1.5038224666467684e-06,7.257391803262695e-05,7.107009556598019e-05
lvl_871212913785,astar,0,0.0004560691932104957,0.003332431870351434,0.0,0.0004560691932104957,7.90234644139813e-05,0.0025579933479518337,0.0024789698835378524
lvl_871212913785,q_learning,0,8.410050518472839e-06,0.0028594674688819507,0.0,8.41005051847287e-06,1.1707778839461538e-06,5.504536828741734e-05,5.387459040347119e-05
lvl_159484146043,random,0,8.750339625130933e-09,0.00022420289381758996,0.0,8.750339625130933e-09,9.573105824957439e-10,6.720681768683608e-08,6.624950710434034e-08
lvl_159484146043,greedy,0,8.542510001960982e-06,0.002397352101620129,0.0,8.542510001960997e-06,1.0775821908433196e-06,5.92922196175795e-05,5.821463742673618e-05
lvl_159484146043,astar,0,0.0003788391347865799,0.0037636889857196798,0.0,0.0003788391347865799,5.0513743227030534e-05,0.0022809734560280165,0.002230459712800986
lvl_159484146043,q_learning,0,6.985375674514168e-06,0.00387957265132708,0.0,6.9853756745141665e-06,9.748267491347283e-07,4.670261539104693e-05,4.57277886419122e-05
lvl_897526374419,random,0,0.007373756799717091,0.008445157770108897,0.12790933430966375,0.007373756799717085,0.0025047061566995732,0.019764844011429174,0.0172601378547296
lvl_897526374419,greedy,1,0.8788195992048732,0.5764080713084867,0.6257377269213259,0.8788195992048732,0.7554701888006584,0.9449202961144498,0.18945010731379142
lvl_897526374419,astar,1,0.9969014771645993,0.7229866045443383,0.9305803885422489,0.9969014771645993,0.9906379322858395,0.9989580919645169,0.008320159678677386
lvl_897526374419,q_learning,1,0.8557044761508678,0.7868033973992349,0.9171650080970305,0.8557044761508676,0.7174429571620494,0.9261253804458749,0.20868242328382547
lvl_891387086936,random,0,0.002288283887331983,0.0022246143732584218,0.02459194453813846,0.002288283887331985,0.0010974090239956366,0.00468516720372981,0.0035877581797341736
lvl_891387086936,greedy,1,0.6912701210494966,0.8529786873233063,0.9691573089404207,0.6912701210494967,0.632568339325612,0.7430862675715232,0.11051792824591122
lvl_891387086936,astar,1,0.9900333203513291,0.8535321320649439,0.9916125467738789,0.9900333203513291,0.9764284126457342,0.9958499611225393,0.019421548476805106
lvl_891387086936,q_learning,0,0.646759706477888,0.0045360659274877166,0.04844346490256839,0.646759706477888,0.5782111777528522,0.7016786460589987,0.12346746830614641
lvl_883183929595,random,0,0.008611255820941691,0.002096870554597974,0.015820293526823008,0.008611255820941691,0.004121112063734084,0.015021123067317245,0.010900011003583161
lvl_883183929595,greedy,0,0.8945128011863607,0.8993079660245454,0.9180269908485631,0.8945128011863607,0.8694234244697577,0.9142018113533317,0.04477838688357394
lvl_883183929595,astar,1,0.9973488755612179,0.9698866103162519,0.9859990373745474,0.9973488755612179,0.9935728471235029,0.998791668905478,0.00521882178197508
lvl_883183929595,q_learning,1,0.8739618347914465,0.8482707646195817,0.8665815243483074,0.8739618347914465,0.8409864889574717,0.8960566744204815,0.05507018546300979
lvl_132496803428,random,0,1.2697491720907757e-08,6.966051731675082e-05,0.0,1.2697491720907757e-08,1.71946630125262e-09,7.90751451489941e-08,7.735567884774148e-08
lvl_132496803428,greedy,0,1.2395865432609034e-05,0.0011834089255695409,0.0,1.2395865432609034e-05,1.7190506576123655e-06,8.63842079120147e-05,8.466515725440233e-05
lvl_132496803428,astar,0,0.0005496340845116503,0.002222792083622369,0.0,0.0005496340845116507,9.044787951901079e-05,0.002681959473232998,0.0025915115937139876
lvl_132496803428,q_learning,0,1.0136346069031602e-05,0.0015697055780690642,0.0,1.0136346069031602e-05,1.4888735978533892e-06,7.170130604688652e-05,7.021243244903312e-05
lvl_663567619554,random,0,0.0021193769458571444,0.0024474006904967385,0.02998717222557045,0.002119376945857145,0.0010397225382887468,0.004302498250366629,0.0032627757120778826
lvl_663567619554,greedy,1,0.6746329144926165,0.8524839901035342,0.9734284670535153,0.6746329144926163,0.609169484586366,0.7312460453575674,0.12207656077120144
lvl_663567619554,astar,1,0.9892457508084133,0.8525353779945244,0.9927175081638243,0.9892457508084133,0.9747858075414407,0.9955233652072262,0.020737557665785444
lvl_663567619554,q_learning,0,0.6290111593844718,0.004857590980311048,0.04369627769492416,0.629011159384472,0.550660201818866,0.6889757087272103,0.13831550690834427
lvl_967972625392,random,0,0.0023212028256999672,0.001167616648881588,0.022079092321116024,0.002321202825699965,0.0011071280376868543,0.0045390650204686755,0.003431936982781821
lvl_967972625392,greedy,1,0.6943170628502421,0.8490851013128335,0.7819809775116656,0.694317062850242,0.6398579616820806,0.7468264878632322,0.1069685261811516
lvl_967972625392,astar,1,0.9901735983301045,0.8546889698646492,0.9824526104010805,0.9901735983301045,0.9770380614854204,0.9959399549785186,0.018901893493098232
lvl_967972625392,q_learning,0,0.6500235323025294,0.004145718128043772,0.061206771867633694,0.6500235323025295,0.5828067823647936,0.7049812877553823,0.12217450539058872
lvl_720995743782,random,0,6.595383528780192e-08,0.00023372156347236156,0.0,6.595383528780191e-08,8.938290627522789e-09,3.903062447084782e-07,3.813679540809554e-07
lvl_720995743782,greedy,0,6.438377161459905e-05,0.0040242238573474755,0.0,6.438377161459893e-05,8.85958664520328e-06,0.00044354468361942824,0.00043468509697422496
lvl_720995743782,astar,0,0.002848365854664881,0.004560139540710959,0.0,0.0028483658546648804,0.0005283189068073261,0.014675683527732006,0.014147364620924679
lvl_720995743782,q_learning,0,5.264839138696572e-05,0.004357248522650199,0.0,5.264839138696573e-05,7.111394112779618e-06,0.00035409904528632203,0.00034698765117354243
lvl_018357078012,random,0,1.683777383389954e-08,0.0003667444102747844,0.0,1.6837773833899604e-08,1.8853851229233444e-09,1.0717978004155808e-07,1.0529439491863474e-07
lvl_018357078012,greedy,0,1.6437729628662347e-05,0.0021183526592809224,0.0,1.6437729628662347e-05,2.3625829781866377e-06,0.00011274119817443187,0.00011037861519624523
lvl_018357078012,astar,0,0.0007287231475643263,0.0027940718442509087,0.0,0.0007287231475643271,0.0001321148706222645,0.003742537735188224,0.0036104228645659595
lvl_018357078012,q_learning,0,1.3441468832422843e-05,0.0027967239408596425,0.0,1.3441468832422866e-05,1.8765756352830394e-06,0.00010254935630084124,0.0001006727806655582
lvl_962875094686,random,0,2.237970413002715e-09,0.0010727768066078427,0.0,2.237970413002723e-09,1.5499260137763987e-10,2.552570057849299e-08,2.537070797711535e-08
lvl_962875094686,greedy,0,2.1848301755266695e-06,0.002989505641425904,0.0,2.1848301755266695e-06,1.7775998156643553e-07,2.8165586522185663e-05,2.7987826540619227e-05
lvl_962875094686,astar,0,9.691851028818094e-05,0.0037853331816622973,0.0,9.691851028818094e-05,8.253470021565131e-06,0.001038535094123554,0.0010302816241019887
lvl_962875094686,q_learning,0,1.7865758273317018e-06,0.0036062788354805767,0.0,1.7865758273317047e-06,1.3666331571092229e-07,2.6249242855815084e-05,2.6112579540104163e-05
lvl_589304831440,random,0,0.030868239619784087,0.00404297124913044,0.009854331045531413,0.030868239619784087,0.015881778970264916,0.05682958982600526,0.04094781085574034
lvl_589304831440,greedy,0,0.9688426912162893,0.8510356955834798,0.8471659114554582,0.9688426912162893,0.9500053037931563,0.9814926716396054,0.03148736784644912
lvl_589304831440,astar,1,0.9992756277957707,0.910242467511376,0.992868494895879,0.9992756277957707,0.9981745859739594,0.9997164092184933,0.0015418232445338909
lvl_589304831440,q_learning,1,0.9621600632122757,0.9851370872454686,0.9938974391378579,0.9621600632122757,0.9422293333203158,0.9765049670420695,0.034275633721753684
lvl_318691636767,random,0,9.155104684715425e-08,0.0002886016560352064,0.0,9.155104684715425e-08,1.2380240749370296e-08,6.480051941503606e-07,6.356249534009903e-07
lvl_318691636767,greedy,0,8.93693980287739e-05,0.0032490727848619593,0.0,8.936939802877406e-05,1.3622576576125615e-05,0.0005655784145845651,0.0005519558380084395
lvl_318691636767,astar,0,0.003949473511499069,0.0036836816219374346,0.0,0.003949473511499062,0.0007912221769624428,0.020758051113710894,0.019966828936748452
lvl_318691636767,q_learning,0,7.308016223779904e-05,0.0032500653606320857,0.0,7.308016223779904e-05,1.174014880238781e-05,0.00047527346196101476,0.00046353331315862693
lvl_575689078403,random,0,0.008036293068669764,0.0017571545427878651,0.01968263530117037,0.008036293068669764,0.003736742005308451,0.015091962326631013,0.011355220321322562
lvl_575689078403,greedy,0,0.8877545762833031,0.8841700972662817,0.9265738426472053,0.8877545762833031,0.8521676003142227,0.9183682679691043,0.06620066765488164
lvl_575689078403,astar,1,0.9971580950126974,0.9684446597924878,0.9981737642178254,0.9971580950126974,0.9932437759295819,0.9987760098092096,0.005532233879627646
lvl_575689078403,q_learning,1,0.8660840866482371,0.8509432398933094,0.9931897770066359,0.8660840866482371,0.8238434626842268,0.8971155115060359,0.07327204882180904
lvl_598985278025,random,0,3.5805680659544415e-08,0.00021464742757239212,0.0,3.580568065954441e-08,4.569801878072153e-09,2.477699656076204e-07,2.432001637295482e-07
lvl_598985278025,greedy,0,3.495433638866228e-05,0.002313638646612484,0.0,3.495433638866221e-05,5.0956180642687e-06,0.00021693480236203134,0.00021183918429776264
lvl_598985278025,astar,0,0.0015483654198708736,0.0037903425282300425,0.0,0.0015483654198708736,0.0002483714436255873,0.00817377570725644,0.007925404263630854
lvl_598985278025,q_learning,0,2.8582974630093308e-05,0.0036153014157937345,0.0,2.8582974630093308e-05,4.460096668894472e-06,0.00017271169636729115,0.00016825159969839667
lvl_542678224601,random,0,0.005260631175910858,0.0016133803491846913,0.010108199083397414,0.005260631175910854,0.0026558493447115827,0.010578065772909602,0.00792221642819802
lvl_542678224601,greedy,0,0.8377384537542508,0.8434893836490064,0.6299074922805673,0.8377384537542507,0.7942732316685747,0.8811746627031469,0.08690143103457226
lvl_542678224601,astar,1,0.9956530464724976,0.9656767080085061,0.9934733305163961,0.9956530464724976,0.9900447754626404,0.9982284482870152,0.008183672824374821
lvl_542678224601,q_learning,1,0.8084947201050621,0.9137448130065198,0.9959962085927622,0.8084947201050618,0.7549307364830015,0.8519778306019697,0.09704709411896828
lvl_978619752557,random,0,5.193502570520765e-09,8.631514640748381e-05,0.0,5.193502570520783e-09,3.09938260165148e-10,6.027316770235043e-08,5.996322944218528e-08
lvl_978619752557,greedy,0,5.070169096326964e-06,0.0018759277259014714,0.0,5.070169096326974e-06,3.661520232598168e-07,6.326182107199158e-05,6.289566904873177e-05
lvl_978619752557,astar,0,0.00022488327549464996,0.0037542670863048707,0.0,0.00022488327549465036,1.8093422359596737e-05,0.00269110309710309,0.0026730096747434933
lvl_978619752557,q_learning,0,4.1459727230016865e-06,0.00289175937816187,0.0,4.145972723001694e-06,3.112817555733076e-07,4.8196939630629235e-05,4.7885657875055925e-05
lvl_307817678884,random,0,2.5067319998797436e-08,0.0009519754827825747,0.0,2.5067319998797436e-08,3.6239291816762356e-09,1.5001223515755036e-07,1.4638830597587412e-07
lvl_307817678884,greedy,0,2.4471555784035212e-05,0.0025876978470517225,0.0,2.4471555784035256e-05,4.032230852970588e-06,0.00016711489688816036,0.00016308266603518978
lvl_307817678884,astar,0,0.0010845039744905595,0.0031426510583483203,0.0,0.0010845039744905595,0.00019201430530729315,0.005217240868006465,0.005025226562699172
lvl_307817678884,q_learning,0,2.0010922644575947e-05,0.003113790416007952,0.0,2.0010922644575947e-05,3.2824176067404248e-06,0.00015112741478711007,0.00014784499718036964
lvl_240264299017,random,0,0.0400856577084926,0.004746127842377131,0.03051526854827252,0.04008565770849263,0.02012258143756634,0.07498129103128387,0.054858709593717525
lvl_240264299017,greedy,1,0.9760583027680731,0.8491594364124482,0.8917991021699769,0.9760583027680731,0.9609138973594635,0.9865082236575563,0.025594326298092773
lvl_240264299017,astar,1,0.9994474024833887,0.8904628205285857,0.9992867915370411,0.9994474024833887,0.9984468932422839,0.9997943547356065,0.0013474614933226547
lvl_240264299017,q_learning,1,0.970876760307036,0.982540019808872,0.9900000021889496,0.970876760307036,0.9535443948888944,0.9830395568962667,0.029495162007372233
lvl_989544869255,random,0,1.3533879081820355e-08,0.0002100488574449558,0.0,1.3533879081820306e-08,1.1946845320714147e-09,1.4916322696736229e-07,1.4796854243529087e-07
lvl_989544869255,greedy,0,1.3212373807733654e-05,0.0025529823988597084,0.0,1.3212373807733654e-05,1.3194670275980755e-06,0.00015638145677675323,0.00015506198974915515
lvl_989544869255,astar,0,0.0005858174279117176,0.003761162571676481,0.0,0.0005858174279117171,7.028901803689337e-05,0.005782452683713589,0.005712163665676695
lvl_989544869255,q_learning,0,1.0804022838861663e-05,0.004585622933066034,0.0,1.0804022838861663e-05,1.2016991233986639e-06,0.0001374802374492924,0.00013627853832589372
lvl_368597626376,random,0,1.4029136473304967e-07,0.000138890252958358,0.0,1.4029136473305018e-07,1.977582796131631e-08,7.487228095009501e-07,7.289469815396338e-07
lvl_368597626376,greedy,0,0.00013694173200723094,0.002684592215870556,0.0,0.0001369417320072312,2.3178972235846583e-05,0.0007261040389866237,0.0007029250667507771
lvl_368597626376,astar,0,0.006039411852693346,0.0033205170919400093,0.0,0.006039411852693346,0.0012073430394355447,0.02785074916109691,0.026643406121661366
lvl_368597626376,q_learning,0,0.0001119825241958682,0.0034670705186737524,0.0,0.0001119825241958684,1.803439451837147e-05,0.0006468377062124577,0.0006288033116940863
lvl_225008839325,random,0,6.661586554078769e-08,0.0013668725722495582,0.0,6.661586554078769e-08,8.072840996604005e-09,4.69483150659514e-07,4.6141030966291e-07
lvl_225008839325,greedy,0,6.502999992602968e-05,0.0049103063641497404,0.0,6.50299999260298e-05,8.555724999417738e-06,0.00041740429980413634,0.0004088485748047186
lvl_225008839325,astar,0,0.0028768748799381776,0.004734563240744725,0.0,0.0028768748799381724,0.0005369953594522006,0.016167498208488895,0.015630502849036696
lvl_225008839325,q_learning,0,5.3176836420820104e-05,0.004388544139658702,0.0,5.3176836420820104e-05,7.691170671883742e-06,0.0003207855166422714,0.0003130943459703877
lvl_390183983013,random,0,2.0948339468450332e-10,0.0005175405262008902,0.0,2.0948339468450407e-10,9.579515085987362e-12,3.807249040034632e-09,3.797669524948645e-09
lvl_390183983013,greedy,0,2.0450965068935898e-07,0.0047647871912369355,0.004545454545454545,2.0450965068935898e-07,1.0367992316402167e-08,4.1192386623076705e-06,4.108870669991268e-06
lvl_390183983013,astar,0,9.072775079004156e-06,0.004870802463203865,0.001823238566131026,9.072775079004156e-06,6.415956230357869e-07,0.00021032284016181762,0.00020968124453878183
lvl_390183983013,q_learning,0,1.6723124322411915e-07,0.0006537162349493768,0.0013030035335689048,1.6723124322411976e-07,8.081340236619357e-09,3.4280885761438905e-06,3.420007235907271e-06
lvl_789312090768,random,0,0.022183457250900263,0.004766966625451919,0.030746854319837338,0.022183457250900263,0.011461538176650738,0.042049451007062234,0.0305879128304115
lvl_789312090768,greedy,1,0.9567998785056421,0.8535195009676619,0.6990198074284556,0.9567998785056421,0.9358839346699966,0.9739949836078835,0.03811104893788686
lvl_789312090768,astar,1,0.9989833021695891,0.9318123594872897,0.9926820558064989,0.9989833021695891,0.9975490903071916,0.9996174129165553,0.0020683226093636264
lvl_789312090768,q_learning,1,0.9476738070089591,0.9873468026103998,0.9879000350679595,0.9476738070089591,0.9201647849859792,0.9683862854077974,0.048221500421818164
lvl_562111311291,random,0,5.1581624237483134e-08,0.0003505190252682194,0.0,5.1581624237483134e-08,7.545912541309132e-09,3.1903215654681753e-07,3.114862440055084e-07
lvl_562111311291,greedy,0,5.035440390989973e-05,0.0031241356777635173,0.0,5.035440390989981e-05,9.328304762200794e-06,0.00028412227249205674,0.00027479396772985595
lvl_562111311291,astar,0,0.0022290528806728077,0.003235191390687496,0.0,0.0022290528806728077,0.0004641175065656318,0.011704024066594806,0.011239906560029175
lvl_562111311291,q_learning,0,4.1176083956522046e-05,0.002869937831029406,0.0,4.1176083956522046e-05,7.186416406726627e-06,0.00022945549520893394,0.0002222690788022073
lvl_995085184844,random,0,0.007796214989672673,0.001477568468020659,0.0271752095166336,0.007796214989672673,0.003661493468659544,0.015027237404591744,0.0113657439359322
lvl_995085184844,greedy,1,0.8846719291908288,0.857744394972387,0.7033137895893098,0.8846719291908288,0.8420260292556403,0.921287948684349,0.07926191942870875
lvl_995085184844,astar,1,0.997070130362902,0.9643754833855159,0.9825745782443978,0.997070130362902,0.9928601159608681,0.9988326353413903,0.005972519380522234
lvl_995085184844,q_learning,1,0.8624984734275941,0.8557475471177146,0.9828046716483548,0.8624984734275941,0.8160790010739036,0.9019945421460986,0.08591554107219501
lvl_238136025471,random,0,0.0050701281611950704,0.002118280842574549,0.015615013942954408,0.0050701281611950704,0.002594993863707466,0.009879985240470292,0.007284991376762826
lvl_238136025471,greedy,0,0.8326352371116749,0.874098002673153,0.5447847526957831,0.8326352371116748,0.7757952242221244,0.883960520214071,0.10816529599194658
lvl_238136025471,astar,1,0.9954895925563253,0.9659824702186789,0.992301504845763,0.9954895925563253,0.9893377643642646,0.998094070598084,0.0087563062338194
lvl_238136025471,q_learning,1,0.802688395048931,0.8515133067452682,0.9908351645390527,0.802688395048931,0.7419431029504493,0.860823532889158,0.11888042993870873
lvl_993079153387,random,0,4.032191221694519e-08,0.000549262896674954,0.0,4.0321912216945335e-08,4.887678127843062e-09,2.8305203847503314e-07,2.7816436034719005e-07
lvl_993079153387,greedy,0,3.936301307360927e-05,0.003477190137456068,0.0,3.936301307360927e-05,6.48044268175095e-06,0.0002552815752972833,0.0002488011326155323
lvl_993079153387,astar,0,0.0017433229309808214,0.0034338830811593973,0.0,0.0017433229309808196,0.0003341316967729582,0.01083115695120328,0.010497025254430322
lvl_993079153387,q_learning,0,3.2188078060131456e-05,0.0030176924010039278,0.0,3.218807806013152e-05,5.570806951442637e-06,0.0002093470669329835,0.00020377625998154085
lvl_994694158831,random,0,0.009018249737464996,0.0034303412505374293,0.01718835091889265,0.009018249737464996,0.00447651178463433,0.015887922442847098,0.01141141065821277
lvl_994694158831,greedy,1,0.8988289707511968,0.9183219851290083,0.9042695625155902,0.8988289707511966,0.8708114831301429,0.9199429471198886,0.04913146398974566
lvl_994694158831,astar,1,0.9974692547209291,0.968420298555429,0.9977224214563545,0.9974692547209291,0.9938921185640388,0.9989405882616588,0.005048469697619962
lvl_994694158831,q_learning,1,0.8790051389684362,0.8482391278408028,0.972460321755612,0.8790051389684362,0.8477251569427805,0.9052969459289915,0.05757178898621096
lvl_511171726564,random,0,0.011048531304467476,0.0017962202175359654,0.03782428829996752,0.011048531304467476,0.005338168548053371,0.02042147263882348,0.015083304090770109
lvl_511171726564,greedy,1,0.9160137607997723,0.8819745442066751,0.9370516139249094,0.9160137607997723,0.8887490395120667,0.9369802041115846,0.04823116459951782
lvl_511171726564,astar,1,0.9979375695099902,0.9686357747633845,0.9947560008846011,0.9979375695099902,0.995205753335761,0.9990936549644318,0.003887901628670809
lvl_511171726564,q_learning,1,0.8991794809014065,0.8555614382163991,0.9931093299739886,0.8991794809014065,0.8658267644765154,0.9244039881071309,0.05857722363061546
lvl_772829651833,random,0,0.003163133689379906,0.0019488469949210181,0.019942778165552892,0.003163133689379906,0.0014149613573778204,0.006683277299705935,0.005268315942328115
lvl_772829651833,greedy,1,0.7559684740713812,0.851538606932088,0.899078762465477,0.7559684740713812,0.6656048719080138,0.8387765579936752,0.17317168608566147
lvl_772829651833,astar,1,0.9927762378877711,0.849321139036373,0.9720338337401748,0.9927762378877711,0.9817284485291193,0.9971133537476247,0.01538490521850533
lvl_772829651833,q_learning,0,0.7169666506145226,0.0048958242273425285,0.09613716348042853,0.7169666506145225,0.6181200747522138,0.7961302768606715,0.17801020210845775
lvl_662676072030,random,0,5.7490878063643175e-09,0.0003955031609735493,0.0,5.7490878063643175e-09,4.650039216407405e-10,7.304568851808468e-08,7.258068459644394e-08
lvl_662676072030,greedy,0,5.612557448122147e-06,0.0032437963396340177,0.0,5.612557448122137e-06,4.905822827351438e-07,7.49538167184726e-05,7.446323443573745e-05
lvl_662676072030,astar,0,0.00024893462125378336,0.0036181256078008724,0.0,0.00024893462125378336,2.6232035615029547e-05,0.002552044372435268,0.002525812336820238
lvl_662676072030,q_learning,0,4.589494343227047e-06,0.000857890481581351,0.0,4.589494343227047e-06,4.065372777035338e-07,5.837308950111004e-05,5.796655222340651e-05
lvl_729116553644,random,0,5.623576090946458e-09,0.0017356992954011723,0.0,5.623576090946478e-09,4.6205405321289623e-10,7.54124463888796e-08,7.495039233566671e-08
lvl_729116553644,greedy,0,5.490027079222119e-06,0.0033768467004076904,0.0,5.490027079222119e-06,4.2376195342893814e-07,8.759148626846414e-05,8.716772431503521e-05
lvl_729116553644,astar,0,0.0002435013065155296,0.004227455710679174,0.0,0.0002435013065155296,1.899755047936265e-05,0.002806864927031027,0.0027878673765516643
lvl_729116553644,q_learning,0,4.489298843599083e-06,0.004327843206682331,0.0,4.489298843599091e-06,3.454148631172761e-07,7.443622303333639e-05,7.409080817021912e-05
lvl_569204157243,random,0,0.03130873404280362,0.0043331547012167276,0.010767893603504174,0.031308734042803606,0.015694656561047734,0.05652744375947863,0.04083278719843089
lvl_569204157243,greedy,1,0.9692811227406076,0.8517301161949329,0.9221810599056262,0.9692811227406074,0.9494877248257712,0.9819108588850072,0.032423134059236025
lvl_569204157243,astar,1,0.9992861363681473,0.9167635581812672,0.9988675805490307,0.9992861363681473,0.9979510253085876,0.9997171022539092,0.001766076945321604
lvl_569204157243,q_learning,1,0.9626889082707587,0.984348856793253,0.9958129750224505,0.9626889082707587,0.9417593416705404,0.9773197479845074,0.03556040631396695
lvl_908366061839,random,0,9.426513294862898e-08,0.00030615168716688335,0.0,9.426513294862931e-08,1.2101820396631109e-08,5.856585140536044e-07,5.735566936569733e-07
lvl_908366061839,greedy,0,9.201856428765275e-05,0.004472180823188181,0.0,9.201856428765275e-05,1.3797676947497581e-05,0.0006475987705475568,0.0006338010936000593
lvl_908366061839,astar,0,0.004066081975829888,0.0046383803148246005,0.0,0.004066081975829896,0.0007350508521680729,0.024638197312517016,0.023903146460348943
lvl_908366061839,q_learning,0,7.524650498664547e-05,0.004182036242922102,0.0,7.52465049866456e-05,1.1039934842607873e-05,0.0005136166489666827,0.0005025767141240749
lvl_928407636292,random,0,0.007508864125381666,0.0016835627133625544,0.007479809476126116,0.007508864125381666,0.0037270389684388654,0.013046262089723391,0.009319223121284526
lvl_928407636292,greedy,1,0.8807542653792141,0.8820013246457339,0.811210850820855,0.8807542653792141,0.8515390107308498,0.9042993271448889,0.05276031641403911
lvl_928407636292,astar,1,0.9969574722914486,0.9679815424042617,0.9951386865750517,0.9969574722914486,0.9927752284947133,0.9987035455176257,0.0059283170229124105
lvl_928407636292,q_learning,1,0.8579485285406903,0.8524705707033128,0.9812252766410424,0.8579485285406903,0.8243173788268654,0.8840410058410062,0.0597236270141408
lvl_675303587942,random,0,0.002291106347235661,0.0027388248226665668,0.026898433513134087,0.002291106347235661,0.0010798639407910888,0.004671008708027634,0.0035911447672365452
lvl_675303587942,greedy,1,0.6915337356707337,0.849136964980984,0.978258993517931,0.6915337356707336,0.6189846119591043,0.7556626351654346,0.13667802320633038
lvl_675303587942,astar,1,0.9900455041612672,0.8505851029427581,0.9929447474516105,0.9900455041612672,0.9766582575495129,0.9959409118370238,0.01928265428751097
lvl_675303587942,q_learning,0,0.6470419214930834,0.005417411557475915,0.036099914747095105,0.6470419214930834,0.5573344867894809,0.7156152666209085,0.15828077983142752
lvl_271000347031,random,0,0.01857427308295108,0.004602861080523251,0.022149296048419392,0.018574273082951065,0.008240472543086566,0.03557452541774805,0.02733405287466148
lvl_271000347031,greedy,1,0.9486559576667052,0.8483349060573895,0.7001655594863555,0.948655957666705,0.9173686158692657,0.9687537542727824,0.05138513840351677
lvl_271000347031,astar,1,0.9987815109672865,0.9206080454434334,0.9923084635771623,0.9987815109672865,0.9968636619713136,0.9994685243444849,0.0026048623731712572
lvl_271000347031,q_learning,1,0.9379210976819583,0.9732417320597627,0.9922253765583293,0.9379210976819581,0.9003976220452102,0.9630244924266863,0.06262687038147607
lvl_525712951610,random,0,0.002354826681874994,0.0034977366895193184,0.06921618949315367,0.0023548266818749918,0.0010846016816862787,0.004762892676413704,0.0036782909947274253
lvl_525712951610,greedy,1,0.6973679843376392,0.8409538160447141,0.9318002102798352,0.697367984337639,0.6107747566709743,0.7688275321452548,0.15805277547428054
lvl_525712951610,astar,1,0.9903128706355386,0.8432579322513676,0.97174289774554,0.9903128706355386,0.9768710592352673,0.9959677142067107,0.019096654971443416
lvl_525712951610,q_learning,0,0.6532957826825082,0.006747816194665335,0.09627117456094365,0.6532957826825079,0.5527866520029779,0.7333153678833262,0.18052871588034825
lvl_092272223300,random,0,0.0024991808571432853,0.0011824031554658625,0.006630561741252825,0.002499180857143285,0.0011889123886397281,0.004992011661693154,0.0038030992730534252
lvl_092272223300,greedy,0,0.7098048047652018,0.8494541671361148,0.6846595255304591,0.7098048047652018,0.6512471352744138,0.7630914523317923,0.11184431705737852
lvl_092272223300,astar,1,0.990868604325875,0.8818886784155682,0.987292140845033,0.990868604325875,0.9783361197335171,0.9960375583278325,0.01770143859431539
lvl_092272223300,q_learning,0,0.6666780857989464,0.018164752992571274,0.07972976017025782,0.6666780857989463,0.5927064161349902,0.7238622967058944,0.13115588057090422
lvl_215097314078,random,0,0.01829677774242508,0.004987514886616697,0.023653920911281,0.018296777742425073,0.009651114476438204,0.03479306371354894,0.025141949237110738
lvl_215097314078,greedy,1,0.9479038535065034,0.8537338478114659,0.8101108381737605,0.9479038535065032,0.9218124346350784,0.9671131985021433,0.04530076386706483
lvl_215097314078,astar,1,0.998762704484294,0.9237060592533406,0.9886379709315264,0.998762704484294,0.9966832497436094,0.9994999215137996,0.0028166717701901822
lvl_215097314078,q_learning,1,0.9370221849187997,0.9842287978773322,0.9862069108759034,0.9370221849187997,0.9063096854598685,0.9588143530621858,0.05250466760231731
lvl_452486528474,random,0,0.023270425091138875,0.003738202690453232,0.020386343428924276,0.023270425091138865,0.011515818506137275,0.04246561716053184,0.030949798654394567
lvl_452486528474,greedy,1,0.9587784795929097,0.8436717708871305,0.7905097490279116,0.9587784795929097,0.9345720871327674,0.9736338841553964,0.03906179702262902
lvl_452486528474,astar,1,0.9990318227756401,0.9141622513041359,0.9964659427271867,0.9990318227756401,0.9975779409635229,0.9996127669528511,0.0020348259893281373
lvl_452486528474,q_learning,1,0.9500485682065997,0.9763297077993186,0.9950884335434801,0.9500485682065997,0.9252867998380995,0.9671257810049436,0.04183898116684415
lvl_649701672952,random,0,0.023243954301185456,0.005145857687770901,0.07310729075637758,0.02324395430118545,0.007234941043411588,0.06297067333034204,0.05573573228693045
lvl_649701672952,greedy,1,0.9587324004957045,0.825751071031187,0.760369058225682,0.9587324004957045,0.9022981130297272,0.9827536406540138,0.08045552762428665
lvl_649701672952,astar,1,0.9990306950167875,0.8672592505562577,0.9486734627236353,0.9990306950167875,0.9967838461033325,0.9996514388584932,0.002867592755160686
lvl_649701672952,q_learning,1,0.9499932394377318,0.9090755523870907,0.9614485424012326,0.9499932394377318,0.8731896707482624,0.9775564873061724,0.10436681655791002
lvl_019384188537,random,0,1.6816227202893438e-08,0.00024114310150684945,0.0,1.6816227202893438e-08,1.3822701856682977e-09,1.6361644827993694e-07,1.6223417809426863e-07
lvl_019384188537,greedy,0,1.641669526331751e-05,0.0040862688192913575,0.0,1.6416695263317483e-05,1.4665694122173576e-06,0.00017970147670158518,0.00017823490728936784
lvl_019384188537,astar,0,0.0007277913081330183,0.004711519239302554,0.0,0.0007277913081330177,8.294637991136783e-05,0.007579369120018414,0.007496422740107047
lvl_019384188537,q_learning,0,1.3424268548767492e-05,0.003965802791252379,0.0,1.3424268548767492e-05,1.1984366586710646e-06,0.00014109353902960658,0.00013989510237093553
lvl_843095308907,random,0,0.009620576993630907,0.003215801947789354,0.005032041667381872,0.009620576993630907,0.004901494148213652,0.01704520646320239,0.012143712314988737
lvl_843095308907,greedy,0,0.9046110467395714,0.91658664326871,0.9812465800830527,0.9046110467395714,0.879146254755224,0.9255925332043599,0.04644627844913585
lvl_843095308907,astar,1,0.997628762966071,0.9690622793933479,0.9976565002254935,0.997628762966071,0.994392409526892,0.999010622689543,0.004618213162650986
lvl_843095308907,q_learning,1,0.8857761991123879,0.8490100398604613,0.9707582228861953,0.8857761991123878,0.8532668063598714,0.9103849002214235,0.05711809386155209
lvl_170886855025,random,0,0.006639131686518445,0.0015864575992675365,0.019958031812507392,0.006639131686518452,0.0031430811080703056,0.011676799688333822,0.008533718580263517
lvl_170886855025,greedy,1,0.8671064537093415,0.8613363843945483,0.8339030097917378,0.8671064537093415,0.8245396219652869,0.8978891904068003,0.07334956844151341
lvl_170886855025,astar,1,0.9965572654111655,0.964510542525384,0.995334887922509,0.9965572654111655,0.9911532294930032,0.9985327433628913,0.00737951386988811
lvl_170886855025,q_learning,1,0.8421583427173658,0.8560463533837738,0.9873985303148199,0.8421583427173658,0.7926726198069419,0.8838072974886001,0.09113467768165817
lvl_527902163135,random,0,2.1495895982295897e-10,0.0014359793030761562,0.002732324791602348,2.1495895982295897e-10,9.590294815103555e-12,3.9976541671744055e-09,3.988063872359302e-09
lvl_527902163135,greedy,0,2.098552088932563e-07,0.010456539264370623,0.011521511355141562,2.0985520889325634e-07,1.0548434797532526e-08,4.751046243782545e-06,4.740497808985012e-06
lvl_527902163135,astar,0,9.309920884826031e-06,0.00968620462762274,0.010914147657040116,9.309920884826031e-06,6.809667874499824e-07,0.0002101742515679083,0.00020949328478045832
lvl_527902163135,q_learning,0,1.7160240309529018e-07,0.0014217944825647441,0.002732324791602348,1.7160240309529018e-07,8.514056876516608e-09,3.5896658892359312e-06,3.5811518323594146e-06
lvl_586397938600,random,0,0.0021859174071862694,0.0016792206097268466,0.020229297861098835,0.0021859174071862694,0.0010008837893333141,0.004914197051254365,0.003913313261921051
lvl_586397938600,greedy,0,0.6813960281236117,0.8355595307903916,0.6808267321308944,0.6813960281236118,0.5787869442257962,0.7782004455117667,0.19941350128597046
lvl_586397938600,astar,1,0.9895703894829888,0.8908821484128789,0.9937220370717075,0.9895703894829888,0.9733024920848797,0.9959383294239742,0.022635837339094467
lvl_586397938600,q_learning,0,0.6362112113962134,0.057757116188747994,0.4241693387175006,0.6362112113962133,0.5273992518425995,0.7368492937862391,0.2094500419436396
lvl_723139253810,random,0,0.0413197991403535,0.004483673009906948,0.01598648262493072,0.04131979914035346,0.01882060107855987,0.08191606361364409,0.06309546253508422
lvl_723139253810,greedy,1,0.9767859629226998,0.8509159971781585,0.9992308431304466,0.9767859629226998,0.9622660073697311,0.9858760508197297,0.02361004344999862
lvl_723139253810,astar,1,0.9994645875250775,0.8887845292504251,0.9959169002474038,0.9994645875250775,0.9985945535626091,0.9997996661160101,0.0012051125534010554
lvl_723139253810,q_learning,1,0.9717573462881104,0.9845133515245981,0.9956737824200325,0.9717573462881104,0.9544465326816666,0.9831898315563046,0.028743298874638
lvl_224611008442,random,0,0.029872830054929862,0.004023517823515458,0.011100504999902174,0.029872830054929862,0.013469977333056373,0.06188582926882738,0.048415851935771005
lvl_224611008442,greedy,1,0.9678059011699791,0.8442190853773832,0.7885081149971914,0.9678059011699791,0.9405672051395503,0.9831891608448056,0.04262195570525529
lvl_224611008442,astar,1,0.9992507404334373,0.915957717781911,0.9934577507850249,0.9992507404334373,0.9979762379891608,0.9997165955642343,0.0017403575750735145
lvl_224611008442,q_learning,1,0.9609098742126143,0.9768917208701826,0.9964787010281974,0.9609098742126143,0.9315552200977801,0.9785208479918592,0.0469656278940791
lvl_272716265991,random,0,0.002583029645047471,0.001858775158642232,0.02773541122967015,0.002583029645047471,0.0012653706778083477,0.0051696565735563915,0.003904285895748044
lvl_272716265991,greedy,1,0.7165719289444246,0.8506995684544266,0.8154529493111639,0.7165719289444246,0.6344363527983932,0.7901473676412372,0.155711014842844
lvl_272716265991,astar,1,0.9911631390081433,0.8499146072952234,0.9789224418507323,0.9911631390081433,0.9790205123521721,0.9965264293276388,0.017505916975466662
lvl_272716265991,q_learning,0,0.6739889851266022,0.005010346624099779,0.24308594021703825,0.6739889851266022,0.5909800098844505,0.7534893902344953,0.1625093803500448
lvl_350214504494,random,0,1.5867158579199626e-09,0.000725956412239129,0.0,1.5867158579199626e-09,1.0235556445715379e-10,2.2905779745344348e-08,2.2803424180887193e-08
lvl_350214504494,greedy,0,1.5490405360457434e-06,0.002922408126597839,0.0,1.5490405360457432e-06,1.0806936102957556e-07,2.0732010293506672e-05,2.0623940932477098e-05
lvl_350214504494,astar,0,6.871693813509725e-05,0.004507685276416609,0.0,6.871693813509737e-05,5.4221949159208525e-06,0.000829211642995867,0.0008237894480799461
lvl_350214504494,q_learning,0,1.2666787961484413e-06,0.004948111424915408,0.0,1.2666787961484434e-06,8.918398662580915e-08,1.793245838867918e-05,1.784327440205337e-05
lvl_282080059745,random,0,0.0379717986022105,0.004591887296956609,0.024253727295182284,0.03797179860221046,0.01772680065727545,0.07335926867542752,0.055632468018152074
lvl_282080059745,greedy,1,0.974704951623631,0.8537828513295124,0.9829443653718657,0.974704951623631,0.9584600978169088,0.9855704809836693,0.02711038316676051
lvl_282080059745,astar,1,0.999415373928606,0.8959456798942665,0.9959533421502106,0.999415373928606,0.9984660002826199,0.9997715578237025,0.0013055575410826359
lvl_282080059745,q_learning,1,0.9692397429426077,0.9849102422270031,0.9947569177939127,0.9692397429426077,0.949749575769551,0.981767058350311,0.03201748258075998
lvl_697757074440,random,0,0.025876091436457457,0.00383567483140481,0.011741092279201747,0.025876091436457433,0.013214101014437606,0.047515768686183554,0.034301667671745945
lvl_697757074440,greedy,0,0.9628704989108349,0.8481809478684589,0.8197462959523125,0.9628704989108349,0.9391552298068009,0.9762464059716923,0.03709117616489144
lvl_697757074440,astar,1,0.9991315522027903,0.9183670239172775,0.9960672150926083,0.9991315522027903,0.9978004090976391,0.9996552754545731,0.001854866356933993
lvl_697757074440,q_learning,1,0.9549664927757746,0.9785237541575086,0.9898736600083897,0.9549664927757746,0.9295768921919448,0.9710573127935561,0.04148042060161128
lvl_383241322887,random,0,0.02536001788881133,0.005246128279933863,0.08560044966885152,0.02536001788881133,0.009465165664797388,0.053979349941806865,0.044514184277009476
lvl_383241322887,greedy,0,0.9621242252662965,0.848511192177271,0.8213907696020315,0.9621242252662965,0.9268907286681868,0.9796138602261155,0.05272313155792874
lvl_383241322887,astar,1,0.9991134260200611,0.8604855402534507,0.9716802318549409,0.9991134260200611,0.997760399385771,0.9996459013385073,0.0018855019527362904
lvl_383241322887,q_learning,1,0.9540689330309654,0.9018573117988393,0.9881901692329614,0.9540689330309654,0.9082769213624289,0.9739668910273305,0.06568996966490159
lvl_309914551867,random,0,3.9974369506262056e-08,0.000352251453186653,0.0,3.9974369506262056e-08,3.2605849229739835e-09,3.548022417516771e-07,3.515416568287031e-07
lvl_309914551867,greedy,0,3.902374853476969e-05,0.006376240211701478,0.0,3.902374853476969e-05,3.2425805756392266e-06,0.00044487888563481576,0.0004416363050591765
lvl_309914551867,astar,0,0.0017283228475738573,0.0068518304306499035,0.0,0.001728322847573859,0.00020033028922372117,0.015747541327208976,0.015547211037985254
lvl_309914551867,q_learning,0,3.19106513519987e-05,0.006180125078647542,0.0,3.1910651351998695e-05,2.6501271054617115e-06,0.00037669237687968943,0.0003740422497742277
lvl_433192648155,random,0,0.010659149405871865,0.004555663408428184,0.01691942026667234,0.010659149405871865,0.005352957773418103,0.01924122589576342,0.013888268122345317
lvl_433192648155,greedy,1,0.9131807832869557,0.925636139897903,0.978528896100824,0.9131807832869557,0.8845490865015777,0.9358097840667166,0.051260697565138846
lvl_433192648155,astar,1,0.9978615495148023,0.966643562826734,0.9844765927812693,0.9978615495148023,0.9947838638340171,0.9991235140209161,0.00433965018689908
lvl_433192648155,q_learning,0,0.8958432264025054,0.8476931660310975,0.7473176060500734,0.8958432264025054,0.8655193310068107,0.9201071229626864,0.05458779195587571
lvl_964490564873,random,0,0.0023200627874701094,0.0018693003162539913,0.026320057966787512,0.0023200627874701094,0.0010741241632403586,0.004636204458245935,0.003562080295005576
lvl_964490564873,greedy,1,0.6942125444896621,0.851272798899515,0.8627464260567121,0.6942125444896621,0.6280255567304647,0.7520299788124457,0.12400442208198104
lvl_964490564873,astar,1,0.990168806154905,0.8535643022505007,0.9888258476823668,0.990168806154905,0.9769589158969655,0.9961066748196397,0.019147758922674174
lvl_964490564873,q_learning,0,0.6499115054838392,0.004220204355735588,0.28634932689124487,0.6499115054838391,0.57673984291265,0.7208547475421233,0.1441149046294733
lvl_629459950763,random,0,0.0023047986712640104,0.0012865121325810257,0.0286565912741331,0.0023047986712640125,0.0012322933188146652,0.004625335901281379,0.0033930425824667135
lvl_629459950763,greedy,1,0.6928062415433675,0.8456040696281729,0.9285893818113935,0.6928062415433677,0.6263951963887209,0.7590296805756467,0.1326344841869258
lvl_629459950763,astar,1,0.9901041909705096,0.8559948074242636,0.9902738985276575,0.9901041909705096,0.9759128795288667,0.9960034709629644,0.020090591434097638
lvl_629459950763,q_learning,1,0.648404650741613,0.00722372828167464,0.38846765744876277,0.648404650741613,0.5658974681967276,0.7238347734885928,0.15793730529186523
lvl_517267788801,random,0,7.423666398428529e-08,0.00023959058115126405,0.0,7.423666398428529e-08,9.700754316169731e-09,4.4712927793585746e-07,4.374285236196877e-07
lvl_517267788801,greedy,0,7.246883811925982e-05,0.0035441664095842906,0.0,7.246883811925969e-05,1.0899214733298581e-05,0.00043766172433388123,0.00042676250960058267
lvl_517267788801,astar,0,0.0032049321655616926,0.0038608416718403688,0.0,0.0032049321655616926,0.0006049303669806553,0.015156349013488408,0.014551418646507752
lvl_517267788801,q_learning,0,5.925986129729589e-05,0.003585367498366643,0.0,5.925986129729588e-05,8.276033567469186e-06,0.00034956237914596374,0.00034128634557849453
lvl_340369741569,random,0,3.1585143558672544e-09,0.00029692433274488466,0.0,3.1585143558672655e-09,3.83711955254928e-10,2.6276463882424864e-08,2.5892751927169936e-08
lvl_340369741569,greedy,0,3.0835131863810356e-06,0.0021492330805355318,0.0,3.0835131863810356e-06,3.8503012584208223e-07,2.405346366805691e-05,2.3668433542214828e-05
lvl_340369741569,astar,0,0.00013677853001334826,0.0031400842320628403,0.0,0.00013677853001334826,1.9022339731010907e-05,0.0009246295523678537,0.0009056072126368427
lvl_340369741569,q_learning,0,2.521445870802076e-06,0.0028124860861278916,0.0,2.5214458708020803e-06,3.341469945480551e-07,2.1375232020908306e-05,2.104108502636025e-05
lvl_534142685722,random,0,5.69171073738524e-09,0.0005416226275261741,0.0,5.6917107373852395e-09,4.806029224033739e-10,7.372447413976952e-08,7.324387121736615e-08
lvl_534142685722,greedy,0,5.556543290895129e-06,0.0027101743954619684,0.0,5.556543290895129e-06,4.425712745439343e-07,7.498019867648183e-05,7.453762740193789e-05
lvl_534142685722,astar,0,0.0002464508152299491,0.004031593666095322,0.0,0.0002464508152299491,2.3452021691599792e-05,0.0028700454966658333,0.0028465934749742337
lvl_534142685722,q_learning,0,4.543690461397337e-06,0.0033317838821779115,0.0,4.543690461397337e-06,3.644726472687594e-07,5.9761200678021434e-05,5.939672803075267e-05
lvl_229308096919,random,0,4.1505051956972794e-08,0.0001227895392870056,0.0,4.150505195697294e-08,3.651367470261767e-09,4.2649695847641775e-07,4.2284559100615597e-07
lvl_229308096919,greedy,0,4.051796970702201e-05,0.0029102905474847397,0.004545454545454545,4.051796970702201e-05,3.7509016138735648e-06,0.0004522601822902749,0.0004485092806764013
lvl_229308096919,astar,0,0.0017943843396313333,0.00395768185294705,0.0,0.0017943843396313315,0.00018866913396929226,0.016179508272383333,0.01599083913841404
lvl_229308096919,q_learning,0,3.3132520721931476e-05,0.004789824682739306,0.0,3.313252072193153e-05,2.9206154955891042e-06,0.0003542482812522515,0.0003513276657566624
lvl_208728621204,random,0,3.424421092724025e-08,0.0008930086586652515,0.0,3.424421092724025e-08,4.1159642029205676e-09,2.5654279015557555e-07,2.52426825952655e-07
lvl_208728621204,greedy,0,3.343004430620804e-05,0.004128469055293193,0.0,3.343004430620803e-05,4.614933340349067e-06,0.0002443303576421387,0.0002397154243017896
lvl_208728621204,astar,0,0.0014809418919683615,0.004003348524037389,0.0,0.001480941891968363,0.00024818125872574595,0.00834712968997115,0.008098948431245404
lvl_208728621204,q_learning,0,2.7336517911999468e-05,0.0036231227656744525,0.0,2.7336517911999515e-05,4.091048067507211e-06,0.00019077565441369613,0.00018668460634618892
lvl_042078734040,random,0,4.4989121484648624e-08,0.0001263179959185538,0.0,4.498912148464878e-08,6.032101589762953e-09,2.615429307915963e-07,2.5551082920183337e-07
lvl_042078734040,greedy,0,4.391903110408082e-05,0.0015795841185657223,0.0,4.3919031104080734e-05,6.083521827596624e-06,0.0002807115300440182,0.00027462800821642154
lvl_042078734040,astar,0,0.0019447178984630029,0.002564749900949772,0.0,0.0019447178984630029,0.00033443423089176143,0.00892224366026734,0.008587809429375579
lvl_042078734040,q_learning,0,3.591367289117246e-05,0.0018257589511605926,0.0,3.591367289117253e-05,5.29277165896931e-06,0.0002120320462052151,0.0002067392745462458
lvl_640827227732,random,0,4.146066708169676e-08,0.0006947936466949572,0.0,4.1460667081696764e-08,5.1896329976414725e-09,2.5136791777763514e-07,2.4617828477999364e-07
lvl_640827227732,greedy,0,4.04746421545275e-05,0.002830281875934207,0.0,4.047464215452743e-05,5.73460548830686e-06,0.0003016448155839539,0.000295910210095647
lvl_640827227732,astar,0,0.0017924688916046852,0.003739750247833135,0.0,0.001792468891604687,0.00030250832872758573,0.009666084250217609,0.009363575921490024
lvl_640827227732,q_learning,0,3.3097090476227766e-05,0.0037087618545316114,0.0,3.3097090476227766e-05,4.909574838523276e-06,0.000271289178045755,0.0002663796032072317
lvl_696716495314,random,0,0.003966931478862028,0.010612589080005787,0.105583889634965,0.0039669314788620316,0.0016364807003469374,0.008757389129406845,0.007120908429059908
lvl_696716495314,greedy,0,0.7954244594887394,0.7880554510517458,0.4534083954508238,0.7954244594887394,0.6659165594389429,0.8806884400103685,0.2147718805714256
lvl_696716495314,astar,1,0.9942361307810624,0.9296480274304763,0.9251830853938062,0.9942361307810624,0.9855123444439573,0.9977831595711841,0.01227081512722683
lvl_696716495314,q_learning,1,0.7607327392194266,0.9147498989672217,0.8674399067820057,0.7607327392194266,0.6335473035289114,0.8585785793273916,0.22503127579848015
lvl_897173601774,random,0,7.777021172587867e-09,0.0005728994544549135,0.0,7.777021172587867e-09,6.410185950267358e-10,9.83660295613908e-08,9.772501096636407e-08
lvl_897173601774,greedy,0,7.5923160769405196e-06,0.0027814258021222403,0.0,7.5923160769405196e-06,6.805564142300941e-07,9.657846995744748e-05,9.589791354321739e-05
lvl_897173601774,astar,0,0.00033671425940287207,0.004020332247979406,0.0,0.0003367142594028724,3.233544382886803e-05,0.003849814959471542,0.0038174795156426743
lvl_897173601774,q_learning,0,6.208382646205141e-06,0.003221895913370327,0.0,6.208382646205151e-06,5.215062840608092e-07,7.855885525177985e-05,7.803734896771905e-05
lvl_035214464152,random,0,5.4137407589198386e-08,0.0005169231885211047,0.0,5.413740758919858e-08,8.135566906000044e-09,3.677917971736489e-07,3.596562302676489e-07
lvl_035214464152,greedy,0,5.2849248820977746e-05,0.00371072635124294,0.0,5.284924882097793e-05,8.513823030609947e-06,0.00031993253571845184,0.0003114187126878419
lvl_035214464152,astar,0,0.0023392403754907746,0.003698383384389835,0.0,0.0023392403754907746,0.0004798972074819537,0.012082538664177921,0.011602641456695968
lvl_035214464152,q_learning,0,4.3216202102618e-05,0.0032779150395051424,0.0,4.321620210261815e-05,6.9347637349449805e-06,0.00025739486326553884,0.0002504600995305939
lvl_347946394180,random,0,0.010891401187159862,0.004220626221956878,0.02257274645078122,0.010891401187159862,0.0053316412582421506,0.0207777353062672,0.01544609404802505
lvl_347946394180,greedy,1,0.9148928293414899,0.9224419750519155,0.9613179133139578,0.9148928293414896,0.8816508615982824,0.9407131843245391,0.059062322726256666
lvl_347946394180,astar,1,0.9979075453872946,0.966306714882734,0.9803295963902228,0.9979075453872946,0.9949108924998781,0.9991855176938715,0.004274625193993464
lvl_347946394180,q_learning,1,0.8978589221394637,0.8469985194687575,0.7142489898869414,0.8978589221394637,0.8551247018538334,0.9290075553975944,0.073882853543761
lvl_316599955123,random,0,3.204910254459688e-08,0.0009143245549369426,0.0,3.2049102544597e-08,3.936369342518976e-09,1.6569174506669373e-07,1.6175537572417475e-07
lvl_316599955123,greedy,0,3.128719227607116e-05,0.002946143690444001,0.0,3.128719227607122e-05,4.116247286945116e-06,0.00021681121179632188,0.00021269496450937675
lvl_316599955123,astar,0,0.001386142745899266,0.003742970674273382,0.0,0.0013861427458992672,0.00022660840573880648,0.006788824312566904,0.006562215906828098
lvl_316599955123,q_learning,0,2.558424841315629e-05,0.003753714079964442,0.0,2.5584248413156383e-05,3.6490468684620526e-06,0.00016968811347991926,0.0001660390666114572
lvl_723601921872,random,0,0.002239125622279274,0.0025666607829653806,0.039015087634771295,0.002239125622279274,0.0010689915047031023,0.004529841598219007,0.0034608500935159048
lvl_723601921872,greedy,1,0.6866056857511259,0.8510631245448305,0.976328365088801,0.6866056857511259,0.6242918579390577,0.7480997711278854,0.12380791318882767
lvl_723601921872,astar,1,0.9898162412125213,0.8520594762952864,0.9929544663774699,0.9898162412125213,0.9767323424133272,0.9958217510716542,0.01908940865832698
lvl_723601921872,q_learning,0,0.6417712805200484,0.00511177260390719,0.05344871782223873,0.6417712805200483,0.5552864694082019,0.7029679511361402,0.14768148172793827
lvl_494002120934,random,0,5.266980904504512e-07,0.0004670488241776871,0.0,5.266980904504512e-07,5.8586095510724934e-08,3.1864208699330063e-06,3.127834774422281e-06
lvl_494002120934,greedy,0,0.0005139288657749068,0.0032574038396678802,0.0,0.0005139288657749073,5.347291215140714e-05,0.0029724482014986033,0.0029189752893471962
lvl_494002120934,astar,0,0.02230287208853648,0.0035943276815840384,0.0,0.022302872088536492,0.0031974898653711237,0.09617338490138345,0.09297589503601233
lvl_494002120934,q_learning,0,0.0004202882931545496,0.004367511473408469,0.0,0.0004202882931545496,4.3338848491710185e-05,0.0027817232043803475,0.0027383843558886375
lvl_854436282576,random,0,0.02677929908978904,0.003783067953822067,0.010561048087226863,0.026779299089789012,0.013798608075044962,0.047458983848418984,0.033660375773374024
lvl_854436282576,greedy,1,0.964109922811956,0.8508310757676023,0.8612445905762443,0.9641099228119557,0.9472594128730363,0.9748668205737906,0.027607407700754316
lvl_854436282576,astar,1,0.9991615959190288,0.9310383473932164,0.9989547827587695,0.9991615959190288,0.9979609203130743,0.9996506887492332,0.0016897684361589782
lvl_854436282576,q_learning,1,0.95645782979536,0.9879589855011469,0.9970285255274934,0.95645782979536,0.9381235955495419,0.9692730271646681,0.031149431615126177
lvl_966348999200,random,0,5.4874973871077944e-08,0.0001175411194866105,0.0026025584472871635,5.487497387107815e-08,5.8636017591972434e-09,4.0689923056775166e-07,4.0103562880855443e-07
lvl_966348999200,greedy,0,5.3569226738440464e-05,0.0028963730595353014,0.008161758697209065,5.3569226738440464e-05,7.0561304010372675e-06,0.000457625254109901,0.00045056912370886374
lvl_966348999200,astar,0,0.00237103454785858,0.0036867726433180343,0.0026025584472871635,0.002371034547858582,0.00035696295402493815,0.01780469688707341,0.017447733933048472
lvl_966348999200,q_learning,0,4.380495247681408e-05,0.003957778224647275,0.0026025584472871635,4.380495247681415e-05,5.482660984108354e-06,0.00036434566334775576,0.00035886300236364743
lvl_528165795810,random,0,0.0058184619290920486,0.0024117460837101206,0.04638206246689533,0.0058184619290920486,0.002565277396084951,0.012127898889524437,0.009562621493439486
lvl_528165795810,greedy,1,0.8510477311946951,0.8557705601389705,0.7419596788848741,0.851047731194695,0.7845456053363083,0.9022149567133472,0.11766935137703882
lvl_528165795810,astar,1,0.9960703575979165,0.9612443935778651,0.9870366949169536,0.9960703575979165,0.9905214307841087,0.9983962399335001,0.007874809149391426
lvl_528165795810,q_learning,1,0.823697872408247,0.9537085374798663,0.977999684458616,0.8236978724082469,0.7497523649812001,0.885143129349084,0.1353907643678839
lvl_975869613410,random,0,0.015898709441142713,0.004876911333142123,0.015637225348625078,0.0158987094411427,0.008713287568408353,0.030202346536325503,0.021489058967917148
lvl_975869613410,greedy,1,0.9403767662566405,0.850463549638032,0.7286331864158142,0.9403767662566402,0.913077519895334,0.9610932260575459,0.048015706162211846
lvl_975869613410,astar,1,0.9985728710688491,0.9241915448496816,0.9954883667132998,0.9985728710688491,0.9962288189186709,0.9994377918050869,0.0032089728864159728
lvl_975869613410,q_learning,1,0.9280422170684682,0.9832622274261851,0.9934429960586164,0.9280422170684682,0.8976051235820295,0.9523234936274415,0.054718370045412024
lvl_630568996161,random,0,1.0383480883074314e-07,0.000171707612732535,0.0,1.0383480883074314e-07,1.4482158731322757e-08,5.593465539161007e-07,5.44864395184778e-07
lvl_630568996161,greedy,0,0.00010135922550090937,0.0034722233209241167,0.0,0.0001013592255009092,1.6280756702979627e-05,0.0005718291624813928,0.0005555484057784132
lvl_630568996161,astar,0,0.004477017427957373,0.004006151071942324,0.0,0.004477017427957373,0.0009201265730135788,0.018959407194961687,0.01803928062194811
lvl_630568996161,q_learning,0,8.288480169456565e-05,0.003943065287045601,0.0,8.288480169456565e-05,1.2563963026497782e-05,0.0005040636419219444,0.0004914996788954466
lvl_499018975696,random,0,1.161019682843722e-08,0.0003529421747933722,0.0,1.1610196828437218e-08,1.575348087201261e-09,8.480086985218966e-08,8.32255217649884e-08
lvl_499018975696,greedy,0,1.13344110240849e-05,0.002401271581255408,0.0,1.133441102408492e-05,1.4822974742752373e-06,8.250466485395254e-05,8.102236737967731e-05
lvl_499018975696,astar,0,0.0005025921965088068,0.003505446656008508,0.0,0.0005025921965088072,7.94951971406503e-05,0.002787291544361881,0.0027077963472212307
lvl_499018975696,q_learning,0,9.268371863509867e-06,0.0030626890598780773,0.0,9.268371863509867e-06,1.2348349512896265e-06,6.463703048021792e-05,6.34021955289283e-05
lvl_228738804859,random,0,0.0028649070922842357,0.0013717681699516066,0.020948021965660254,0.002864907092284233,0.0014141538258799623,0.005663689036235798,0.004249535210355836
lvl_228738804859,greedy,1,0.7371825433130872,0.848582660661743,0.7846532557895372,0.737182543313087,0.6616204244950187,0.8033814245434361,0.1417610000484174
lvl_228738804859,astar,1,0.9920278977140333,0.8608317538757876,0.9808716248580192,0.9920278977140333,0.9809193508367986,0.9967293137030281,0.015809962866229488
lvl_228738804859,q_learning,0,0.6963841458195169,0.008533944609760742,0.22370201430523148,0.6963841458195168,0.6197129372224964,0.7676016661441842,0.1478887289216878
lvl_231969310254,random,0,0.002358048545581182,0.0014873020957093573,0.00239181368168142,0.002358048545581182,0.001126298131442732,0.004652073553121081,0.0035257754216783486
lvl_231969310254,greedy,0,0.6976571423509953,0.8485319880025612,0.5069659128928676,0.6976571423509954,0.6191370285717103,0.763740985720979,0.14460395714926877
lvl_231969310254,astar,1,0.9903260093115007,0.9061226877979907,0.976850276041091,0.9903260093115007,0.976277406318943,0.9960862654902555,0.019808859171312476
lvl_231969310254,q_learning,1,0.6536061339767801,0.07240914567314516,0.16775231261082582,0.6536061339767801,0.5791248975976182,0.7254933663596916,0.14636846876207343
lvl_079269196431,random,0,0.05082426496995158,0.005419281275381421,0.0669102352619625,0.05082426496995161,0.022265578905793885,0.10757731956777947,0.08531174066198557
lvl_079269196431,greedy,1,0.9812292462484512,0.8432562103772228,0.988033656775,0.9812292462484512,0.9661372626780313,0.9897993474763648,0.023662084798333427
lvl_079269196431,astar,1,0.9995689835846213,0.8541152235501064,0.982597019923725,0.9995689835846213,0.9988291899884981,0.999844979530706,0.0010157895422078234
lvl_079269196431,q_learning,1,0.9771406069802234,0.975919549614126,0.982268207609357,0.9771406069802234,0.958189083441046,0.9876353814401895,0.029446297999143445
lvl_571741088804,random,0,0.03133569913742074,0.004319622927020357,0.023397627385055443,0.03133569913742076,0.015303246627085385,0.06143198125869439,0.046128734631609006
lvl_571741088804,greedy,0,0.9693075738639462,0.8468165700844271,0.8469673019790672,0.9693075738639462,0.9493441567809882,0.982101686432625,0.03275752965163681
lvl_571741088804,astar,1,0.999286770066489,0.9104638577121127,0.9953713863285696,0.999286770066489,0.9981549213483808,0.9996982723681829,0.001543351019802075
lvl_571741088804,q_learning,1,0.9627208174398494,0.9829577164736162,0.9870685838986757,0.9627208174398494,0.9381326616003579,0.9770962065854113,0.03896354498505339
lvl_440276189946,random,0,3.103273317519029e-08,0.0006306172710336349,0.0,3.1032733175190403e-08,4.7736687075104076e-09,1.8841531788752787e-07,1.8364164918001747e-07
lvl_440276189946,greedy,0,3.029501530434261e-05,0.0037146427115617906,0.0,3.0295015304342663e-05,5.582544272615074e-06,0.00019036661373505705,0.00018478406946244197
lvl_440276189946,astar,0,0.0013422431679390643,0.0038239830929051124,0.0,0.0013422431679390643,0.0002519575681156798,0.00720492026383959,0.00695296269572391
lvl_440276189946,q_learning,0,2.4772918266678078e-05,0.003356942125914145,0.0,2.4772918266678122e-05,4.654087714878458e-06,0.00014775546755303187,0.00014310137983815341
lvl_303460729582,random,0,0.00795221301398426,0.002121458230629066,0.010836783069262949,0.007952213013984261,0.004055601524866394,0.014893133176752976,0.010837531651886582
lvl_303460729582,greedy,1,0.8866937323915598,0.8938278807420763,0.9161746494364027,0.8866937323915598,0.8443605648667604,0.9230804603001931,0.07871989543343272
lvl_303460729582,astar,1,0.9971278906542221,0.9677201972650802,0.9996842393394116,0.9971278906542221,0.9932273225471259,0.9987778235772369,0.00555050103011101
lvl_303460729582,q_learning,1,0.8648496125539077,0.8573682272591692,0.9946686926035103,0.8648496125539077,0.8195934349010348,0.9053134310571289,0.08571999615609416
lvl_860130754240,random,0,7.321584871061688e-08,0.00054732479392372,0.0,7.321584871061688e-08,1.0125289730449638e-08,4.7146293644823684e-07,4.613376467177872e-07
lvl_860130754240,greedy,0,7.147240305701684e-05,0.0032400303524371178,0.0,7.14724030570167e-05,1.2024159213577845e-05,0.0004130316305836395,0.0004010074713700617
lvl_860130754240,astar,0,0.003161001012134853,0.003263105763526394,0.0,0.003161001012134856,0.000625455129630086,0.015064610770026703,0.014439155640396616
lvl_860130754240,q_learning,0,5.844503696154668e-05,0.0028936629924797993,0.0,5.844503696154668e-05,1.0189915305405635e-05,0.00037935178486234595,0.0003691618695569403
lvl_543288272912,random,0,2.585246611316002e-09,7.781412888335922e-05,0.0,2.585246611316002e-09,1.949369487536624e-10,2.7188377430882212e-08,2.699344048212855e-08
lvl_543288272912,greedy,0,2.5238595031345476e-06,0.0015686099223686197,0.0,2.5238595031345434e-06,2.2212925559223952e-07,2.844766792608001e-05,2.8225538670487767e-05
lvl_543288272912,astar,0,0.00011195611915395405,0.003186131528804978,0.0,0.00011195611915395405,1.07181076793428e-05,0.001187613484895181,0.0011768953772158383
lvl_543288272912,q_learning,0,2.063806472944836e-06,0.0025423853202960834,0.0,2.063806472944836e-06,1.8165022448433638e-07,2.468980220385482e-05,2.4508151979370484e-05
lvl_653469299241,random,0,3.6499483727387485e-08,0.0008878322667894239,0.0,3.649948372738761e-08,4.430101012242255e-09,1.9676056557165934e-07,1.9233046455941708e-07
lvl_653469299241,greedy,0,3.563161893550245e-05,0.0028878294668426355,0.0,3.563161893550245e-05,4.987787098938133e-06,0.00024352604347262528,0.00023853825637368714
lvl_653469299241,astar,0,0.0015783205881596482,0.00367325306297392,0.0,0.0015783205881596495,0.0002566134581339401,0.0075905000809025815,0.007333886622768642
lvl_653469299241,q_learning,0,2.913680793347476e-05,0.0036862296211383184,0.0,2.9136807933474815e-05,4.10184713270348e-06,0.00021988673878311368,0.0002157848916504102
lvl_276726642983,random,0,3.263456869828998e-10,0.00042333489825064697,0.0,3.2634568698290095e-10,1.8301020215005323e-11,5.37403311807054e-09,5.355732097855535e-09
lvl_276726642983,greedy,0,3.1859725656471777e-07,0.00346675374822575,0.0,3.185972565647177e-07,1.852233319576701e-08,6.155033951277089e-06,6.136511618081323e-06
lvl_276726642983,astar,0,1.4134036900516223e-05,0.0040004753136583925,0.0,1.4134036900516223e-05,1.1068587157606938e-06,0.00026801745822000204,0.00026691059950424137
lvl_276726642983,q_learning,0,2.605227490806536e-07,0.0008183300364524767,0.0,2.6052274908065456e-07,1.3753932856284896e-08,4.868418648402723e-06,4.854664715546438e-06
lvl_528362823496,random,0,0.0035482748036081624,0.0018529503147508778,0.020870231124117355,0.0035482748036081624,0.0017699842774050573,0.007555087190995545,0.005785102913590488
lvl_528362823496,greedy,1,0.7766044178641148,0.829863887263597,0.6309077163395798,0.7766044178641147,0.6964788995909457,0.8434553422956371,0.14697644270469146
lvl_528362823496,astar,1,0.9935577488863325,0.8788352820460639,0.9842212776965577,0.9935577488863325,0.9834200306520109,0.9971417457126739,0.013721715060662998
lvl_528362823496,q_learning,1,0.7397653536834546,0.052310574288965066,0.21073311777603557,0.7397653536834546,0.6486393096996332,0.8170970909089226,0.16845778120928934
lvl_882487208707,random,0,1.0374476183993908e-08,0.00028993212378620374,0.0,1.0374476183993945e-08,9.57704362524545e-10,1.0336262662764726e-07,1.0240492226512272e-07
lvl_882487208707,greedy,0,1.0128055594274935e-05,0.003346276857813181,0.0,1.012805559427495e-05,1.113795476898956e-06,0.00010364907369261233,0.00010253527821571337
lvl_882487208707,astar,0,0.00044912328168551937,0.0043110698216574875,0.0,0.000449123281685519,6.01415455391021e-05,0.00431374285039722,0.004253601304858118
lvl_882487208707,q_learning,0,8.281909369679055e-06,0.003918137134623363,0.0,8.28190936967907e-06,9.4864789532384e-07,8.907937314829328e-05,8.813072525296944e-05
lvl_219978275129,random,0,2.1293658049740452e-07,0.00025213955642775274,0.0,2.1293658049740452e-07,2.8931991200533976e-08,1.1897508177119664e-06,1.1608188265114324e-06
lvl_219978275129,greedy,0,0.0002078377290794197,0.0036404795189763006,0.0,0.0002078377290794197,3.095021900127439e-05,0.0010517056078791082,0.0010207553888778337
lvl_219978275129,astar,0,0.0091381432176076,0.004061120180451051,0.0,0.0091381432176076,0.0017917196744500219,0.04068189650792518,0.03889017683347516
lvl_219978275129,q_learning,0,0.0001699591057413806,0.0038632793168400753,0.0,0.0001699591057413809,2.6362944906315152e-05,0.000974157418499091,0.0009477944735927758
lvl_111469151187,random,0,0.006391393602842764,0.005398245372015886,0.01846106814918968,0.006391393602842758,0.0029664801746092464,0.012337903988801465,0.009371423814192219
lvl_111469151187,greedy,1,0.8626332339036027,0.9262813384636366,0.9849300270477567,0.8626332339036025,0.8210397565101233,0.9075779744541502,0.08653821794402694
lvl_111469151187,astar,1,0.9964234094775666,0.9669310523456042,0.9957585937526522,0.9964234094775666,0.9912391751491109,0.9986882645390204,0.007449089389909513
lvl_111469151187,q_learning,1,0.8370032209984237,0.8501317926201899,0.9087242642396984,0.8370032209984236,0.7815233760923753,0.8869849247428514,0.10546154865047608
lvl_491030774983,random,0,1.1384087487086744e-08,8.018866177161232e-05,0.0,1.1384087487086744e-08,1.5106233071134767e-09,7.138683513015083e-08,6.987621182303736e-08
lvl_491030774983,greedy,0,1.1113675079984225e-05,0.0013066718822813297,0.0,1.1113675079984247e-05,1.5919418441050534e-06,6.709934195274766e-05,6.55074001086426e-05
lvl_491030774983,astar,0,0.0004928090041747593,0.0023642845486699614,0.0,0.0004928090041747593,8.171790719473905e-05,0.0027284587458326764,0.0026467408386379376
lvl_491030774983,q_learning,0,9.087871354592078e-06,0.001872362449354401,0.0,9.087871354592094e-06,1.4863020606255016e-06,6.031293043433579e-05,5.8826628373710286e-05
lvl_864671734638,random,0,1.2115349897419264e-07,0.0004305986955247375,0.0,1.2115349897419309e-07,1.552284826736308e-08,9.135499814829292e-07,8.980271332155662e-07
lvl_864671734638,greedy,0,0.0001182630138555349,0.0031554713850549697,0.0,0.0001182630138555351,1.6688906420738326e-05,0.0007739732552681624,0.000757284348847424
lvl_864671734638,astar,0,0.005219845016380264,0.0036732219779867293,0.0,0.005219845016380273,0.001010616286414424,0.026745290643182394,0.02573467435676797
lvl_864671734638,q_learning,0,9.670788827091027e-05,0.0033578346850665452,0.0,9.670788827091045e-05,1.2868835511270505e-05,0.0006621715374307128,0.0006493027019194423
lvl_410336713476,random,0,0.007206881753394714,0.0017518194598445459,0.012266287442454777,0.007206881753394714,0.0035881068843240764,0.013020804274208356,0.00943269738988428
lvl_410336713476,greedy,1,0.8763423799381052,0.8814206377868663,0.7847903641835885,0.8763423799381052,0.8433894471133662,0.9018708751210666,0.0584814280077004
lvl_410336713476,astar,1,0.9968294271951121,0.9669725845504925,0.9926538859581342,0.9968294271951121,0.9924047608643967,0.9986005317221859,0.006195770857789218
lvl_410336713476,q_learning,1,0.852833857234244,0.8491916264590775,0.9712225549450966,0.8528338572342442,0.8132370111802586,0.8856358494661337,0.07239883828587512
lvl_107812863245,random,0,5.538460493700954e-09,4.522387619332157e-05,0.0,5.538460493700954e-09,3.88526278710095e-10,5.193177122362379e-08,5.15432449449137e-08
lvl_107812863245,greedy,0,5.406933260949962e-06,0.001279369159687082,0.0,5.406933260949952e-06,4.887781908368436e-07,6.253764674676987e-05,6.204886855593303e-05
lvl_107812863245,astar,0,0.00023981667799248966,0.0027273475363086223,0.002277992277992278,0.00023981667799248925,2.031618482205833e-05,0.0025766334023374898,0.0025563172175154312
lvl_107812863245,q_learning,0,4.421351391873797e-06,0.0015083269933919606,0.0,4.421351391873797e-06,3.8027048900215017e-07,4.76860086591249e-05,4.730573817012275e-05
lvl_151510371970,random,0,0.002018658678240516,0.002950482726396729,0.032294745703021724,0.002018658678240516,0.0009475777271112289,0.004809811732608568,0.0038622340054973395
lvl_151510371970,greedy,1,0.6638335162345783,0.8659809090108125,0.8342578216911709,0.6638335162345784,0.538741971342562,0.7679814104731658,0.22923943913060385
lvl_151510371970,astar,1,0.9887141108780868,0.8541778855360309,0.9754795617156183,0.9887141108780868,0.9728446993271072,0.9957950563956776,0.022950357068570404
lvl_151510371970,q_learning,0,0.6175559269728063,0.0055239417202400595,0.12592585114700364,0.617555926972806,0.4924373916830796,0.7318016437426971,0.23936425205961748
lvl_123506377667,random,0,0.0017104535941760912,0.001404651754079139,0.011471331807781423,0.0017104535941760912,0.0008873385622669023,0.003590582788633893,0.0027032442263669907
lvl_123506377667,greedy,0,0.6258470658702954,0.8219066456052198,0.5144178664798557,0.6258470658702954,0.5523137891709498,0.7085150085710112,0.1562012194000615
lvl_123506377667,astar,1,0.9867034976856778,0.8633788637795233,0.9795311451992811,0.9867034976856778,0.9697320891432166,0.9944036936661722,0.02467160452295558
lvl_123506377667,q_learning,1,0.5776670669739445,0.025465283165840957,0.11562967375870589,0.5776670669739445,0.5007865402146572,0.6648329462606728,0.1640464060460156
lvl_182625458754,random,0,7.285050145346453e-10,0.0003330019394606626,0.0,7.285050145346479e-10,4.503810296218697e-11,1.0577494727313295e-08,1.0532456624351108e-08
lvl_182625458754,greedy,0,7.112078303797395e-07,0.002299249184142994,0.0,7.112078303797396e-07,4.397123076511353e-08,1.3173603966053421e-05,1.3129632735288308e-05
lvl_182625458754,astar,0,3.155101425350469e-05,0.0037455672310297257,0.0011403169694626982,3.155101425350469e-05,2.2558398473115767e-06,0.0005603292022232281,0.0005580733623759166
lvl_182625458754,q_learning,0,5.815675702804151e-07,0.002689598251543763,0.0,5.815675702804161e-07,3.5453034109155664e-08,9.607957639936423e-06,9.572504605827267e-06
lvl_685290984784,random,0,4.0431661580183284e-09,0.001445731199047429,0.0,4.0431661580183284e-09,2.75749252333435e-10,5.3827584687888556e-08,5.355183543555512e-08
lvl_685290984784,greedy,0,3.947154896940682e-06,0.003238857391117327,0.0,3.947154896940674e-06,2.754681623809164e-07,5.0655996379655576e-05,5.038052821727466e-05
lvl_685290984784,astar,0,0.00017508140751826905,0.003909615203667392,0.0,0.00017508140751826905,1.475731267119186e-05,0.00246774175207855,0.0024529844394073582
lvl_685290984784,q_learning,0,3.2276622091505017e-06,0.003908284714105759,0.0,3.2276622091505017e-06,2.429275342626654e-07,4.208940918794003e-05,4.184648165367736e-05
lvl_067934376757,random,0,0.0036986945133772485,0.001535346183389554,0.013630085326588354,0.0036986945133772485,0.0017408609410040998,0.007176249313084939,0.005435388372080839
lvl_067934376757,greedy,0,0.7837502414092723,0.8160427299154636,0.3598597674406878,0.7837502414092723,0.7209866597133608,0.8463916204388784,0.12540496072551754
lvl_067934376757,astar,1,0.9938190522422427,0.9572633044922235,0.9914588995355672,0.9938190522422427,0.9842998456716203,0.9974790820707995,0.013179236399179173
lvl_067934376757,q_learning,0,0.7477067419962692,0.8558130502809197,0.9914658550524559,0.7477067419962691,0.6726292311817015,0.8149318226945811,0.1423025915128796
lvl_143394408086,random,0,0.008226037373565708,0.0014919161003401533,0.015452155827971464,0.00822603737356571,0.003875160302965092,0.0152266700054943,0.011351509702529208
lvl_143394408086,greedy,0,0.8900777349356435,0.8640480079419224,0.7764184816173759,0.8900777349356435,0.8572087698924198,0.9162000728720624,0.05899130297964261
lvl_143394408086,astar,1,0.9972239948833812,0.9667357099955984,0.9933134634729593,0.9972239948833812,0.9936100786882869,0.9987907058433854,0.005180627155098483
lvl_143394408086,q_learning,1,0.868789471321067,0.8667002191480679,0.9991851186204118,0.8687894713210669,0.8257233818774664,0.8983473357705236,0.0726239538930572
lvl_928316800742,random,0,0.03846970979060321,0.004017131441855515,0.01758596752298172,0.03846970979060322,0.01903097801181253,0.07064869419260061,0.05161771618078809
lvl_928316800742,greedy,1,0.9750367709523894,0.8573935281335661,0.9058747021643598,0.9750367709523894,0.9615733113922637,0.9833951645685292,0.021821853176265504
lvl_928316800742,astar,1,0.9994232348380344,0.9172150442596435,0.993735459746144,0.9994232348380344,0.9985322771234382,0.9997744472093706,0.0012421700859324147
lvl_928316800742,q_learning,1,0.9696410216471517,0.9886866732653481,0.9889290375078096,0.9696410216471517,0.9547940112307709,0.9800322524630164,0.025238241232245495
lvl_602635041231,random,0,3.7361086099373714e-08,0.0006290702208655906,0.0,3.7361086099373714e-08,5.011201062586835e-09,2.709140999651031e-07,2.659028989025163e-07
lvl_602635041231,greedy,0,3.647270395046567e-05,0.0038712143115006694,0.0,3.6472703950465606e-05,6.458119014855736e-06,0.00025553681668745513,0.0002490786976725994
lvl_602635041231,astar,0,0.001615518042923887,0.00409702119018081,0.0,0.001615518042923887,0.00027840988339068647,0.008613643845169314,0.008335233961778626
lvl_602635041231,q_learning,0,2.982458738883138e-05,0.003633230838304122,0.0,2.982458738883138e-05,5.4135900260651895e-06,0.00017979771279941597,0.0001743841227733508
lvl_923210428895,random,0,0.0038459170444327265,0.0031714251188584394,0.08413171315139875,0.0038459170444327265,0.0015875477867492386,0.0077750829105462625,0.006187535123797024
lvl_923210428895,greedy,0,0.7903168410098923,0.823034475865984,0.5885863884205457,0.7903168410098923,0.6948117528493284,0.8598587023724874,0.16504694952315901
lvl_923210428895,astar,1,0.9940551268139844,0.9424376673376216,0.9649557556412259,0.9940551268139844,0.9847646086368178,0.9975324289584774,0.012767820321659573
lvl_923210428895,q_learning,1,0.7550257305066606,0.9547264951536716,0.9696271255175324,0.7550257305066606,0.6473792707244665,0.839038340275238,0.1916590695507715
lvl_956952281328,random,0,1.2409037738119456e-08,0.0015448615642876017,0.0,1.2409037738119456e-08,1.326063173681915e-09,9.002986814976751e-08,8.870380497608559e-08
lvl_956952281328,greedy,0,1.211426702239644e-05,0.0032046664205497904,0.0,1.2114267022396462e-05,1.6465129043500711e-06,0.00010250124272102248,0.00010085472981667241
lvl_956952281328,astar,0,0.0005371545347313711,0.0036909548487198234,0.0,0.0005371545347313706,8.055192726651049e-05,0.003263440642698753,0.0031828887154322426
lvl_956952281328,q_learning,0,9.90607693155109e-06,0.0036508478837507952,0.0,9.90607693155109e-06,1.3847292600436088e-06,9.101415691795178e-05,8.962942765790817e-05
lvl_289739879112,random,0,0.002524384479505734,0.0012842282318500152,0.011986327041383837,0.0025243844795057335,0.0012999854383278571,0.004903559344706515,0.003603573906378658
lvl_289739879112,greedy,0,0.7118725005170948,0.8388247301006098,0.7413818680603096,0.7118725005170947,0.6329736835561361,0.7752365975923262,0.14226291403619007
lvl_289739879112,astar,1,0.9909591749011081,0.8683057322447867,0.9736602705191425,0.9909591749011081,0.9786827720109937,0.9963058650879848,0.01762309307699106
lvl_289739879112,q_learning,0,0.668909733233745,0.017443801290218337,0.10798911863131727,0.668909733233745,0.5953122739964242,0.7424108968361107,0.14709862283968655
lvl_040269423661,random,0,0.0019705376578021613,0.0033141867344758085,0.04487115091225799,0.0019705376578021613,0.0010465986823293015,0.003956290460533799,0.002909691778204497
lvl_040269423661,greedy,0,0.6584174568650617,0.8181461149987126,0.618167136077499,0.6584174568650617,0.5802162838874372,0.7362223484013118,0.15600606451387466
lvl_040269423661,astar,1,0.9884411412924202,0.9212371026758867,0.9734462085656452,0.9884411412924202,0.9730976607997586,0.9955275193979223,0.02242985859816371
lvl_040269423661,q_learning,0,0.6118302538474575,0.4770859055366257,0.7624626387261628,0.6118302538474576,0.5262624445965668,0.6908488993248556,0.1645864547282888
lvl_462750427967,random,0,0.02263757152900409,0.004170699429739281,0.029578952921019884,0.022637571529004107,0.01046889582182902,0.042892878784951,0.03242398296312198
lvl_462750427967,greedy,0,0.9576486076015847,0.8264478096319742,0.6329786502924416,0.9576486076015847,0.9315691481674355,0.9749595124609233,0.04339036429348775
lvl_462750427967,astar,1,0.9990041392623714,0.9020741826106564,0.9774372844906545,0.9990041392623714,0.9973871142067852,0.9996282710014417,0.002241156794656529
lvl_462750427967,q_learning,1,0.9486922164509433,0.9757259000588013,0.9868479067567069,0.9486922164509435,0.9160665823871761,0.9689489256919064,0.052882343304730295
lvl_574660732522,random,0,3.9515602067118666e-08,0.0011461684855026467,0.0,3.9515602067118666e-08,5.622678469536957e-09,2.90969904119198e-07,2.853472256496611e-07
lvl_574660732522,greedy,0,3.857590819377461e-05,0.0038611995830080377,0.0,3.857590819377468e-05,6.584250362263186e-06,0.0002541834330245252,0.00024759918266226204
lvl_574660732522,astar,0,0.0017085215698028208,0.0038649126070095965,0.0,0.0017085215698028225,0.00034909670499948974,0.010654457555977272,0.010305360850977783
lvl_574660732522,q_learning,0,3.154443903234272e-05,0.003599292407906481,0.0,3.154443903234272e-05,5.503836823385933e-06,0.00019832836309883507,0.00019282452627544913
lvl_134850666058,random,0,8.714371337402322e-08,0.00023344552504036355,0.0,8.714371337402353e-08,1.3571692774034278e-08,5.119378034274235e-07,4.983661106533892e-07
lvl_134850666058,greedy,0,8.506745631584067e-05,0.002933520532835799,0.0,8.506745631584067e-05,1.5166119342592918e-05,0.00048794829360137903,0.0004727821742587861
lvl_134850666058,astar,0,0.0037600578912832926,0.0032931362593146647,0.0,0.003760057891283289,0.0008375948459745725,0.02041149362187525,0.019573898775900676
lvl_134850666058,q_learning,0,6.95622749039998e-05,0.0028655414109619703,0.0,6.956227490399994e-05,1.2952374428976325e-05,0.00036006377029072203,0.0003471113958617457
lvl_332223293480,random,0,0.007883778906368754,0.0014951118385477195,0.021218697575325164,0.00788377890636876,0.003745111633554958,0.01428361652042647,0.010538504886871513
lvl_332223293480,greedy,1,0.8858155134595151,0.8584614566829305,0.7427631192895844,0.8858155134595151,0.8545894554907358,0.9098996658691176,0.0553102103783818
lvl_332223293480,astar,1,0.9971028326487585,0.9659952750642661,0.9935021785124402,0.9971028326487585,0.9928980285988334,0.9986837936248365,0.005785765026003142
lvl_332223293480,q_learning,1,0.8638280847443144,0.8736532854270552,0.9908820013661203,0.8638280847443144,0.8250913787990473,0.8956316266670604,0.07054024786801316
lvl_396146294208,random,0,3.665163961341961e-09,0.0004383794343833825,0.0,3.665163961341961e-09,2.2703999190251567e-10,4.790858496929616e-08,4.7681544977393644e-08
lvl_396146294208,greedy,0,3.578130268683481e-06,0.003546841867638759,0.0,3.5781302686834868e-06,2.806706866645778e-07,5.5155526764217366e-05,5.487485607755279e-05
lvl_396146294208,astar,0,0.00015871535914690777,0.004123310827389646,0.0,0.00015871535914690777,1.4176675476439449e-05,0.0018570282968500811,0.0018428516213736417
lvl_396146294208,q_learning,0,2.9259036881824e-06,0.0011524056023446024,0.0,2.9259036881824006e-06,2.232814548999411e-07,4.454354175417901e-05,4.432026029927907e-05
lvl_523364805028,random,0,6.68025400060694e-10,0.0003280997546802924,0.0,6.68025400060694e-10,4.046298459156352e-11,1.1720450636850567e-08,1.1679987652259003e-08
lvl_523364805028,greedy,0,6.521642459007551e-07,0.0023445372145057936,0.0,6.521642459007551e-07,3.599143116709995e-08,1.3590861482785795e-05,1.3554870051618695e-05
lvl_523364805028,astar,0,2.8931762588619918e-05,0.003877249804935803,0.0,2.8931762588619918e-05,2.221877400345619e-06,0.00043549835330466784,0.0004332764759043222
lvl_523364805028,q_learning,0,5.332865522975838e-07,0.0027337112813268154,0.0,5.332865522975839e-07,3.069772055947734e-08,9.471550188447515e-06,9.440852467888037e-06
lvl_912170255695,random,0,0.04273482680813062,0.005012899413176758,0.027187200293039584,0.04273482680813058,0.02109500003541405,0.08231997561930975,0.0612249755838957
lvl_912170255695,greedy,1,0.977569767257292,0.8456601305228281,0.9910045599612485,0.977569767257292,0.9609921935299036,0.9880961218858337,0.027103928355930118
lvl_912170255695,astar,1,0.9994830705544391,0.8669177271828685,0.9918329738594077,0.9994830705544391,0.9985954227381386,0.9998103821172147,0.0012149593790761193
lvl_912170255695,q_learning,1,0.9727061937660756,0.9773028883655601,0.9784528771824083,0.9727061937660756,0.9536100130130656,0.9845044644959182,0.030894451482852636
lvl_686221595099,random,0,0.004706652284155517,0.0018412785410694891,0.018044769971576047,0.004706652284155517,0.0025568202391314005,0.008770587821724062,0.006213767582592662
lvl_686221595099,greedy,0,0.8219573744493252,0.8581351799128012,0.6958705793004247,0.8219573744493249,0.7757049737518249,0.8657236423022137,0.09001866855038876
lvl_686221595099,astar,1,0.9951411978968124,0.963833481541364,0.9908722298146267,0.9951411978968124,0.9882283226239155,0.998009974519867,0.009781651895951482
lvl_686221595099,q_learning,1,0.7905804701429648,0.8732886425545305,0.9923012033985692,0.790580470142965,0.7418415720679743,0.844660610249997,0.10281903818202265
lvl_126920825170,random,0,3.354006441969751e-09,6.064661330730859e-05,0.0,3.354006441969751e-09,2.5028194127825114e-10,3.3157860452836645e-08,3.290757851155839e-08
lvl_126920825170,greedy,0,3.274362549607305e-06,0.0013603665217470308,0.0,3.274362549607299e-06,3.13322827480556e-07,3.6338161568288686e-05,3.602483874080813e-05
lvl_126920825170,astar,0,0.0001452430274235264,0.0028399337658508578,0.0,0.00014524302742352643,1.4976127365343185e-05,0.0015511742635296408,0.0015361981361642976
lvl_126920825170,q_learning,0,2.677507024746559e-06,0.002042389860339434,0.0,2.677507024746559e-06,2.5514699301056785e-07,2.828492500933678e-05,2.802977801632621e-05
lvl_770585833985,random,0,0.0021591500509234767,0.002149315143875046,0.02875316997443037,0.0021591500509234767,0.0010567577343299605,0.004383604645914039,0.0033268469115840787
lvl_770585833985,greedy,1,0.6787093968050617,0.852420625596554,0.9639460416257235,0.6787093968050617,0.6213594856559651,0.7298099896767988,0.10845050402083367
lvl_770585833985,astar,1,0.989442176638685,0.8533098726373053,0.9901422002586018,0.989442176638685,0.9757871400902524,0.9955703175537731,0.019783177463520762
lvl_770585833985,q_learning,0,0.6333485819221181,0.004494337852708475,0.06547363559159586,0.6333485819221182,0.5575111113539001,0.6909787724049182,0.13346766105101815
lvl_388148407680,random,0,0.020781595744901855,0.0048513667230997235,0.023183542428487545,0.02078159574490184,0.009875007607578385,0.038158310242931134,0.02828330263535275
lvl_388148407680,greedy,0,0.9539568413676431,0.843734085125072,0.8120442055222146,0.9539568413676431,0.9236941089377162,0.9730597638400647,0.049365654902348455
lvl_388148407680,astar,1,0.9989132392059917,0.9127781660861901,0.9904013106223402,0.9989132392059917,0.9969930671494035,0.9995789840113606,0.0025859168619570827
lvl_388148407680,q_learning,1,0.9442651606778844,0.9791499430739367,0.9890843725751922,0.9442651606778842,0.9089837737187831,0.9663577515362561,0.057373977817473
lvl_695024478457,random,0,3.12474922207968e-08,0.0005418733063383207,0.0,3.12474922207968e-08,3.818917035815484e-09,2.4555859559702945e-07,2.4173967856121395e-07
lvl_695024478457,greedy,0,3.0504662655502605e-05,0.003717197565699724,0.0,3.050466265550255e-05,4.363028687097381e-06,0.00020831474148465216,0.00020395171279755477
lvl_695024478457,astar,0,0.0013515194789111551,0.003718610062988316,0.0,0.0013515194789111573,0.000240772376718054,0.00782730071136829,0.007586528334650236
lvl_695024478457,q_learning,0,2.494435259413141e-05,0.003295851857211464,0.0,2.494435259413141e-05,4.156048675884765e-06,0.0001809602534145646,0.00017680420473867984
lvl_431805946521,random,0,0.010303763246749158,0.0038191357101115056,0.04173723500015665,0.01030376324674915,0.005012009256337617,0.01847762625041476,0.013465616994077141
lvl_431805946521,greedy,1,0.9104251665471286,0.9226461837372395,0.9898605653131718,0.9104251665471284,0.8799914441574679,0.9343112769990328,0.05431983284156494
lvl_431805946521,astar,1,0.9977871627265749,0.9685037890581294,0.9916437501172657,0.9977871627265749,0.9947029221445143,0.9991250349601004,0.004422112815586132
lvl_431805946521,q_learning,1,0.8926020393893118,0.850523845968237,0.9352063629866278,0.8926020393893118,0.8582319693534703,0.9190560521153174,0.06082408276184703
lvl_326963759969,random,0,0.008490731926648317,0.0014530981340046766,0.009289555510211127,0.008490731926648318,0.004297807404052804,0.015132996945606304,0.0108351895415535
lvl_326963759969,greedy,0,0.8931637919863159,0.8623862273862336,0.801987533282249,0.8931637919863159,0.8642874747540317,0.9153425432544857,0.05105506850045405
lvl_326963759969,astar,1,0.9973110186851577,0.9667925223100515,0.9997337838951619,0.9973110186851577,0.9937306562020027,0.9988150968448651,0.005084440642862398
lvl_326963759969,q_learning,1,0.872387505586431,0.8695563731834272,0.9974400171445617,0.872387505586431,0.8404613847841856,0.8988297636629438,0.05836837887875812
lvl_790581439577,random,0,5.361628025590905e-08,0.00039732189352313305,0.0,5.361628025590905e-08,6.303255075260063e-09,2.8293809879654475e-07,2.766348437212847e-07
lvl_790581439577,greedy,0,5.234054791920758e-05,0.0025791841881566383,0.0,5.234054791920759e-05,6.843163234917084e-06,0.00038391779472123425,0.00037707463148631715
lvl_790581439577,astar,0,0.0023167749865493897,0.0036750684826368993,0.0,0.0023167749865493892,0.00039326660026960374,0.01045072074433946,0.010057454144069857
lvl_790581439577,q_learning,0,4.280022020660547e-05,0.003041525140381886,0.0,4.2800220206605544e-05,5.503417645341904e-06,0.00032369854590651826,0.0003181951282611764
lvl_048713563463,random,0,0.044216609028902495,0.0045039356876110485,0.015339706493573092,0.04421660902890246,0.020168249377868624,0.0856194411968081,0.06545119181893948
lvl_048713563463,greedy,1,0.978337993939227,0.8510357694571318,0.9980233946202379,0.978337993939227,0.9637468783831872,0.9873235958374244,0.023576717454237173
lvl_048713563463,astar,1,0.9995011581675604,0.8890528606513172,0.9952701241160462,0.9995011581675604,0.9986058198252317,0.9998216098090958,0.0012157899838641795
lvl_048713563463,q_learning,1,0.973636503659251,0.9845189105141273,0.9963205585513901,0.973636503659251,0.9560108984629128,0.9847622241912093,0.02875132572829653
lvl_361524909696,random,0,4.306666272823277e-08,0.0002018062630000332,0.0,4.306666272823277e-08,3.941040835603959e-09,3.425203515930383e-07,3.385793107574343e-07
lvl_361524909696,greedy,0,4.2042377881588564e-05,0.004180331205492149,0.0,4.204237788158864e-05,5.364581873452175e-06,0.00036897619534234606,0.00036361161346889386
lvl_361524909696,astar,0,0.001861771632867798,0.0049535190695578915,0.0,0.001861771632867798,0.0002651525106081178,0.01606888928949326,0.01580373677888514
lvl_361524909696,q_learning,0,3.437907559297088e-05,0.004534993651362995,0.0,3.437907559297088e-05,4.486060356440091e-06,0.00027478776903438465,0.00027030170867794453
lvl_883831602893,random,0,0.009638379298951328,0.0036407502613516485,0.018655857339352135,0.00963837929895133,0.004814452584687682,0.017085124571908042,0.01227067198722036
lvl_883831602893,greedy,1,0.9047720029951294,0.9202777498326905,0.9850233255931622,0.9047720029951294,0.8792002575213708,0.926995353967408,0.04779509644603719
lvl_883831602893,astar,1,0.9976331747727646,0.9680928880031194,0.9988747969463894,0.9976331747727646,0.9942404059877424,0.9990054578294627,0.004765051841720269
lvl_883831602893,q_learning,0,0.885964930338986,0.8488347754622244,0.9784434374652711,0.885964930338986,0.8558623994563621,0.9110800868048147,0.05521768734845256
lvl_650083457414,random,0,0.0069635669265774285,0.0018489388305267273,0.009763270678337035,0.0069635669265774285,0.0033410304370600236,0.013101122516903574,0.00976009207984355
lvl_650083457414,greedy,1,0.8725449762460729,0.8884884162177459,0.8117919608793746,0.8725449762460729,0.8257057292811529,0.9031908549843213,0.07748512570316834
lvl_650083457414,astar,1,0.99671820583967,0.9681383897119202,0.9905571920135493,0.99671820583967,0.9918216507714904,0.998570247746397,0.0067485969749065955
lvl_650083457414,q_learning,1,0.8484393843453647,0.8479225794625782,0.972713456509767,0.8484393843453648,0.7954027212597987,0.88589353428284,0.0904908130230413
lvl_465030648226,random,0,0.01103074030966624,0.0015876877476540747,0.018860392064367574,0.01103074030966624,0.005042091280404685,0.020749638989626645,0.01570754770922196
lvl_465030648226,greedy,1,0.9158883106328928,0.8693422878426733,0.8236088354613252,0.9158883106328928,0.8862053892771523,0.9375927930777697,0.05138740380061735
lvl_465030648226,astar,1,0.9979342128927166,0.9679035533550736,0.9953907093046431,0.9979342128927166,0.995013160684265,0.9991038210183059,0.004090660334040819
lvl_465030648226,q_learning,1,0.8990316570523313,0.8753420019327327,0.9940915390202321,0.8990316570523313,0.8610482285708948,0.924789740463635,0.06374151189274024
lvl_749110581933,random,0,3.102563691754603e-08,0.0013435899302754258,0.0,3.102563691754614e-08,3.926450171271093e-09,1.69958892847724e-07,1.660324426764529e-07
lvl_749110581933,greedy,0,3.0288087950312254e-05,0.0032248751823010942,0.0,3.028808795031226e-05,4.142214415289037e-06,0.00020939858217978384,0.0002052563677644948
lvl_749110581933,astar,0,0.0013419366489558508,0.0038897764081372342,0.0,0.0013419366489558508,0.00023306555142101933,0.006527747770653887,0.006294682219232867
lvl_749110581933,q_learning,0,2.4767253581549553e-05,0.003896146796330994,0.0,2.4767253581549597e-05,3.489301196859558e-06,0.00018780137762276043,0.00018431207642590088
lvl_808579837257,random,0,0.002423651240585539,0.0018282037867951148,0.017614504704516983,0.002423651240585539,0.001129439148838584,0.004806360575432524,0.0036769214265939395
lvl_808579837257,greedy,0,0.7034274085890353,0.8539961649203601,0.46061574600134586,0.7034274085890353,0.6294859399837724,0.7678317393427494,0.13834579935897695
lvl_808579837257,astar,1,0.9905860101252245,0.9171835727387395,0.988635348217533,0.9905860101252245,0.9770195057503969,0.9961337627053892,0.01911425695499236
lvl_808579837257,q_learning,1,0.6598071674224171,0.13206476308858348,0.41906030583407,0.6598071674224172,0.5836670468823062,0.730782254096203,0.14711520721389681
lvl_457101503502,random,0,0.03883233304149298,0.004406072546526034,0.016648129405099597,0.03883233304149299,0.018984385007613597,0.07145533029493421,0.05247094528732062
lvl_457101503502,greedy,1,0.9752732138381738,0.8491865346561841,0.9788779684155672,0.9752732138381738,0.9613050739447073,0.9843585449657757,0.02305347102106836
lvl_457101503502,astar,1,0.9994288330596639,0.8931784423732438,0.9934975093466857,0.9994288330596639,0.9985286005873651,0.9997820361013451,0.0012534355139799391
lvl_457101503502,q_learning,1,0.9699269948849938,0.9853824328782754,0.996258305183697,0.9699269948849938,0.9548247506480175,0.9805885544997498,0.02576380385173227
lvl_883128485273,random,0,1.4382151708273908e-07,0.0006470528930963793,0.0,1.4382151708273908e-07,2.106549389101373e-08,8.691680506041975e-07,8.481025567131838e-07
lvl_883128485273,greedy,0,0.00014038711427140122,0.003893433199445505,0.0,0.00014038711427140143,2.4150921094275784e-05,0.0007621783479793216,0.0007380274268850459
lvl_883128485273,astar,0,0.006190440866908429,0.004095682314639033,0.0,0.006190440866908435,0.0013195928680583408,0.026533279880737393,0.02521368701267905
lvl_883128485273,q_learning,0,0.00011480001796181011,0.0037675979269645656,0.0,0.00011480001796181011,1.8302771368233873e-05,0.0006716136473794935,0.0006533108760112596
lvl_789904099584,random,0,0.01028621984662643,0.004418112199812935,0.019151241352543077,0.010286219846626421,0.00514069589609706,0.01834313340200204,0.01320243750590498
lvl_789904099584,greedy,1,0.9102846526504816,0.9248904289896028,0.9837787822578933,0.9102846526504815,0.8806661850586949,0.9341815212130612,0.05351533615436632
lvl_789904099584,astar,1,0.9977833578394136,0.9667050737710526,0.9850525687302298,0.9977833578394136,0.9945886584041781,0.9990940589191871,0.004505400515009028
lvl_789904099584,q_learning,0,0.8924368699910762,0.848191270481767,0.7856091281950693,0.8924368699910762,0.8621480717603394,0.9173037161330231,0.05515564437268372
lvl_341283881092,random,0,1.2975667312802016e-08,0.0001676858833226246,0.0,1.2975667312802064e-08,1.5552167930819196e-09,9.033165852483094e-08,8.877644173174902e-08
lvl_341283881092,greedy,0,1.2667429584342055e-05,0.0018291246755358015,0.0,1.2667429584342055e-05,1.8301553212906857e-06,9.525790252441509e-05,9.34277472031244e-05
lvl_341283881092,astar,0,0.0005616686592068705,0.00286238868819404,0.0,0.0005616686592068709,9.859507312070056e-05,0.003169949664817803,0.0030713545916971024
lvl_341283881092,q_learning,0,1.0358409997760026e-05,0.002659916785928387,0.0,1.0358409997760045e-05,1.4897088592479132e-06,7.582355588764311e-05,7.43338470283952e-05
lvl_382455032316,random,0,1.1712910429908508e-07,0.0002937299003762644,0.0,1.1712910429908508e-07,1.853977559552533e-08,7.454654111905301e-07,7.269256355950048e-07
lvl_382455032316,greedy,0,0.00011433508204431616,0.003018119902906619,0.0,0.00011433508204431594,2.1353391491442478e-05,0.0006816718765452556,0.0006603184850538131
lvl_382455032316,astar,0,0.005047330881295397,0.0033090563724908176,0.0,0.005047330881295406,0.0010558045404480865,0.022783507613378894,0.021727703072930808
lvl_382455032316,q_learning,0,9.34958112630368e-05,0.0031144791133915824,0.0,9.34958112630368e-05,1.5642574407969984e-05,0.0005961139667106838,0.0005804713923027139
lvl_126254169722,random,0,0.006723473397564641,0.003436690351704834,0.022490569953625,0.006723473397564641,0.003372015564599219,0.013635971718124714,0.010263956153525496
lvl_126254169722,greedy,1,0.8685640841403113,0.9185558218127468,0.9694377007383361,0.8685640841403113,0.8260920652198822,0.9112404816979738,0.08514841647809157
lvl_126254169722,astar,1,0.9966005931827276,0.9723781500410108,0.9931141216288021,0.9966005931827276,0.9917307372734032,0.9987241006453005,0.006993363371897265
lvl_126254169722,q_learning,1,0.8438403333803727,0.8511527929941041,0.9812505435712282,0.8438403333803729,0.791293263225674,0.8909233811796955,0.09963011795402155
lvl_174174428688,random,0,1.9596061508893552e-08,0.00013387987964876675,0.0,1.9596061508893555e-08,2.630811920423638e-09,1.2514733975624702e-07,1.2251652783582338e-07
lvl_174174428688,greedy,0,1.913043241715396e-05,0.0016138469428687047,0.0,1.913043241715396e-05,2.9343821478948267e-06,0.00013100849554288491,0.0001280741133949901
lvl_174174428688,astar,0,0.000847998037209051,0.002710306640643408,0.0,0.000847998037209051,0.00014757124600389552,0.0042770713449550605,0.004129500098951165
lvl_174174428688,q_learning,0,1.564335483720671e-05,0.0023499337320152447,0.0,1.5643354837206705e-05,2.4558333251845265e-06,9.949327220456469e-05,9.703743887938017e-05
lvl_274048763772,random,0,4.639544672319163e-09,0.00010789150053274255,0.0,4.639544672319163e-09,3.882881238373283e-10,4.73384539236519e-08,4.695016579981457e-08
lvl_274048763772,greedy,0,4.529368842632436e-06,0.001732305358374023,0.0,4.529368842632444e-06,4.688424365004244e-07,4.806745454240854e-05,4.7598612105908115e-05
lvl_274048763772,astar,0,0.00020090122521623042,0.0030989992741941633,0.0,0.0002009012252162308,2.2191520486307714e-05,0.002095273446963352,0.0020730819264770444
lvl_274048763772,q_learning,0,3.703749809135051e-06,0.0027054982951381468,0.0,3.703749809135051e-06,3.670740626659263e-07,4.017296353679274e-05,3.9805889474126815e-05
lvl_161059492547,random,0,2.3233672761429435e-08,0.0009476843366844334,0.0,2.3233672761429517e-08,3.0954280079585927e-09,1.3545104172909716e-07,1.3235561372113857e-07
lvl_161059492547,greedy,0,2.268152861192176e-05,0.002565885426476342,0.0,2.268152861192176e-05,3.126906660763355e-06,0.00015990062119490577,0.0001567737145341424
lvl_161059492547,astar,0,0.0010052534316199364,0.0031061291767585163,0.0,0.0010052534316199373,0.00017699734296270817,0.005224969577492633,0.0050479722345299245
lvl_161059492547,q_learning,0,1.8547172497860292e-05,0.0030665709461215,0.0,1.8547172497860323e-05,3.078664175229819e-06,0.00014479924025802372,0.0001417205760827939
lvl_961675626501,random,0,3.892695230351095e-09,0.0003900815521353739,0.0,3.892695230351108e-09,2.634580237372239e-10,5.3630448248241185e-08,5.336699022450396e-08
lvl_961675626501,greedy,0,3.800257692870012e-06,0.002945137045173684,0.0,3.8002576928700186e-06,2.995295505937137e-07,5.562058276817126e-05,5.532105321757754e-05
lvl_961675626501,astar,0,0.00016856665644248155,0.0035304025317258857,0.0,0.00016856665644248185,1.6500322232928127e-05,0.0021253911685131777,0.0021088908462802494
lvl_961675626501,q_learning,0,3.1075415412187294e-06,0.001079789383680928,0.0,3.1075415412187405e-06,2.4806978505212406e-07,4.806068345903418e-05,4.7812613673982055e-05
lvl_068297429000,random,0,3.0106692758301904e-09,0.0006997122807783508,0.0,3.010669275830201e-09,2.4438986497504653e-10,3.1792126598379786e-08,3.154773673340474e-08
lvl_068297429000,greedy,0,2.939179216696249e-06,0.002176078961079959,0.0,2.939179216696249e-06,2.2919143579818108e-07,4.0014148459912603e-05,3.978495702411442e-05
lvl_068297429000,astar,0,0.00013037697725390267,0.003046485165829105,0.0,0.00013037697725390288,1.2273445231812346e-05,0.0015153242117680586,0.0015030507665362463
lvl_068297429000,q_learning,0,2.4034212460121845e-06,0.0031551318406917244,0.0,2.4034212460121887e-06,1.9498714853809891e-07,3.215014235527224e-05,3.195515520673414e-05
lvl_711296331705,random,0,0.04169025874831221,0.004174340576097598,0.033302093828827053,0.04169025874831218,0.020184403302569705,0.07696884620032371,0.056784442897754
lvl_711296331705,greedy,1,0.9769961839021444,0.8526158594064571,0.9248191088402041,0.9769961839021444,0.9611791458207775,0.9856023676884068,0.024423221867629352
lvl_711296331705,astar,1,0.999469547626607,0.9100354991681153,0.9886094416723281,0.999469547626607,0.9986395463838503,0.9997807121277913,0.001141165743940964
lvl_711296331705,q_learning,1,0.9720118004464143,0.9874310825035686,0.9831824525474413,0.9720118004464143,0.9553207332026207,0.9820744792090599,0.026753746006439205
lvl_564000643020,random,0,0.005388813830863168,0.002964010329234874,0.021762622136231955,0.005388813830863168,0.002682615512059699,0.010435401523259736,0.007752786011200037
lvl_564000643020,greedy,1,0.8410016201406385,0.7827000809302889,0.5197829249092559,0.8410016201406385,0.7775093742726494,0.8950076074297049,0.11749823315705543
lvl_564000643020,astar,1,0.9957565523344114,0.9087118003534504,0.9698366154554326,0.9957565523344114,0.9891149144552229,0.9982963399869146,0.009181425531691656
lvl_564000643020,q_learning,1,0.81221416464467,0.9726050068242635,0.9524003748520737,0.8122141646446699,0.7410362406668528,0.8723984112726069,0.13136217060575406
lvl_187412654067,random,0,3.085778612355277e-08,0.0009688182651045643,0.0,3.085778612355288e-08,4.224482891655374e-09,2.0778818550419394e-07,2.0356370261253856e-07
lvl_187412654067,greedy,0,3.012423227723098e-05,0.004176710041136279,0.0,3.012423227723098e-05,4.648553299750091e-06,0.00019836717856268487,0.00019371862526293478
lvl_187412654067,astar,0,0.001334686370486233,0.004164277641450886,0.0,0.001334686370486233,0.00027208603413213174,0.0067824205989543505,0.006510334564822219
lvl_187412654067,q_learning,0,2.4633264361198086e-05,0.003846007984097735,0.0,2.463326436119813e-05,4.072006257187192e-06,0.00015650734262619097,0.00015243533636900378
lvl_265137842911,random,0,3.215841035637768e-08,0.00025492476630527305,0.0,3.215841035637768e-08,4.794509917020678e-09,1.735653278403031e-07,1.6877081792328242e-07
lvl_265137842911,greedy,0,3.1393898142939045e-05,0.0021179912084444094,0.0,3.1393898142939045e-05,4.399538010792646e-06,0.0002072136181248905,0.00020281408011409786
lvl_265137842911,astar,0,0.0013908637984337477,0.003190340539885923,0.0,0.0013908637984337477,0.00027316997545697434,0.006028035255610958,0.005754865280153984
lvl_265137842911,q_learning,0,2.5671504725693554e-05,0.0032350521455997774,0.0,2.5671504725693554e-05,3.914434158228087e-06,0.000163004664057591,0.00015909022989936292
lvl_654349085415,random,0,0.0023340514626310786,0.002260847621786873,0.030444678065267395,0.002334051462631077,0.0011951671014548385,0.0047338042655014415,0.003538637164046603
lvl_654349085415,greedy,1,0.6954901169665556,0.8554466222321411,0.9685892383876735,0.6954901169665553,0.6174142773618099,0.7688270077866494,0.1514127304248395
lvl_654349085415,astar,1,0.9902272873269848,0.8511517460573601,0.9876147174148293,0.9902272873269848,0.9755452960838131,0.9958031409985284,0.020257844914715273
lvl_654349085415,q_learning,0,0.651281192358193,0.0049531389073690455,0.11355321655129942,0.651281192358193,0.5632420141336048,0.7313843363316886,0.1681423221980839
lvl_888770081289,random,0,0.0022057027290585344,0.0012171318786906376,0.02510089769894456,0.0022057027290585327,0.0010146435690254368,0.0044353994496419205,0.0034207558806164835
lvl_888770081289,greedy,1,0.683353263101663,0.8529370738052118,0.8968205197476625,0.683353263101663,0.6100170577565346,0.7406866443227359,0.1306695865662013
lvl_888770081289,astar,1,0.9896631796621833,0.8577726806254548,0.979722011478168,0.9896631796621833,0.9731426270806071,0.9953890203675649,0.022246393286957877
lvl_888770081289,q_learning,0,0.638298679107858,0.00466273120411828,0.1487017007069231,0.638298679107858,0.5505947623797303,0.7054107544862586,0.1548159921065283
lvl_622482291479,random,0,1.1310565698374609e-07,8.95515675873695e-05,0.0,1.1310565698374609e-07,1.6786493946561334e-08,6.960019207984809e-07,6.792154268519195e-07
lvl_622482291479,greedy,0,0.00011040804406652661,0.001768073779391805,0.0,0.00011040804406652661,1.9647690002596445e-05,0.0005921790211241743,0.0005725313311215779
lvl_622482291479,astar,0,0.004874797534339965,0.0026784762582675384,0.0,0.004874797534339965,0.0009492917480510302,0.02243519498272815,0.021485903234677122
lvl_622482291479,q_learning,0,9.028446978806003e-05,0.003116632900141533,0.0,9.028446978806018e-05,1.607777243236874e-05,0.0005278242218644087,0.00051174644943204
lvl_535117537394,random,0,1.4304002766274214e-07,0.00039834984186108024,0.0,1.4304002766274214e-07,2.0753120029683445e-08,8.325925434922972e-07,8.118394234626137e-07
lvl_535117537394,greedy,0,0.00013962439292006942,0.0035826674040825564,0.0,0.00013962439292006967,2.4655394348206196e-05,0.0007116156809132822,0.000686960286565076
lvl_535117537394,astar,0,0.0061570106913482504,0.003683046012089295,0.0,0.006157010691348256,0.0013794433277326218,0.025538410606515405,0.02415896727878278
lvl_535117537394,q_learning,0,0.0001141762950949033,0.003416180119617086,0.0,0.0001141762950949033,1.7906035840984614e-05,0.0006516154200149164,0.0006337093841739318
lvl_031156440702,random,0,1.7391885601851188e-08,0.00023726124169685866,0.0,1.7391885601851188e-08,2.039339923609228e-09,1.0994857357306247e-07,1.0790923364945324e-07
lvl_031156440702,greedy,0,1.697866722685333e-05,0.002353654479040727,0.0,1.697866722685333e-05,2.3612385161798623e-06,0.00011474630542406241,0.00011238506690788256
lvl_031156440702,astar,0,0.0007526865379911167,0.003631773073495099,0.0,0.0007526865379911174,0.00011869464456226124,0.004062421041807701,0.0039437263972454395
lvl_031156440702,q_learning,0,1.3883805975917234e-05,0.0037479373027348222,0.0,1.3883805975917234e-05,1.9685533897834317e-06,9.451374523118023e-05,9.25451918413968e-05
lvl_820267055290,random,0,0.002482480592737901,0.0037058694500054093,0.06294660433848907,0.0024824805927378987,0.0010947224923719382,0.005315368876752723,0.004220646384380786
lvl_820267055290,greedy,1,0.7084183546549756,0.8362527013510325,0.9422019681854026,0.7084183546549755,0.6096437897483616,0.791974377577662,0.18233058782930034
lvl_820267055290,astar,1,0.9908075873457676,0.8393837586738716,0.9732533728671263,0.9908075873457676,0.9774809201459297,0.9964227990476401,0.018941878901710396
lvl_820267055290,q_learning,1,0.6651827831892199,0.007179910222227237,0.10488856975265468,0.6651827831892196,0.5578122876319866,0.7557632089722885,0.1979509213403019
lvl_519732009518,random,0,0.002577423221134147,0.001602595327521552,0.02036204498574613,0.0025774232211341476,0.0013397625638310064,0.005065519166677796,0.003725756602846789
lvl_519732009518,greedy,1,0.7161292817301006,0.8465098525331436,0.7326128636694921,0.7161292817301006,0.6434497477534142,0.7829165356348396,0.1394667878814254
lvl_519732009518,astar,1,0.9911440379142802,0.8917033929258597,0.9920741947366256,0.9911440379142802,0.9788882113544075,0.9963026458105805,0.017414434456172967
lvl_519732009518,q_learning,1,0.6735101347300486,0.048036966466117395,0.31795085442786597,0.6735101347300485,0.5979453281167886,0.7485071922941343,0.15056186417734574
lvl_009968430176,random,0,0.03643315220554987,0.004329447032963522,0.02014614577972168,0.03643315220554991,0.017811975281474383,0.06862636330301321,0.05081438802153883
lvl_009968430176,greedy,1,0.9736238140157149,0.8498674519850954,0.9600297044880834,0.9736238140157149,0.9584340227692102,0.9831096355537,0.02467561278448982
lvl_009968430176,astar,1,0.9993897251120463,0.895075546430408,0.9924251950099172,0.9993897251120463,0.9983736435799244,0.9997702396337668,0.0013965960538423472
lvl_009968430176,q_learning,1,0.9679327013866662,0.9857981712357328,0.9970972713245798,0.9679327013866662,0.9509387087024571,0.9795578486186681,0.02861913991621101
lvl_786869205839,random,0,0.018480377797433965,0.004462569889406436,0.025128571186117797,0.01848037779743395,0.009744102927483808,0.0364671680415624,0.02672306511407859
lvl_786869205839,greedy,1,0.9484038657753656,0.8516877837771031,0.773129478429206,0.9484038657753656,0.9237286878118437,0.9682702386641017,0.04454155085225797
lvl_786869205839,astar,1,0.9987752106142941,0.9271740260002095,0.9940770632063536,0.9987752106142941,0.9969869414616875,0.9995407415314987,0.0025538000698112073
lvl_786869205839,q_learning,1,0.9376197649659644,0.9765527312103534,0.9929175223079406,0.9376197649659642,0.9081635622594154,0.9600759360590643,0.05191237379964886
lvl_402707381574,random,0,0.009944177029763166,0.002953142045579986,0.00682160510829392,0.009944177029763157,0.004962948644669806,0.017622249547749862,0.012659300903080057
lvl_402707381574,greedy,0,0.9074552551015279,0.9120248793687146,0.9153759426553884,0.9074552551015279,0.8776943467966176,0.9288628587997535,0.05116851200313588
lvl_402707381574,astar,1,0.9977064978358949,0.9689420350827268,0.995841440400586,0.9977064978358949,0.9945088577318519,0.9990351701349894,0.0045263124031375
lvl_402707381574,q_learning,1,0.8891131649006376,0.8478861184975023,0.9806044013604249,0.8891131649006375,0.852726329291111,0.9140251979320401,0.06129886864092904
lvl_994019313352,random,0,0.006148486366082505,0.0013619119770567035,0.012949400615538837,0.0061484863660825,0.0030818603945530834,0.011187563683610752,0.008105703289057669
lvl_994019313352,greedy,1,0.8579472675682156,0.8354039642475752,0.6359470874291799,0.8579472675682155,0.8149396844203556,0.8915877397886225,0.07664805536826691
lvl_994019313352,astar,1,0.9962817295643777,0.962573822979915,0.9942158419773696,0.9962817295643777,0.9910910347074144,0.9984188342117932,0.007327799504378785
lvl_994019313352,q_learning,1,0.8316136089556678,0.9098043168589524,0.9932269486084006,0.8316136089556678,0.7869493765901393,0.8717976813771812,0.08484830478704186
lvl_187876458236,random,0,2.0250426852357618e-08,0.0008188856358819625,0.0,2.0250426852357618e-08,2.503992321191612e-09,1.3111072420635887e-07,1.2860673188516726e-07
lvl_187876458236,greedy,0,1.976923653348147e-05,0.0025392313697217258,0.0,1.9769236533481505e-05,2.847063557160057e-06,0.00013138787718286552,0.00012854081362570548
lvl_187876458236,astar,0,0.0008762901653990039,0.003149151464406049,0.0,0.0008762901653990033,0.00014901897612438876,0.005032601752117531,0.004883582775993142
lvl_187876458236,q_learning,0,1.6165720210663272e-05,0.0030681977549975254,0.0,1.6165720210663275e-05,2.3707590154609463e-06,0.00011613375177512981,0.00011376299275966886
lvl_508345411885,random,0,0.0016070525445433957,0.001156720121093236,0.012963339154662268,0.0016070525445433957,0.0007737400592702143,0.0031805830557235988,0.0024068429964533844
lvl_508345411885,greedy,1,0.6111101369034029,0.8373102877327048,0.7310266419779328,0.6111101369034029,0.5400328735211477,0.6850387561207603,0.14500588259961256
lvl_508345411885,astar,1,0.9858586266888336,0.8472276737028622,0.9806406970752316,0.9858586266888336,0.9654582948619352,0.9945845534311487,0.02912625856921347
lvl_508345411885,q_learning,0,0.562359460075664,0.005528853024690539,0.11184758958660714,0.5623594600756638,0.4841661969552176,0.6412289825486035,0.15706278559338588
lvl_818749418892,random,0,0.020449517432700792,0.0047631102894208155,0.013582145206576149,0.020449517432700775,0.009083240452907742,0.039995838407471125,0.030912597954563383
lvl_818749418892,greedy,1,0.953228994135754,0.8389241660315437,0.8062395411715502,0.953228994135754,0.9218187451980383,0.9731453833457404,0.05132663814770211
lvl_818749418892,astar,1,0.998895236748824,0.923651969318449,0.9916921176283169,0.998895236748824,0.9970610211110813,0.9995695060841665,0.002508484973085201
lvl_818749418892,q_learning,1,0.94339319904457,0.9863957489205111,0.974833697027736,0.94339319904457,0.9069593879874297,0.967532381903635,0.0605729939162053
lvl_716805505247,random,0,0.010788439815860716,0.003843779835860869,0.027078333754466912,0.010788439815860716,0.0058354961837374835,0.019422379492819757,0.013586883309082275
lvl_716805505247,greedy,1,0.9141421549735442,0.925389017664884,0.9417722751112201,0.9141421549735442,0.8790516183461726,0.9420787442181026,0.06302712587192993
lvl_716805505247,astar,1,0.9978873984385139,0.9697940888448634,0.9941100934770702,0.9978873984385139,0.9943857333217054,0.9991647043310719,0.004778971009366417
lvl_716805505247,q_learning,1,0.8969749217935175,0.8491095521943274,0.9894020930909204,0.8969749217935175,0.8553663172340229,0.9242878957087655,0.06892157847474256
lvl_573843301756,random,0,0.002257741211340473,0.0017748731725135466,0.02343194364472738,0.002257741211340473,0.0010527500969272495,0.0045281146519677296,0.00347536455504048
lvl_573843301756,greedy,1,0.6883884785006831,0.8538359487768524,0.956186570766197,0.6883884785006831,0.634802196628954,0.743732270386807,0.10893007375785302
lvl_573843301756,astar,1,0.9898995470400365,0.8547762596955175,0.9888658522157068,0.9898995470400365,0.9759242832046024,0.9957927562624969,0.01986847305789441
lvl_573843301756,q_learning,0,0.6436767604698977,0.004037420946480456,0.14447818829579326,0.6436767604698976,0.577182695982309,0.6989551739317806,0.12177247794947166
lvl_190635499684,random,0,0.0024733828339846674,0.0011171539939620824,0.01066172633333957,0.0024733828339846653,0.0011294000808148102,0.00493370672425675,0.0038043066434419394
lvl_190635499684,greedy,1,0.7076574927613769,0.8483981250453938,0.6944969666969227,0.7076574927613767,0.6436363460852701,0.7633716036435073,0.11973525755823722
lvl_190635499684,astar,1,0.9907740037915166,0.8643994285767098,0.9852548676885732,0.9907740037915166,0.9773184730396065,0.9962115834476695,0.018893110408062963
lvl_190635499684,q_learning,0,0.6643625535288776,0.006937962908293918,0.1406209409785978,0.6643625535288776,0.596967276089246,0.724067667802522,0.12710039171327592
lvl_711696269499,random,0,0.02458403899181353,0.003911519058503814,0.014677492831155206,0.024584038991813554,0.011769610155420293,0.05007092295774928,0.038301312802328985
lvl_711696269499,greedy,0,0.9609454996183907,0.83816950228164,0.7478387331264633,0.9609454996183907,0.937149182706586,0.9759156398727545,0.038766457166168555
lvl_711696269499,astar,1,0.9990847400356538,0.9099730388608762,0.9976456179662435,0.9990847400356538,0.9977521464822424,0.9996194683786657,0.0018673218964232463
lvl_711696269499,q_learning,1,0.9526518568320308,0.9744980318988463,0.9953306384219563,0.9526518568320308,0.9247768284569806,0.9703599704911964,0.04558314203421576
lvl_310207234230,random,0,1.0626790634265229e-07,0.00020959690065435518,0.0,1.0626790634265267e-07,1.6725959316269656e-08,6.237093062704506e-07,6.069833469541809e-07
lvl_310207234230,greedy,0,0.00010373406805885999,0.002819640319377118,0.0,0.00010373406805885999,1.911417758011527e-05,0.0005849912846468289,0.0005658771070667136
lvl_310207234230,astar,0,0.004581444021292723,0.0031639988262413842,0.0,0.004581444021292723,0.0010163736445879528,0.021247059048525828,0.020230685403937874
lvl_310207234230,q_learning,0,8.482682597065184e-05,0.002875340198484883,0.0,8.482682597065199e-05,1.563787056044623e-05,0.00048366498493113017,0.0004680271143706839
lvl_812851648952,random,0,7.307697827568258e-08,0.0004567540722879476,0.0,7.307697827568258e-08,9.278095819107485e-09,5.263894001805362e-07,5.171113043614288e-07
lvl_812851648952,greedy,0,7.133684912229712e-05,0.0043943559493805,0.0,7.1336849122297e-05,1.0261577951189706e-05,0.0004257534570544997,0.00041549187910331
lvl_812851648952,astar,0,0.0031550243736702954,0.00443813113898436,0.0,0.003155024373670298,0.0005729316821072507,0.01690638001607079,0.016333448333963538
lvl_812851648952,q_learning,0,5.833418917405882e-05,0.003964555548058979,0.0,5.833418917405882e-05,9.223441030597625e-06,0.0003505127497585538,0.00034128930872795617
lvl_727668161646,random,0,2.6108987936929995e-09,0.00020149083331118744,0.0,2.6108987936930086e-09,1.93780817086715e-10,3.2650789782610574e-08,3.245700896552386e-08
lvl_727668161646,greedy,0,2.548902506433205e-06,0.0026765524376731777,0.004068965517241379,2.5489025064332055e-06,2.1615553974143797e-07,3.1961044530709294e-05,3.1744888990967855e-05
lvl_727668161646,astar,0,0.00011306688130050733,0.0039398135192665815,0.001823238566131026,0.00011306688130050733,1.0856579936873227e-05,0.0014053243943504923,0.001394467814413619
lvl_727668161646,q_learning,0,2.084284608220944e-06,0.001821456552494794,0.0,2.084284608220948e-06,1.857442950891552e-07,2.4258387728967267e-05,2.407264343387811e-05
lvl_169694696189,random,0,1.6065003106629192e-09,0.0015813288656714908,0.0,1.6065003106629194e-09,1.0100707411443224e-10,1.9607487405422134e-08,1.9506480331307703e-08
lvl_169694696189,greedy,0,1.568355192235337e-06,0.0036812064645269844,0.0,1.5683551922353373e-06,1.34983852806285e-07,2.4384548788296923e-05,2.4249564935490638e-05
lvl_169694696189,astar,0,6.957369671808658e-05,0.004404412764297805,0.0,6.957369671808646e-05,5.2571708264412644e-06,0.0007152192666420174,0.0007099620958155761
lvl_169694696189,q_learning,0,1.2824727485178008e-06,0.004474910228407322,0.0,1.2824727485178031e-06,9.534237515481776e-08,2.0505794071642277e-05,2.041045169648746e-05
lvl_599315119170,random,0,0.010439183985492052,0.005836503222339684,0.03817218420413399,0.010439183985492052,0.004431718108961852,0.02436840492432856,0.01993668681536671
lvl_599315119170,greedy,0,0.9114953473922592,0.8360871903521011,0.7795026119553079,0.9114953473922592,0.8423808618180908,0.9540038193520228,0.11162295753393203
lvl_599315119170,astar,1,0.9978161039372604,0.8697896181907463,0.9639257021585433,0.9978161039372604,0.9946134097232249,0.9991867994237635,0.004573389700538666
lvl_599315119170,q_learning,1,0.8938603342069954,0.8913061625672667,0.9820250443715395,0.8938603342069954,0.8192163703317106,0.9412344585964414,0.12201808826473082
lvl_958312909637,random,0,1.244910907304838e-07,0.0003943498008619307,0.0,1.2449109073048337e-07,1.8557937805700664e-08,8.103023725439339e-07,7.917444347382332e-07
lvl_958312909637,greedy,0,0.00012152058170754722,0.004108640971255668,0.0,0.00012152058170754722,2.044276144805007e-05,0.0006484637398029012,0.0006280209783548511
lvl_958312909637,astar,0,0.005362872527601034,0.004235625454100039,0.0,0.005362872527601039,0.0011108969475799146,0.02419938816318658,0.023088491215606667
lvl_958312909637,q_learning,0,9.937177680239768e-05,0.0038586993628271205,0.0,9.93717768023975e-05,1.7105928569305784e-05,0.0005291088601783519,0.0005120029316090461
lvl_035227225323,random,0,6.430255437218326e-08,7.355970246043519e-05,0.0,6.430255437218326e-08,7.2206707501312106e-09,4.998122468540091e-07,4.925915761038779e-07
lvl_035227225323,greedy,0,6.277190134084496e-05,0.002026613524841523,0.008679423155320016,6.277190134084496e-05,7.774668840571884e-06,0.0006230956310681647,0.0006153209622275928
lvl_035227225323,astar,0,0.002777249598923662,0.0030721405470571727,0.008679423155320016,0.002777249598923664,0.0004016523927810542,0.023950897607607206,0.023549245214826153
lvl_035227225323,q_learning,0,5.133030538592204e-05,0.005558865534069466,0.008679423155320016,5.133030538592204e-05,6.475624792075028e-06,0.00044530757733657404,0.000438831952544499
lvl_416291425581,random,0,0.00982103199640819,0.0040051949534110984,0.013545099158108224,0.009821031996408179,0.004644215716737012,0.017733059786075905,0.013088844069338893
lvl_416291425581,greedy,1,0.9063929033176397,0.92315778994493,0.9896543991672235,0.9063929033176397,0.874632971285614,0.9286309927932076,0.053998021507593585
lvl_416291425581,astar,1,0.9976775184330154,0.9679866686296184,0.9964120526908576,0.9976775184330154,0.9941394346693851,0.9990197887237074,0.0048803540543223
lvl_416291425581,q_learning,1,0.8878662763386495,0.8474971929162648,0.9295089849599274,0.8878662763386495,0.8558631111851731,0.9134114442617742,0.05754833307660112
lvl_452616777862,random,0,0.007485792521863249,0.00174401674458627,0.027187166310408805,0.007485792521863242,0.0032974033872743705,0.015419446417270699,0.012122043029996327
lvl_452616777862,greedy,1,0.8804282409259178,0.8362701912406296,0.7458586707285653,0.8804282409259176,0.8201395312066744,0.922863845108192,0.1027243139015176
lvl_452616777862,astar,1,0.996948052952417,0.9602191274003744,0.9968623920743632,0.996948052952417,0.9916554429593275,0.9987020054278455,0.007046562468517981
lvl_452616777862,q_learning,1,0.8575702351157622,0.878170011755604,0.9910132118211997,0.8575702351157622,0.7880506851255278,0.9050714983348119,0.11702081320928415
lvl_353447905322,random,0,0.010712711075419377,0.0016233631856294485,0.014947194552636855,0.010712711075419367,0.004987076233533402,0.021767870307672094,0.016780794074138693
lvl_353447905322,greedy,0,0.9135816241520875,0.8573989857618034,0.7466856179183045,0.9135816241520875,0.8628029131846165,0.9419967771850072,0.07919386400039063
lvl_353447905322,astar,1,0.997872333591118,0.9672273121094127,0.9860899266091157,0.997872333591118,0.9945343005807478,0.9990601192067923,0.004525818626044509
lvl_353447905322,q_learning,1,0.8963150253495064,0.9085395342155761,0.9827548957674448,0.8963150253495064,0.8440025814150796,0.930122078150641,0.08611949673556141
lvl_802111977704,random,0,1.3698598713178405e-08,0.0005192602800187433,0.0,1.3698598713178405e-08,1.9324290446430926e-09,9.149132355778547e-08,8.955889451314237e-08
lvl_802111977704,greedy,0,1.3373178278874755e-05,0.0021590319619478257,0.0,1.3373178278874755e-05,2.279322243296409e-06,9.832830517369634e-05,9.604898293039993e-05
lvl_802111977704,astar,0,0.000592943131864388,0.0027328272368497422,0.0,0.0005929431318643885,9.777071896426092e-05,0.002909670456228871,0.00281189973726461
lvl_802111977704,q_learning,0,1.0935516197978977e-05,0.0026658961028648434,0.0,1.0935516197978996e-05,1.5962486728222954e-06,7.741735222453805e-05,7.582110355171575e-05
lvl_274661990275,random,0,1.3230071917773587e-08,0.0018298644498139656,0.0,1.3230071917773587e-08,1.8365770976681e-09,8.759279151363865e-08,8.575621441597055e-08
lvl_274661990275,greedy,0,1.2915787588694624e-05,0.003569598400385839,0.0,1.2915787588694624e-05,2.159548793145314e-06,8.412966029330215e-05,8.197011150015683e-05
lvl_274661990275,astar,0,0.0005726745875895232,0.004025836549376708,0.0,0.0005726745875895232,0.00010670597063710234,0.00300416389601092,0.002897457925373818
lvl_274661990275,q_learning,0,1.0561497772978446e-05,0.0039724686504947326,0.0,1.0561497772978428e-05,1.8793632217473821e-06,7.566792300629916e-05,7.378855978455178e-05
lvl_166981382411,random,0,0.0017389603395787411,0.0014015879170480767,0.01670372870501785,0.0017389603395787398,0.0009437028216956135,0.00363750275974666,0.0026937999380510468
lvl_166981382411,greedy,0,0.6297160357124816,0.8198762861266539,0.6440066932072563,0.6297160357124815,0.5454355447978609,0.7204209252012832,0.17498538040342226
lvl_166981382411,astar,1,0.9869189843274713,0.8466619146762789,0.9784822729420657,0.9869189843274713,0.9696001926327236,0.9951024610021072,0.02550226836938363
lvl_166981382411,q_learning,0,0.581701257335652,0.013189278835065116,0.0923277677568529,0.5817012573356516,0.49821837001624664,0.6699545307536889,0.1717361607374423
lvl_969187683958,random,0,0.00030174683010578563,0.0013560758910605125,0.06061983724527535,0.00030174683010578563,0.0001298497231930472,0.0006295216921310066,0.0004996719689379593
lvl_969187683958,greedy,0,0.2276032720271484,0.630827468842233,0.20252931830102858,0.22760327202714828,0.13841714469581495,0.3425533818168925,0.20413623712107754
lvl_969187683958,astar,1,0.928940882189476,0.8195816013064834,0.6754946277950122,0.928940882189476,0.8305584878680435,0.9715756022026086,0.1410171143345651
lvl_969187683958,q_learning,0,0.19417107078212748,0.2171093181783365,0.21884114102167682,0.1941710707821273,0.11809210241415524,0.3043606914086232,0.18626858899446797
lvl_386618153286,random,0,3.1513009881689043e-09,0.001399914713533662,0.0,3.1513009881689043e-09,2.178717574396055e-10,4.140715216913271e-08,4.118928041169311e-08
lvl_386618153286,greedy,0,3.076471126870863e-06,0.0028038723096216714,0.0,3.0764711268708686e-06,2.6019291593429e-07,5.139138927266723e-05,5.113119635673294e-05
lvl_386618153286,astar,0,0.00013646619988594695,0.0034480076720215117,0.0,0.00013646619988594717,1.1576274702489357e-05,0.0014706741246930317,0.0014590978499905423
lvl_386618153286,q_learning,0,2.51568744502019e-06,0.0035724693168966326,0.0,2.51568744502019e-06,2.0296722660873565e-07,4.5857451372519044e-05,4.5654484145910306e-05
lvl_597696048026,random,0,0.030084676396644187,0.004136167966765655,0.02583404268645093,0.030084676396644177,0.014825146467135803,0.05349059308048006,0.038665446613344256
lvl_597696048026,greedy,1,0.9680321117917613,0.8535206711779121,0.8895911873285456,0.9680321117917611,0.9529284931919102,0.9785790393212529,0.0256505461293427
lvl_597696048026,astar,1,0.9992561748896505,0.9203994450524704,0.9981970730805348,0.9992561748896505,0.9980767891051737,0.9996832547640889,0.0016064656589152015
lvl_597696048026,q_learning,1,0.9611825960555184,0.9888621524307641,0.9925919079520833,0.9611825960555184,0.9434913282534466,0.9737930458652274,0.0303017176117808
lvl_603773845634,random,0,0.0055564475857375496,0.002314236703440506,0.02819854554705986,0.0055564475857375496,0.0026973301161965792,0.012169052784855075,0.009471722668658495
lvl_603773845634,greedy,1,0.8450772998446519,0.8447533332044744,0.6444142490131666,0.8450772998446519,0.7743334600839952,0.8959891104091445,0.12165565032514936
lvl_603773845634,astar,1,0.9958847378158453,0.9592350955035279,0.991501648610661,0.9958847378158453,0.9901840823161552,0.9983053145758441,0.00812123225968897
lvl_603773845634,q_learning,1,0.8168670798307593,0.9227406164170872,0.9947136938246219,0.8168670798307593,0.742347282345404,0.8659563027437563,0.12360902039835231
lvl_758075218725,random,0,1.7044901889496293e-08,0.0002455998600183963,0.0,1.7044901889496293e-08,2.1323820066636064e-09,1.1009157247651493e-07,1.0795919046985132e-07
lvl_758075218725,greedy,0,1.6639933222427013e-05,0.0019339704295252289,0.0,1.6639933222427044e-05,2.644751872872577e-06,0.0001192417117798853,0.00011659695990701272
lvl_758075218725,astar,0,0.0007376808439835069,0.0027786491319021682,0.0,0.0007376808439835062,0.0001332142965052394,0.003659241568895341,0.003526027272390102
lvl_758075218725,q_learning,0,1.3606815361942431e-05,0.0027221941129931863,0.0,1.3606815361942455e-05,2.0985448544971526e-06,0.00010877705502513083,0.00010667851017063368
lvl_581327935889,random,0,4.1724137894640546e-09,0.00043494909671672725,0.0,4.1724137894640546e-09,2.8172560888509123e-10,5.1608614142076104e-08,5.132688853319101e-08
lvl_581327935889,greedy,0,4.073332829164066e-06,0.0026077524203367993,0.0,4.073332829164066e-06,3.4626381651138635e-07,5.446659629590748e-05,5.412033247939609e-05
lvl_581327935889,astar,0,0.00018067721237100917,0.003488074381836409,0.0,0.0001806772123710092,1.756114408198622e-05,0.002310809643290648,0.0022932484992086617
lvl_581327935889,q_learning,0,3.3308403352915265e-06,0.0019242583757464083,0.0,3.3308403352915325e-06,2.8382525861021585e-07,4.6169144707520466e-05,4.588531944891025e-05
lvl_651921244005,random,0,0.03187600105412092,0.004007472685711334,0.007908518277608943,0.03187600105412089,0.01610958255509024,0.0555194042272535,0.03940982167216327
lvl_651921244005,greedy,1,0.9698284392718383,0.8554700321832207,0.7809085417910845,0.9698284392718383,0.9567074428334933,0.9790475119338864,0.0223400691003931
lvl_651921244005,astar,1,0.9992992417333255,0.921511817688934,0.991537052851755,0.9992992417333255,0.9981842104369889,0.9997093000554181,0.0015250896184292317
lvl_651921244005,q_learning,1,0.9633492367469698,0.9891674862358927,0.9776030787454575,0.9633492367469698,0.9483274079877372,0.9740410006184633,0.025713592630726145
lvl_453595469755,random,0,0.02004417198900875,0.004210584651797674,0.013027936123287244,0.020044171989008753,0.009692514489418888,0.037221657460600105,0.02752914297118122
lvl_453595469755,greedy,1,0.952309465701443,0.8495513236635491,0.6825127243286099,0.952309465701443,0.9215754392517017,0.9712669628011568,0.04969152354945505
lvl_453595469755,astar,1,0.9988724548662641,0.9094358313742728,0.9845126471425169,0.9988724548662641,0.9970613839202966,0.9995349492225876,0.0024735653022909254
lvl_453595469755,q_learning,1,0.9422920034383078,0.9692036742599849,0.9954648964484939,0.9422920034383078,0.9098223547088359,0.964428614731058,0.05460626002222213
lvl_954607503306,random,0,1.0370084424224021e-07,0.00036835308184391216,0.0,1.0370084424224021e-07,1.47926639322836e-08,6.315428294326714e-07,6.167501655003877e-07
lvl_954607503306,greedy,0,0.00010122846806069669,0.0037465652257315683,0.0,0.00010122846806069669,1.6371630256041834e-05,0.0005699603613191228,0.000553588731063081
lvl_954607503306,astar,0,0.004471267138908039,0.0039016720463673727,0.0,0.004471267138908039,0.0008344571835256778,0.020198448808649565,0.019363991625123887
lvl_954607503306,q_learning,0,8.277787502427257e-05,0.0035880290087035075,0.0,8.277787502427271e-05,1.3459447566399562e-05,0.00045209659937237414,0.00043863715180597455
lvl_505862294663,random,0,0.017893458658078353,0.007007954450210537,0.06733430830008037,0.017893458658078336,0.006841032307033763,0.04495775180167885,0.03811671949464509
lvl_505862294663,greedy,0,0.9467713879897552,0.8122513719026679,0.8453675016944899,0.9467713879897552,0.8951481165173963,0.9730794270535342,0.07793131053613789
lvl_505862294663,astar,1,0.9987343319793754,0.8025790551455403,0.9739598132381281,0.9987343319793754,0.9963085660119619,0.9995685921367622,0.0032600261248002527
lvl_505862294663,q_learning,1,0.9356692272842778,0.8194450598987598,0.9838461456251298,0.9356692272842778,0.8764308099959824,0.969430732347188,0.09299992235120558
lvl_357212908349,random,0,2.9361866713633383e-08,0.0010582482377568473,0.0,2.9361866713633383e-08,3.7105949896300226e-09,1.680030939045225e-07,1.6429249891489247e-07
lvl_357212908349,greedy,0,2.8663915804074773e-05,0.0030176948308737713,0.0,2.8663915804074827e-05,3.940805756692289e-06,0.00020988780629674426,0.00020594700054005197
lvl_357212908349,astar,0,0.0012700658074226504,0.0037430571413918814,0.0,0.0012700658074226514,0.00020485196751659384,0.00703275675007233,0.0068279047825557364
lvl_357212908349,q_learning,0,2.3439124395847624e-05,0.0037462455411791974,0.0,2.3439124395847624e-05,3.2712660085473856e-06,0.00019029359778669288,0.0001870223317781455
lvl_068591052593,random,0,0.030301150772695407,0.004171481065586515,0.027472142399844728,0.030301150772695407,0.01489621228033668,0.05393255567013392,0.03903634338979724
lvl_068591052593,greedy,1,0.968260103755226,0.8538281096914014,0.8816925331316984,0.968260103755226,0.9539342007054993,0.9786270079866842,0.024692807281184947
lvl_068591052593,astar,1,0.9992616496310351,0.9209215255014638,0.9968353367959114,0.9992616496310351,0.998128152742806,0.9996812892335362,0.0015531364907301892
lvl_068591052593,q_learning,1,0.9614574931368646,0.9888808785606866,0.9860448245574068,0.9614574931368646,0.9441548934311469,0.9739533605482829,0.029798467117135963
lvl_897227193014,random,0,4.745707185184823e-10,0.00020270215364724288,0.0,4.745707185184841e-10,2.5142213742021226e-11,8.806191144888466e-09,8.781048931146444e-09
lvl_897227193014,greedy,0,4.633029120351495e-07,0.0025663819402512796,0.005159563699143233,4.633029120351495e-07,2.6589588446210594e-08,9.642211130768046e-06,9.615621542321836e-06
lvl_897227193014,astar,0,2.055353343390918e-05,0.0034570684782172767,0.0,2.055353343390918e-05,1.47970981023439e-06,0.00042522611759135176,0.0004237464077811174
lvl_897227193014,q_learning,0,3.7885119534827965e-07,0.0007376639936804422,0.0,3.7885119534828097e-07,2.0189922900243636e-08,6.835687723651554e-06,6.8154978007513105e-06
lvl_223928537463,random,0,4.1047728774616567e-10,0.00024729928870886343,0.0,4.1047728774616567e-10,2.435611004743231e-11,6.467602845438313e-09,6.4432467353908806e-09
lvl_223928537463,greedy,0,4.007312866208305e-07,0.0027373456861458562,0.004545454545454545,4.007312866208319e-07,2.336668799208025e-08,7.68398652810586e-06,7.66061984011378e-06
lvl_223928537463,astar,0,1.7777713093542873e-05,0.004271184789409502,0.0,1.7777713093542873e-05,1.2705070626289287e-06,0.0003664163930690927,0.00036514588600646377
lvl_223928537463,q_learning,0,3.2768523847883035e-07,0.0016706203483102728,0.0,3.276852384788303e-07,1.7582937170393068e-08,5.648560432779474e-06,5.63097749560908e-06
lvl_256907033260,random,0,0.0007043399951297044,0.004008084450379887,0.08079188702394774,0.0007043399951297044,0.0003148736654497426,0.0014241091607142512,0.0011092354952645085
lvl_256907033260,greedy,0,0.4076186345366359,0.679161469010572,0.23394575176116122,0.4076186345366359,0.30667019959997965,0.5281489059497181,0.22147870634973843
lvl_256907033260,astar,1,0.968281064163604,0.8832598950540554,0.833920645865706,0.968281064163604,0.9219247530546386,0.9877085445260293,0.06578379147139068
lvl_256907033260,q_learning,0,0.3600709382212904,0.7360286914721578,0.3782207927578818,0.3600709382212905,0.25497629338170813,0.47425913161576805,0.21928283823405992
lvl_624985660185,random,0,2.8865069802504467e-09,0.0014824953177093984,0.0,2.8865069802504467e-09,2.10901042896756e-10,3.433922144872435e-08,3.412832040582759e-08
lvl_624985660185,greedy,0,2.8179655668697904e-06,0.0031912768307279043,0.0,2.817965566869791e-06,2.2184091209458315e-07,4.231917498661087e-05,4.209733407451628e-05
lvl_624985660185,astar,0,0.00012500080343695415,0.0038551010262644963,0.0,0.0001250008034369544,8.9478110905608e-06,0.0014551075848849107,0.0014461597737943498
lvl_624985660185,q_learning,0,2.3043025501227946e-06,0.0039076810688479235,0.0,2.3043025501227904e-06,1.8568544870929707e-07,3.309358908416021e-05,3.290790363545091e-05
lvl_964535365025,random,0,0.04087954357042292,0.0042639968727977255,0.0432775872718092,0.04087954357042292,0.020364210787769142,0.07676098621676325,0.05639677542899411
lvl_964535365025,greedy,1,0.9765313022361722,0.8502472731667855,0.8561049887119385,0.9765313022361722,0.9631566960165081,0.9851558612905248,0.021999165274016685
lvl_964535365025,astar,1,0.9994585760874191,0.9014660547286848,0.9842894259643897,0.9994585760874191,0.9986602149675822,0.9997903557986445,0.0011301408310623318
lvl_964535365025,q_learning,1,0.9714491335177177,0.9868706528850251,0.9865778692086639,0.9714491335177177,0.954381752232446,0.9818840462143885,0.027502293981942483
lvl_156543025666,random,0,2.948893993237586e-08,0.00020031047935961625,0.0,2.9488939932375752e-08,2.4004307511945497e-09,2.875385515207784e-07,2.8513812076958384e-07
lvl_156543025666,greedy,0,2.8787964841153103e-05,0.004017392302587097,0.0,2.8787964841153056e-05,2.9445249745598906e-06,0.0003074573429966553,0.00030451281802209543
lvl_156543025666,astar,0,0.0012755554274415843,0.004849911677652829,0.0,0.0012755554274415843,0.0001386980297920561,0.013580930303485549,0.013442232273693493
lvl_156543025666,q_learning,0,2.3540562597415362e-05,0.004604073837612216,0.0,2.3540562597415318e-05,2.3034760152995866e-06,0.0002687648202535519,0.0002664613442382523
lvl_613951422382,random,0,2.635868240751227e-09,0.0008421174322493507,0.0,2.6358682407512363e-09,2.0073611839214184e-10,3.464017794868414e-08,3.4439441830291996e-08
lvl_613951422382,greedy,0,2.5732789865698196e-06,0.0026373570089205703,0.0,2.573278986569829e-06,2.273737776670056e-07,3.7067655805720366e-05,3.684028202805336e-05
lvl_613951422382,astar,0,0.000114148078034781,0.0036296949882629135,0.0,0.000114148078034781,1.0798617505217623e-05,0.0013408929950024173,0.0013300943774971997
lvl_613951422382,q_learning,0,2.1042177151385438e-06,0.003874227598846433,0.0,2.1042177151385476e-06,1.8211530652939004e-07,3.646922347552731e-05,3.6287108168997915e-05
